Date,Product_ID,Product_Name,Quantity sold,GDP,Inflation,Campaign_Active,Promotion_Active,Holiday,Special_Event,Temperature,Precipitation
01-01-2023,1,Floral Sundress,67,1790.326723,1.82414293,0,1,1,0,63.08900487,0.643662945
01-01-2023,2,Evening Gown,92,1790.326723,1.82414293,0,1,1,0,63.08900487,0.643662945
01-01-2023,3,Business Casual Dress,94,1790.326723,1.82414293,0,1,1,0,63.08900487,0.643662945
01-01-2023,4,Sequin Party Dress,97,1790.326723,1.82414293,0,1,1,0,63.08900487,0.643662945
01-01-2023,5,Summer Maxi Dress,63,1790.326723,1.82414293,0,1,1,0,63.08900487,0.643662945
01-01-2023,6,Bridal Gown,55,1790.326723,1.82414293,0,1,1,0,63.08900487,0.643662945
01-01-2023,7,Traditional Ethnic Dress,13,1790.326723,1.82414293,0,1,1,0,63.08900487,0.643662945
01-01-2023,8,Maternity Nursing Dress,34,1790.326723,1.82414293,0,1,1,0,63.08900487,0.643662945
01-01-2023,9,Sporty Athleisure Dress,97,1790.326723,1.82414293,0,1,1,0,63.08900487,0.643662945
01-01-2023,10,Customizable Dress,34,1790.326723,1.82414293,0,1,1,0,63.08900487,0.643662945
02-01-2023,1,Floral Sundress,36,1661.466657,1.313032004,0,0,0,0,89.01370412,0.464105407
02-01-2023,2,Evening Gown,75,1661.466657,1.313032004,0,0,0,0,89.01370412,0.464105407
02-01-2023,3,Business Casual Dress,32,1661.466657,1.313032004,0,0,0,0,89.01370412,0.464105407
02-01-2023,4,Sequin Party Dress,79,1661.466657,1.313032004,0,0,0,0,89.01370412,0.464105407
02-01-2023,5,Summer Maxi Dress,69,1661.466657,1.313032004,0,0,0,0,89.01370412,0.464105407
02-01-2023,6,Bridal Gown,83,1661.466657,1.313032004,0,0,0,0,89.01370412,0.464105407
02-01-2023,7,Traditional Ethnic Dress,23,1661.466657,1.313032004,0,0,0,0,89.01370412,0.464105407
02-01-2023,8,Maternity Nursing Dress,67,1661.466657,1.313032004,0,0,0,0,89.01370412,0.464105407
02-01-2023,9,Sporty Athleisure Dress,24,1661.466657,1.313032004,0,0,0,0,89.01370412,0.464105407
02-01-2023,10,Customizable Dress,77,1661.466657,1.313032004,0,0,0,0,89.01370412,0.464105407
03-01-2023,1,Floral Sundress,34,1523.131676,3.167139177,0,1,0,0,72.23948468,0.459596232
03-01-2023,2,Evening Gown,19,1523.131676,3.167139177,0,1,0,0,72.23948468,0.459596232
03-01-2023,3,Business Casual Dress,10,1523.131676,3.167139177,0,1,0,0,72.23948468,0.459596232
03-01-2023,4,Sequin Party Dress,36,1523.131676,3.167139177,0,1,0,0,72.23948468,0.459596232
03-01-2023,5,Summer Maxi Dress,70,1523.131676,3.167139177,0,1,0,0,72.23948468,0.459596232
03-01-2023,6,Bridal Gown,96,1523.131676,3.167139177,0,1,0,0,72.23948468,0.459596232
03-01-2023,7,Traditional Ethnic Dress,33,1523.131676,3.167139177,0,1,0,0,72.23948468,0.459596232
03-01-2023,8,Maternity Nursing Dress,72,1523.131676,3.167139177,0,1,0,0,72.23948468,0.459596232
03-01-2023,9,Sporty Athleisure Dress,99,1523.131676,3.167139177,0,1,0,0,72.23948468,0.459596232
03-01-2023,10,Customizable Dress,77,1523.131676,3.167139177,0,1,0,0,72.23948468,0.459596232
04-01-2023,1,Floral Sundress,68,1514.064058,3.609067945,0,0,0,0,72.37306117,0.920792757
04-01-2023,2,Evening Gown,17,1514.064058,3.609067945,0,0,0,0,72.37306117,0.920792757
04-01-2023,3,Business Casual Dress,96,1514.064058,3.609067945,0,0,0,0,72.37306117,0.920792757
04-01-2023,4,Sequin Party Dress,89,1514.064058,3.609067945,0,0,0,0,72.37306117,0.920792757
04-01-2023,5,Summer Maxi Dress,72,1514.064058,3.609067945,0,0,0,0,72.37306117,0.920792757
04-01-2023,6,Bridal Gown,58,1514.064058,3.609067945,0,0,0,0,72.37306117,0.920792757
04-01-2023,7,Traditional Ethnic Dress,73,1514.064058,3.609067945,0,0,0,0,72.37306117,0.920792757
04-01-2023,8,Maternity Nursing Dress,21,1514.064058,3.609067945,0,0,0,0,72.37306117,0.920792757
04-01-2023,9,Sporty Athleisure Dress,66,1514.064058,3.609067945,0,0,0,0,72.37306117,0.920792757
04-01-2023,10,Customizable Dress,89,1514.064058,3.609067945,0,0,0,0,72.37306117,0.920792757
05-01-2023,1,Floral Sundress,46,1795.528257,1.864056503,0,1,0,0,88.80666154,0.697685307
05-01-2023,2,Evening Gown,73,1795.528257,1.864056503,0,1,0,0,88.80666154,0.697685307
05-01-2023,3,Business Casual Dress,69,1795.528257,1.864056503,0,1,0,0,88.80666154,0.697685307
05-01-2023,4,Sequin Party Dress,69,1795.528257,1.864056503,0,1,0,0,88.80666154,0.697685307
05-01-2023,5,Summer Maxi Dress,52,1795.528257,1.864056503,0,1,0,0,88.80666154,0.697685307
05-01-2023,6,Bridal Gown,36,1795.528257,1.864056503,0,1,0,0,88.80666154,0.697685307
05-01-2023,7,Traditional Ethnic Dress,78,1795.528257,1.864056503,0,1,0,0,88.80666154,0.697685307
05-01-2023,8,Maternity Nursing Dress,26,1795.528257,1.864056503,0,1,0,0,88.80666154,0.697685307
05-01-2023,9,Sporty Athleisure Dress,81,1795.528257,1.864056503,0,1,0,0,88.80666154,0.697685307
05-01-2023,10,Customizable Dress,15,1795.528257,1.864056503,0,1,0,0,88.80666154,0.697685307
06-01-2023,1,Floral Sundress,24,1586.45455,2.860779929,0,0,0,0,53.59354553,0.58188417
06-01-2023,2,Evening Gown,37,1586.45455,2.860779929,0,0,0,0,53.59354553,0.58188417
06-01-2023,3,Business Casual Dress,95,1586.45455,2.860779929,0,0,0,0,53.59354553,0.58188417
06-01-2023,4,Sequin Party Dress,48,1586.45455,2.860779929,0,0,0,0,53.59354553,0.58188417
06-01-2023,5,Summer Maxi Dress,40,1586.45455,2.860779929,0,0,0,0,53.59354553,0.58188417
06-01-2023,6,Bridal Gown,87,1586.45455,2.860779929,0,0,0,0,53.59354553,0.58188417
06-01-2023,7,Traditional Ethnic Dress,20,1586.45455,2.860779929,0,0,0,0,53.59354553,0.58188417
06-01-2023,8,Maternity Nursing Dress,79,1586.45455,2.860779929,0,0,0,0,53.59354553,0.58188417
06-01-2023,9,Sporty Athleisure Dress,65,1586.45455,2.860779929,0,0,0,0,53.59354553,0.58188417
06-01-2023,10,Customizable Dress,33,1586.45455,2.860779929,0,0,0,0,53.59354553,0.58188417
07-01-2023,1,Floral Sundress,73,1391.776829,2.468830125,0,1,0,0,70.36655699,0.352971852
07-01-2023,2,Evening Gown,65,1391.776829,2.468830125,0,1,0,0,70.36655699,0.352971852
07-01-2023,3,Business Casual Dress,70,1391.776829,2.468830125,0,1,0,0,70.36655699,0.352971852
07-01-2023,4,Sequin Party Dress,63,1391.776829,2.468830125,0,1,0,0,70.36655699,0.352971852
07-01-2023,5,Summer Maxi Dress,73,1391.776829,2.468830125,0,1,0,0,70.36655699,0.352971852
07-01-2023,6,Bridal Gown,40,1391.776829,2.468830125,0,1,0,0,70.36655699,0.352971852
07-01-2023,7,Traditional Ethnic Dress,80,1391.776829,2.468830125,0,1,0,0,70.36655699,0.352971852
07-01-2023,8,Maternity Nursing Dress,92,1391.776829,2.468830125,0,1,0,0,70.36655699,0.352971852
07-01-2023,9,Sporty Athleisure Dress,21,1391.776829,2.468830125,0,1,0,0,70.36655699,0.352971852
07-01-2023,10,Customizable Dress,99,1391.776829,2.468830125,0,1,0,0,70.36655699,0.352971852
08-01-2023,1,Floral Sundress,82,1903.038973,3.599113504,0,1,0,0,54.51638951,0.121474292
08-01-2023,2,Evening Gown,50,1903.038973,3.599113504,0,1,0,0,54.51638951,0.121474292
08-01-2023,3,Business Casual Dress,35,1903.038973,3.599113504,0,1,0,0,54.51638951,0.121474292
08-01-2023,4,Sequin Party Dress,25,1903.038973,3.599113504,0,1,0,0,54.51638951,0.121474292
08-01-2023,5,Summer Maxi Dress,65,1903.038973,3.599113504,0,1,0,0,54.51638951,0.121474292
08-01-2023,6,Bridal Gown,60,1903.038973,3.599113504,0,1,0,0,54.51638951,0.121474292
08-01-2023,7,Traditional Ethnic Dress,75,1903.038973,3.599113504,0,1,0,0,54.51638951,0.121474292
08-01-2023,8,Maternity Nursing Dress,86,1903.038973,3.599113504,0,1,0,0,54.51638951,0.121474292
08-01-2023,9,Sporty Athleisure Dress,19,1903.038973,3.599113504,0,1,0,0,54.51638951,0.121474292
08-01-2023,10,Customizable Dress,87,1903.038973,3.599113504,0,1,0,0,54.51638951,0.121474292
09-01-2023,1,Floral Sundress,60,1553.541285,4.788720896,0,1,0,0,78.83387367,0.52379369
09-01-2023,2,Evening Gown,79,1553.541285,4.788720896,0,1,0,0,78.83387367,0.52379369
09-01-2023,3,Business Casual Dress,81,1553.541285,4.788720896,0,1,0,0,78.83387367,0.52379369
09-01-2023,4,Sequin Party Dress,64,1553.541285,4.788720896,0,1,0,0,78.83387367,0.52379369
09-01-2023,5,Summer Maxi Dress,25,1553.541285,4.788720896,0,1,0,0,78.83387367,0.52379369
09-01-2023,6,Bridal Gown,92,1553.541285,4.788720896,0,1,0,0,78.83387367,0.52379369
09-01-2023,7,Traditional Ethnic Dress,67,1553.541285,4.788720896,0,1,0,0,78.83387367,0.52379369
09-01-2023,8,Maternity Nursing Dress,94,1553.541285,4.788720896,0,1,0,0,78.83387367,0.52379369
09-01-2023,9,Sporty Athleisure Dress,41,1553.541285,4.788720896,0,1,0,0,78.83387367,0.52379369
09-01-2023,10,Customizable Dress,47,1553.541285,4.788720896,0,1,0,0,78.83387367,0.52379369
10-01-2023,1,Floral Sundress,57,1106.48555,2.431903378,1,0,0,0,82.17228661,0.933323238
10-01-2023,2,Evening Gown,64,1106.48555,2.431903378,1,0,0,0,82.17228661,0.933323238
10-01-2023,3,Business Casual Dress,36,1106.48555,2.431903378,1,0,0,0,82.17228661,0.933323238
10-01-2023,4,Sequin Party Dress,39,1106.48555,2.431903378,1,0,0,0,82.17228661,0.933323238
10-01-2023,5,Summer Maxi Dress,51,1106.48555,2.431903378,1,0,0,0,82.17228661,0.933323238
10-01-2023,6,Bridal Gown,81,1106.48555,2.431903378,1,0,0,0,82.17228661,0.933323238
10-01-2023,7,Traditional Ethnic Dress,43,1106.48555,2.431903378,1,0,0,0,82.17228661,0.933323238
10-01-2023,8,Maternity Nursing Dress,82,1106.48555,2.431903378,1,0,0,0,82.17228661,0.933323238
10-01-2023,9,Sporty Athleisure Dress,11,1106.48555,2.431903378,1,0,0,0,82.17228661,0.933323238
10-01-2023,10,Customizable Dress,29,1106.48555,2.431903378,1,0,0,0,82.17228661,0.933323238
11-01-2023,1,Floral Sundress,51,1201.939112,4.57773552,0,0,0,0,85.0378692,0.245763591
11-01-2023,2,Evening Gown,79,1201.939112,4.57773552,0,0,0,0,85.0378692,0.245763591
11-01-2023,3,Business Casual Dress,28,1201.939112,4.57773552,0,0,0,0,85.0378692,0.245763591
11-01-2023,4,Sequin Party Dress,41,1201.939112,4.57773552,0,0,0,0,85.0378692,0.245763591
11-01-2023,5,Summer Maxi Dress,90,1201.939112,4.57773552,0,0,0,0,85.0378692,0.245763591
11-01-2023,6,Bridal Gown,94,1201.939112,4.57773552,0,0,0,0,85.0378692,0.245763591
11-01-2023,7,Traditional Ethnic Dress,98,1201.939112,4.57773552,0,0,0,0,85.0378692,0.245763591
11-01-2023,8,Maternity Nursing Dress,69,1201.939112,4.57773552,0,0,0,0,85.0378692,0.245763591
11-01-2023,9,Sporty Athleisure Dress,65,1201.939112,4.57773552,0,0,0,0,85.0378692,0.245763591
11-01-2023,10,Customizable Dress,70,1201.939112,4.57773552,0,0,0,0,85.0378692,0.245763591
12-01-2023,1,Floral Sundress,45,1547.628112,4.459740766,1,1,0,0,87.32935287,0.293260178
12-01-2023,2,Evening Gown,60,1547.628112,4.459740766,1,1,0,0,87.32935287,0.293260178
12-01-2023,3,Business Casual Dress,57,1547.628112,4.459740766,1,1,0,0,87.32935287,0.293260178
12-01-2023,4,Sequin Party Dress,66,1547.628112,4.459740766,1,1,0,0,87.32935287,0.293260178
12-01-2023,5,Summer Maxi Dress,35,1547.628112,4.459740766,1,1,0,0,87.32935287,0.293260178
12-01-2023,6,Bridal Gown,16,1547.628112,4.459740766,1,1,0,0,87.32935287,0.293260178
12-01-2023,7,Traditional Ethnic Dress,54,1547.628112,4.459740766,1,1,0,0,87.32935287,0.293260178
12-01-2023,8,Maternity Nursing Dress,81,1547.628112,4.459740766,1,1,0,0,87.32935287,0.293260178
12-01-2023,9,Sporty Athleisure Dress,15,1547.628112,4.459740766,1,1,0,0,87.32935287,0.293260178
12-01-2023,10,Customizable Dress,49,1547.628112,4.459740766,1,1,0,0,87.32935287,0.293260178
13-01-2023,1,Floral Sundress,22,1562.354207,4.94374915,0,1,0,0,52.20991021,0.967048568
13-01-2023,2,Evening Gown,83,1562.354207,4.94374915,0,1,0,0,52.20991021,0.967048568
13-01-2023,3,Business Casual Dress,31,1562.354207,4.94374915,0,1,0,0,52.20991021,0.967048568
13-01-2023,4,Sequin Party Dress,21,1562.354207,4.94374915,0,1,0,0,52.20991021,0.967048568
13-01-2023,5,Summer Maxi Dress,69,1562.354207,4.94374915,0,1,0,0,52.20991021,0.967048568
13-01-2023,6,Bridal Gown,79,1562.354207,4.94374915,0,1,0,0,52.20991021,0.967048568
13-01-2023,7,Traditional Ethnic Dress,48,1562.354207,4.94374915,0,1,0,0,52.20991021,0.967048568
13-01-2023,8,Maternity Nursing Dress,46,1562.354207,4.94374915,0,1,0,0,52.20991021,0.967048568
13-01-2023,9,Sporty Athleisure Dress,62,1562.354207,4.94374915,0,1,0,0,52.20991021,0.967048568
13-01-2023,10,Customizable Dress,55,1562.354207,4.94374915,0,1,0,0,52.20991021,0.967048568
14-01-2023,1,Floral Sundress,46,1176.422109,4.470533912,0,1,0,0,76.09535082,0.566672023
14-01-2023,2,Evening Gown,26,1176.422109,4.470533912,0,1,0,0,76.09535082,0.566672023
14-01-2023,3,Business Casual Dress,19,1176.422109,4.470533912,0,1,0,0,76.09535082,0.566672023
14-01-2023,4,Sequin Party Dress,12,1176.422109,4.470533912,0,1,0,0,76.09535082,0.566672023
14-01-2023,5,Summer Maxi Dress,48,1176.422109,4.470533912,0,1,0,0,76.09535082,0.566672023
14-01-2023,6,Bridal Gown,98,1176.422109,4.470533912,0,1,0,0,76.09535082,0.566672023
14-01-2023,7,Traditional Ethnic Dress,37,1176.422109,4.470533912,0,1,0,0,76.09535082,0.566672023
14-01-2023,8,Maternity Nursing Dress,70,1176.422109,4.470533912,0,1,0,0,76.09535082,0.566672023
14-01-2023,9,Sporty Athleisure Dress,30,1176.422109,4.470533912,0,1,0,0,76.09535082,0.566672023
14-01-2023,10,Customizable Dress,55,1176.422109,4.470533912,0,1,0,0,76.09535082,0.566672023
15-01-2023,1,Floral Sundress,53,1082.41271,2.993213544,1,1,0,0,87.24936268,0.298495952
15-01-2023,2,Evening Gown,68,1082.41271,2.993213544,1,1,0,0,87.24936268,0.298495952
15-01-2023,3,Business Casual Dress,66,1082.41271,2.993213544,1,1,0,0,87.24936268,0.298495952
15-01-2023,4,Sequin Party Dress,84,1082.41271,2.993213544,1,1,0,0,87.24936268,0.298495952
15-01-2023,5,Summer Maxi Dress,52,1082.41271,2.993213544,1,1,0,0,87.24936268,0.298495952
15-01-2023,6,Bridal Gown,14,1082.41271,2.993213544,1,1,0,0,87.24936268,0.298495952
15-01-2023,7,Traditional Ethnic Dress,90,1082.41271,2.993213544,1,1,0,0,87.24936268,0.298495952
15-01-2023,8,Maternity Nursing Dress,37,1082.41271,2.993213544,1,1,0,0,87.24936268,0.298495952
15-01-2023,9,Sporty Athleisure Dress,32,1082.41271,2.993213544,1,1,0,0,87.24936268,0.298495952
15-01-2023,10,Customizable Dress,70,1082.41271,2.993213544,1,1,0,0,87.24936268,0.298495952
16-01-2023,1,Floral Sundress,99,1559.213119,4.090554212,0,1,0,0,67.86165576,0.199006459
16-01-2023,2,Evening Gown,65,1559.213119,4.090554212,0,1,0,0,67.86165576,0.199006459
16-01-2023,3,Business Casual Dress,37,1559.213119,4.090554212,0,1,0,0,67.86165576,0.199006459
16-01-2023,4,Sequin Party Dress,59,1559.213119,4.090554212,0,1,0,0,67.86165576,0.199006459
16-01-2023,5,Summer Maxi Dress,92,1559.213119,4.090554212,0,1,0,0,67.86165576,0.199006459
16-01-2023,6,Bridal Gown,15,1559.213119,4.090554212,0,1,0,0,67.86165576,0.199006459
16-01-2023,7,Traditional Ethnic Dress,81,1559.213119,4.090554212,0,1,0,0,67.86165576,0.199006459
16-01-2023,8,Maternity Nursing Dress,63,1559.213119,4.090554212,0,1,0,0,67.86165576,0.199006459
16-01-2023,9,Sporty Athleisure Dress,19,1559.213119,4.090554212,0,1,0,0,67.86165576,0.199006459
16-01-2023,10,Customizable Dress,85,1559.213119,4.090554212,0,1,0,0,67.86165576,0.199006459
17-01-2023,1,Floral Sundress,39,1100.314494,3.192899005,0,1,0,0,51.70091287,0.496817787
17-01-2023,2,Evening Gown,10,1100.314494,3.192899005,0,1,0,0,51.70091287,0.496817787
17-01-2023,3,Business Casual Dress,80,1100.314494,3.192899005,0,1,0,0,51.70091287,0.496817787
17-01-2023,4,Sequin Party Dress,43,1100.314494,3.192899005,0,1,0,0,51.70091287,0.496817787
17-01-2023,5,Summer Maxi Dress,73,1100.314494,3.192899005,0,1,0,0,51.70091287,0.496817787
17-01-2023,6,Bridal Gown,77,1100.314494,3.192899005,0,1,0,0,51.70091287,0.496817787
17-01-2023,7,Traditional Ethnic Dress,31,1100.314494,3.192899005,0,1,0,0,51.70091287,0.496817787
17-01-2023,8,Maternity Nursing Dress,12,1100.314494,3.192899005,0,1,0,0,51.70091287,0.496817787
17-01-2023,9,Sporty Athleisure Dress,28,1100.314494,3.192899005,0,1,0,0,51.70091287,0.496817787
17-01-2023,10,Customizable Dress,82,1100.314494,3.192899005,0,1,0,0,51.70091287,0.496817787
18-01-2023,1,Floral Sundress,17,1835.321428,4.148666747,0,0,0,0,61.61857948,0.098527351
18-01-2023,2,Evening Gown,72,1835.321428,4.148666747,0,0,0,0,61.61857948,0.098527351
18-01-2023,3,Business Casual Dress,21,1835.321428,4.148666747,0,0,0,0,61.61857948,0.098527351
18-01-2023,4,Sequin Party Dress,50,1835.321428,4.148666747,0,0,0,0,61.61857948,0.098527351
18-01-2023,5,Summer Maxi Dress,83,1835.321428,4.148666747,0,0,0,0,61.61857948,0.098527351
18-01-2023,6,Bridal Gown,81,1835.321428,4.148666747,0,0,0,0,61.61857948,0.098527351
18-01-2023,7,Traditional Ethnic Dress,38,1835.321428,4.148666747,0,0,0,0,61.61857948,0.098527351
18-01-2023,8,Maternity Nursing Dress,13,1835.321428,4.148666747,0,0,0,0,61.61857948,0.098527351
18-01-2023,9,Sporty Athleisure Dress,24,1835.321428,4.148666747,0,0,0,0,61.61857948,0.098527351
18-01-2023,10,Customizable Dress,39,1835.321428,4.148666747,0,0,0,0,61.61857948,0.098527351
19-01-2023,1,Floral Sundress,50,1330.804566,3.765010958,0,1,0,0,53.33086496,0.051203286
19-01-2023,2,Evening Gown,32,1330.804566,3.765010958,0,1,0,0,53.33086496,0.051203286
19-01-2023,3,Business Casual Dress,18,1330.804566,3.765010958,0,1,0,0,53.33086496,0.051203286
19-01-2023,4,Sequin Party Dress,23,1330.804566,3.765010958,0,1,0,0,53.33086496,0.051203286
19-01-2023,5,Summer Maxi Dress,65,1330.804566,3.765010958,0,1,0,0,53.33086496,0.051203286
19-01-2023,6,Bridal Gown,19,1330.804566,3.765010958,0,1,0,0,53.33086496,0.051203286
19-01-2023,7,Traditional Ethnic Dress,13,1330.804566,3.765010958,0,1,0,0,53.33086496,0.051203286
19-01-2023,8,Maternity Nursing Dress,98,1330.804566,3.765010958,0,1,0,0,53.33086496,0.051203286
19-01-2023,9,Sporty Athleisure Dress,28,1330.804566,3.765010958,0,1,0,0,53.33086496,0.051203286
19-01-2023,10,Customizable Dress,57,1330.804566,3.765010958,0,1,0,0,53.33086496,0.051203286
20-01-2023,1,Floral Sundress,37,1745.902302,4.044337853,1,0,0,0,56.89728409,0.073234361
20-01-2023,2,Evening Gown,33,1745.902302,4.044337853,1,0,0,0,56.89728409,0.073234361
20-01-2023,3,Business Casual Dress,98,1745.902302,4.044337853,1,0,0,0,56.89728409,0.073234361
20-01-2023,4,Sequin Party Dress,14,1745.902302,4.044337853,1,0,0,0,56.89728409,0.073234361
20-01-2023,5,Summer Maxi Dress,49,1745.902302,4.044337853,1,0,0,0,56.89728409,0.073234361
20-01-2023,6,Bridal Gown,99,1745.902302,4.044337853,1,0,0,0,56.89728409,0.073234361
20-01-2023,7,Traditional Ethnic Dress,74,1745.902302,4.044337853,1,0,0,0,56.89728409,0.073234361
20-01-2023,8,Maternity Nursing Dress,22,1745.902302,4.044337853,1,0,0,0,56.89728409,0.073234361
20-01-2023,9,Sporty Athleisure Dress,14,1745.902302,4.044337853,1,0,0,0,56.89728409,0.073234361
20-01-2023,10,Customizable Dress,82,1745.902302,4.044337853,1,0,0,0,56.89728409,0.073234361
21-01-2023,1,Floral Sundress,68,1127.201082,4.094109088,1,1,0,0,87.93501004,0.088405358
21-01-2023,2,Evening Gown,59,1127.201082,4.094109088,1,1,0,0,87.93501004,0.088405358
21-01-2023,3,Business Casual Dress,27,1127.201082,4.094109088,1,1,0,0,87.93501004,0.088405358
21-01-2023,4,Sequin Party Dress,54,1127.201082,4.094109088,1,1,0,0,87.93501004,0.088405358
21-01-2023,5,Summer Maxi Dress,18,1127.201082,4.094109088,1,1,0,0,87.93501004,0.088405358
21-01-2023,6,Bridal Gown,83,1127.201082,4.094109088,1,1,0,0,87.93501004,0.088405358
21-01-2023,7,Traditional Ethnic Dress,97,1127.201082,4.094109088,1,1,0,0,87.93501004,0.088405358
21-01-2023,8,Maternity Nursing Dress,74,1127.201082,4.094109088,1,1,0,0,87.93501004,0.088405358
21-01-2023,9,Sporty Athleisure Dress,32,1127.201082,4.094109088,1,1,0,0,87.93501004,0.088405358
21-01-2023,10,Customizable Dress,43,1127.201082,4.094109088,1,1,0,0,87.93501004,0.088405358
22-01-2023,1,Floral Sundress,47,1147.541976,1.03825966,1,0,0,0,54.96345701,0.803078915
22-01-2023,2,Evening Gown,12,1147.541976,1.03825966,1,0,0,0,54.96345701,0.803078915
22-01-2023,3,Business Casual Dress,65,1147.541976,1.03825966,1,0,0,0,54.96345701,0.803078915
22-01-2023,4,Sequin Party Dress,36,1147.541976,1.03825966,1,0,0,0,54.96345701,0.803078915
22-01-2023,5,Summer Maxi Dress,19,1147.541976,1.03825966,1,0,0,0,54.96345701,0.803078915
22-01-2023,6,Bridal Gown,20,1147.541976,1.03825966,1,0,0,0,54.96345701,0.803078915
22-01-2023,7,Traditional Ethnic Dress,92,1147.541976,1.03825966,1,0,0,0,54.96345701,0.803078915
22-01-2023,8,Maternity Nursing Dress,70,1147.541976,1.03825966,1,0,0,0,54.96345701,0.803078915
22-01-2023,9,Sporty Athleisure Dress,31,1147.541976,1.03825966,1,0,0,0,54.96345701,0.803078915
22-01-2023,10,Customizable Dress,10,1147.541976,1.03825966,1,0,0,0,54.96345701,0.803078915
23-01-2023,1,Floral Sundress,25,1927.430942,2.072167633,1,0,0,0,53.01396662,0.326090398
23-01-2023,2,Evening Gown,42,1927.430942,2.072167633,1,0,0,0,53.01396662,0.326090398
23-01-2023,3,Business Casual Dress,62,1927.430942,2.072167633,1,0,0,0,53.01396662,0.326090398
23-01-2023,4,Sequin Party Dress,43,1927.430942,2.072167633,1,0,0,0,53.01396662,0.326090398
23-01-2023,5,Summer Maxi Dress,96,1927.430942,2.072167633,1,0,0,0,53.01396662,0.326090398
23-01-2023,6,Bridal Gown,59,1927.430942,2.072167633,1,0,0,0,53.01396662,0.326090398
23-01-2023,7,Traditional Ethnic Dress,98,1927.430942,2.072167633,1,0,0,0,53.01396662,0.326090398
23-01-2023,8,Maternity Nursing Dress,95,1927.430942,2.072167633,1,0,0,0,53.01396662,0.326090398
23-01-2023,9,Sporty Athleisure Dress,34,1927.430942,2.072167633,1,0,0,0,53.01396662,0.326090398
23-01-2023,10,Customizable Dress,70,1927.430942,2.072167633,1,0,0,0,53.01396662,0.326090398
24-01-2023,1,Floral Sundress,43,1455.149431,2.944200141,1,1,0,0,65.17356509,0.457149318
24-01-2023,2,Evening Gown,80,1455.149431,2.944200141,1,1,0,0,65.17356509,0.457149318
24-01-2023,3,Business Casual Dress,17,1455.149431,2.944200141,1,1,0,0,65.17356509,0.457149318
24-01-2023,4,Sequin Party Dress,70,1455.149431,2.944200141,1,1,0,0,65.17356509,0.457149318
24-01-2023,5,Summer Maxi Dress,96,1455.149431,2.944200141,1,1,0,0,65.17356509,0.457149318
24-01-2023,6,Bridal Gown,42,1455.149431,2.944200141,1,1,0,0,65.17356509,0.457149318
24-01-2023,7,Traditional Ethnic Dress,90,1455.149431,2.944200141,1,1,0,0,65.17356509,0.457149318
24-01-2023,8,Maternity Nursing Dress,51,1455.149431,2.944200141,1,1,0,0,65.17356509,0.457149318
24-01-2023,9,Sporty Athleisure Dress,36,1455.149431,2.944200141,1,1,0,0,65.17356509,0.457149318
24-01-2023,10,Customizable Dress,27,1455.149431,2.944200141,1,1,0,0,65.17356509,0.457149318
25-01-2023,1,Floral Sundress,88,1162.183434,1.140810076,1,1,0,0,59.27063564,0.826562203
25-01-2023,2,Evening Gown,92,1162.183434,1.140810076,1,1,0,0,59.27063564,0.826562203
25-01-2023,3,Business Casual Dress,37,1162.183434,1.140810076,1,1,0,0,59.27063564,0.826562203
25-01-2023,4,Sequin Party Dress,93,1162.183434,1.140810076,1,1,0,0,59.27063564,0.826562203
25-01-2023,5,Summer Maxi Dress,70,1162.183434,1.140810076,1,1,0,0,59.27063564,0.826562203
25-01-2023,6,Bridal Gown,72,1162.183434,1.140810076,1,1,0,0,59.27063564,0.826562203
25-01-2023,7,Traditional Ethnic Dress,83,1162.183434,1.140810076,1,1,0,0,59.27063564,0.826562203
25-01-2023,8,Maternity Nursing Dress,78,1162.183434,1.140810076,1,1,0,0,59.27063564,0.826562203
25-01-2023,9,Sporty Athleisure Dress,97,1162.183434,1.140810076,1,1,0,0,59.27063564,0.826562203
25-01-2023,10,Customizable Dress,14,1162.183434,1.140810076,1,1,0,0,59.27063564,0.826562203
26-01-2023,1,Floral Sundress,32,1656.600777,3.343527992,0,1,0,0,53.72181358,0.212756779
26-01-2023,2,Evening Gown,75,1656.600777,3.343527992,0,1,0,0,53.72181358,0.212756779
26-01-2023,3,Business Casual Dress,69,1656.600777,3.343527992,0,1,0,0,53.72181358,0.212756779
26-01-2023,4,Sequin Party Dress,39,1656.600777,3.343527992,0,1,0,0,53.72181358,0.212756779
26-01-2023,5,Summer Maxi Dress,39,1656.600777,3.343527992,0,1,0,0,53.72181358,0.212756779
26-01-2023,6,Bridal Gown,62,1656.600777,3.343527992,0,1,0,0,53.72181358,0.212756779
26-01-2023,7,Traditional Ethnic Dress,69,1656.600777,3.343527992,0,1,0,0,53.72181358,0.212756779
26-01-2023,8,Maternity Nursing Dress,91,1656.600777,3.343527992,0,1,0,0,53.72181358,0.212756779
26-01-2023,9,Sporty Athleisure Dress,91,1656.600777,3.343527992,0,1,0,0,53.72181358,0.212756779
26-01-2023,10,Customizable Dress,52,1656.600777,3.343527992,0,1,0,0,53.72181358,0.212756779
27-01-2023,1,Floral Sundress,24,1096.843519,3.993673655,1,0,0,0,80.60840303,0.30113085
27-01-2023,2,Evening Gown,91,1096.843519,3.993673655,1,0,0,0,80.60840303,0.30113085
27-01-2023,3,Business Casual Dress,92,1096.843519,3.993673655,1,0,0,0,80.60840303,0.30113085
27-01-2023,4,Sequin Party Dress,53,1096.843519,3.993673655,1,0,0,0,80.60840303,0.30113085
27-01-2023,5,Summer Maxi Dress,56,1096.843519,3.993673655,1,0,0,0,80.60840303,0.30113085
27-01-2023,6,Bridal Gown,90,1096.843519,3.993673655,1,0,0,0,80.60840303,0.30113085
27-01-2023,7,Traditional Ethnic Dress,63,1096.843519,3.993673655,1,0,0,0,80.60840303,0.30113085
27-01-2023,8,Maternity Nursing Dress,10,1096.843519,3.993673655,1,0,0,0,80.60840303,0.30113085
27-01-2023,9,Sporty Athleisure Dress,37,1096.843519,3.993673655,1,0,0,0,80.60840303,0.30113085
27-01-2023,10,Customizable Dress,99,1096.843519,3.993673655,1,0,0,0,80.60840303,0.30113085
28-01-2023,1,Floral Sundress,24,1242.075993,1.131051474,1,0,0,0,76.7327834,0.259150114
28-01-2023,2,Evening Gown,60,1242.075993,1.131051474,1,0,0,0,76.7327834,0.259150114
28-01-2023,3,Business Casual Dress,35,1242.075993,1.131051474,1,0,0,0,76.7327834,0.259150114
28-01-2023,4,Sequin Party Dress,40,1242.075993,1.131051474,1,0,0,0,76.7327834,0.259150114
28-01-2023,5,Summer Maxi Dress,23,1242.075993,1.131051474,1,0,0,0,76.7327834,0.259150114
28-01-2023,6,Bridal Gown,39,1242.075993,1.131051474,1,0,0,0,76.7327834,0.259150114
28-01-2023,7,Traditional Ethnic Dress,81,1242.075993,1.131051474,1,0,0,0,76.7327834,0.259150114
28-01-2023,8,Maternity Nursing Dress,45,1242.075993,1.131051474,1,0,0,0,76.7327834,0.259150114
28-01-2023,9,Sporty Athleisure Dress,87,1242.075993,1.131051474,1,0,0,0,76.7327834,0.259150114
28-01-2023,10,Customizable Dress,14,1242.075993,1.131051474,1,0,0,0,76.7327834,0.259150114
29-01-2023,1,Floral Sundress,26,1018.199647,3.179307568,0,1,0,0,67.98373793,0.864417162
29-01-2023,2,Evening Gown,50,1018.199647,3.179307568,0,1,0,0,67.98373793,0.864417162
29-01-2023,3,Business Casual Dress,25,1018.199647,3.179307568,0,1,0,0,67.98373793,0.864417162
29-01-2023,4,Sequin Party Dress,44,1018.199647,3.179307568,0,1,0,0,67.98373793,0.864417162
29-01-2023,5,Summer Maxi Dress,85,1018.199647,3.179307568,0,1,0,0,67.98373793,0.864417162
29-01-2023,6,Bridal Gown,74,1018.199647,3.179307568,0,1,0,0,67.98373793,0.864417162
29-01-2023,7,Traditional Ethnic Dress,42,1018.199647,3.179307568,0,1,0,0,67.98373793,0.864417162
29-01-2023,8,Maternity Nursing Dress,11,1018.199647,3.179307568,0,1,0,0,67.98373793,0.864417162
29-01-2023,9,Sporty Athleisure Dress,74,1018.199647,3.179307568,0,1,0,0,67.98373793,0.864417162
29-01-2023,10,Customizable Dress,70,1018.199647,3.179307568,0,1,0,0,67.98373793,0.864417162
30-01-2023,1,Floral Sundress,66,1412.807058,4.470332149,0,0,0,0,58.83631061,0.73272792
30-01-2023,2,Evening Gown,61,1412.807058,4.470332149,0,0,0,0,58.83631061,0.73272792
30-01-2023,3,Business Casual Dress,51,1412.807058,4.470332149,0,0,0,0,58.83631061,0.73272792
30-01-2023,4,Sequin Party Dress,78,1412.807058,4.470332149,0,0,0,0,58.83631061,0.73272792
30-01-2023,5,Summer Maxi Dress,42,1412.807058,4.470332149,0,0,0,0,58.83631061,0.73272792
30-01-2023,6,Bridal Gown,88,1412.807058,4.470332149,0,0,0,0,58.83631061,0.73272792
30-01-2023,7,Traditional Ethnic Dress,82,1412.807058,4.470332149,0,0,0,0,58.83631061,0.73272792
30-01-2023,8,Maternity Nursing Dress,36,1412.807058,4.470332149,0,0,0,0,58.83631061,0.73272792
30-01-2023,9,Sporty Athleisure Dress,37,1412.807058,4.470332149,0,0,0,0,58.83631061,0.73272792
30-01-2023,10,Customizable Dress,59,1412.807058,4.470332149,0,0,0,0,58.83631061,0.73272792
31-01-2023,1,Floral Sundress,77,1760.939181,4.440592264,0,0,0,0,65.58393264,0.751650838
31-01-2023,2,Evening Gown,41,1760.939181,4.440592264,0,0,0,0,65.58393264,0.751650838
31-01-2023,3,Business Casual Dress,79,1760.939181,4.440592264,0,0,0,0,65.58393264,0.751650838
31-01-2023,4,Sequin Party Dress,75,1760.939181,4.440592264,0,0,0,0,65.58393264,0.751650838
31-01-2023,5,Summer Maxi Dress,49,1760.939181,4.440592264,0,0,0,0,65.58393264,0.751650838
31-01-2023,6,Bridal Gown,67,1760.939181,4.440592264,0,0,0,0,65.58393264,0.751650838
31-01-2023,7,Traditional Ethnic Dress,93,1760.939181,4.440592264,0,0,0,0,65.58393264,0.751650838
31-01-2023,8,Maternity Nursing Dress,38,1760.939181,4.440592264,0,0,0,0,65.58393264,0.751650838
31-01-2023,9,Sporty Athleisure Dress,14,1760.939181,4.440592264,0,0,0,0,65.58393264,0.751650838
31-01-2023,10,Customizable Dress,73,1760.939181,4.440592264,0,0,0,0,65.58393264,0.751650838
01-02-2023,1,Floral Sundress,52,1159.924863,2.12262442,0,1,0,0,83.9636905,0.789906553
01-02-2023,2,Evening Gown,35,1159.924863,2.12262442,0,1,0,0,83.9636905,0.789906553
01-02-2023,3,Business Casual Dress,20,1159.924863,2.12262442,0,1,0,0,83.9636905,0.789906553
01-02-2023,4,Sequin Party Dress,33,1159.924863,2.12262442,0,1,0,0,83.9636905,0.789906553
01-02-2023,5,Summer Maxi Dress,50,1159.924863,2.12262442,0,1,0,0,83.9636905,0.789906553
01-02-2023,6,Bridal Gown,22,1159.924863,2.12262442,0,1,0,0,83.9636905,0.789906553
01-02-2023,7,Traditional Ethnic Dress,93,1159.924863,2.12262442,0,1,0,0,83.9636905,0.789906553
01-02-2023,8,Maternity Nursing Dress,13,1159.924863,2.12262442,0,1,0,0,83.9636905,0.789906553
01-02-2023,9,Sporty Athleisure Dress,86,1159.924863,2.12262442,0,1,0,0,83.9636905,0.789906553
01-02-2023,10,Customizable Dress,81,1159.924863,2.12262442,0,1,0,0,83.9636905,0.789906553
02-02-2023,1,Floral Sundress,88,1889.933837,2.943392373,0,1,0,0,85.52043518,0.014731626
02-02-2023,2,Evening Gown,42,1889.933837,2.943392373,0,1,0,0,85.52043518,0.014731626
02-02-2023,3,Business Casual Dress,66,1889.933837,2.943392373,0,1,0,0,85.52043518,0.014731626
02-02-2023,4,Sequin Party Dress,82,1889.933837,2.943392373,0,1,0,0,85.52043518,0.014731626
02-02-2023,5,Summer Maxi Dress,20,1889.933837,2.943392373,0,1,0,0,85.52043518,0.014731626
02-02-2023,6,Bridal Gown,51,1889.933837,2.943392373,0,1,0,0,85.52043518,0.014731626
02-02-2023,7,Traditional Ethnic Dress,85,1889.933837,2.943392373,0,1,0,0,85.52043518,0.014731626
02-02-2023,8,Maternity Nursing Dress,83,1889.933837,2.943392373,0,1,0,0,85.52043518,0.014731626
02-02-2023,9,Sporty Athleisure Dress,61,1889.933837,2.943392373,0,1,0,0,85.52043518,0.014731626
02-02-2023,10,Customizable Dress,77,1889.933837,2.943392373,0,1,0,0,85.52043518,0.014731626
03-02-2023,1,Floral Sundress,21,1853.69027,1.442775923,0,1,0,0,68.55914527,0.190889446
03-02-2023,2,Evening Gown,29,1853.69027,1.442775923,0,1,0,0,68.55914527,0.190889446
03-02-2023,3,Business Casual Dress,66,1853.69027,1.442775923,0,1,0,0,68.55914527,0.190889446
03-02-2023,4,Sequin Party Dress,85,1853.69027,1.442775923,0,1,0,0,68.55914527,0.190889446
03-02-2023,5,Summer Maxi Dress,27,1853.69027,1.442775923,0,1,0,0,68.55914527,0.190889446
03-02-2023,6,Bridal Gown,30,1853.69027,1.442775923,0,1,0,0,68.55914527,0.190889446
03-02-2023,7,Traditional Ethnic Dress,68,1853.69027,1.442775923,0,1,0,0,68.55914527,0.190889446
03-02-2023,8,Maternity Nursing Dress,53,1853.69027,1.442775923,0,1,0,0,68.55914527,0.190889446
03-02-2023,9,Sporty Athleisure Dress,19,1853.69027,1.442775923,0,1,0,0,68.55914527,0.190889446
03-02-2023,10,Customizable Dress,13,1853.69027,1.442775923,0,1,0,0,68.55914527,0.190889446
04-02-2023,1,Floral Sundress,51,1103.399193,4.393850033,1,1,0,0,65.82419943,0.057057159
04-02-2023,2,Evening Gown,62,1103.399193,4.393850033,1,1,0,0,65.82419943,0.057057159
04-02-2023,3,Business Casual Dress,33,1103.399193,4.393850033,1,1,0,0,65.82419943,0.057057159
04-02-2023,4,Sequin Party Dress,58,1103.399193,4.393850033,1,1,0,0,65.82419943,0.057057159
04-02-2023,5,Summer Maxi Dress,28,1103.399193,4.393850033,1,1,0,0,65.82419943,0.057057159
04-02-2023,6,Bridal Gown,31,1103.399193,4.393850033,1,1,0,0,65.82419943,0.057057159
04-02-2023,7,Traditional Ethnic Dress,39,1103.399193,4.393850033,1,1,0,0,65.82419943,0.057057159
04-02-2023,8,Maternity Nursing Dress,33,1103.399193,4.393850033,1,1,0,0,65.82419943,0.057057159
04-02-2023,9,Sporty Athleisure Dress,91,1103.399193,4.393850033,1,1,0,0,65.82419943,0.057057159
04-02-2023,10,Customizable Dress,41,1103.399193,4.393850033,1,1,0,0,65.82419943,0.057057159
05-02-2023,1,Floral Sundress,87,1456.997115,1.10498757,0,1,0,0,74.58030239,0.889216461
05-02-2023,2,Evening Gown,93,1456.997115,1.10498757,0,1,0,0,74.58030239,0.889216461
05-02-2023,3,Business Casual Dress,46,1456.997115,1.10498757,0,1,0,0,74.58030239,0.889216461
05-02-2023,4,Sequin Party Dress,43,1456.997115,1.10498757,0,1,0,0,74.58030239,0.889216461
05-02-2023,5,Summer Maxi Dress,80,1456.997115,1.10498757,0,1,0,0,74.58030239,0.889216461
05-02-2023,6,Bridal Gown,99,1456.997115,1.10498757,0,1,0,0,74.58030239,0.889216461
05-02-2023,7,Traditional Ethnic Dress,53,1456.997115,1.10498757,0,1,0,0,74.58030239,0.889216461
05-02-2023,8,Maternity Nursing Dress,68,1456.997115,1.10498757,0,1,0,0,74.58030239,0.889216461
05-02-2023,9,Sporty Athleisure Dress,33,1456.997115,1.10498757,0,1,0,0,74.58030239,0.889216461
05-02-2023,10,Customizable Dress,11,1456.997115,1.10498757,0,1,0,0,74.58030239,0.889216461
06-02-2023,1,Floral Sundress,89,1996.33527,1.837236603,1,1,0,0,76.29380834,0.681456594
06-02-2023,2,Evening Gown,93,1996.33527,1.837236603,1,1,0,0,76.29380834,0.681456594
06-02-2023,3,Business Casual Dress,88,1996.33527,1.837236603,1,1,0,0,76.29380834,0.681456594
06-02-2023,4,Sequin Party Dress,97,1996.33527,1.837236603,1,1,0,0,76.29380834,0.681456594
06-02-2023,5,Summer Maxi Dress,84,1996.33527,1.837236603,1,1,0,0,76.29380834,0.681456594
06-02-2023,6,Bridal Gown,38,1996.33527,1.837236603,1,1,0,0,76.29380834,0.681456594
06-02-2023,7,Traditional Ethnic Dress,54,1996.33527,1.837236603,1,1,0,0,76.29380834,0.681456594
06-02-2023,8,Maternity Nursing Dress,33,1996.33527,1.837236603,1,1,0,0,76.29380834,0.681456594
06-02-2023,9,Sporty Athleisure Dress,85,1996.33527,1.837236603,1,1,0,0,76.29380834,0.681456594
06-02-2023,10,Customizable Dress,10,1996.33527,1.837236603,1,1,0,0,76.29380834,0.681456594
07-02-2023,1,Floral Sundress,17,1526.338126,4.475077832,0,0,0,0,61.94179201,0.755557966
07-02-2023,2,Evening Gown,46,1526.338126,4.475077832,0,0,0,0,61.94179201,0.755557966
07-02-2023,3,Business Casual Dress,56,1526.338126,4.475077832,0,0,0,0,61.94179201,0.755557966
07-02-2023,4,Sequin Party Dress,97,1526.338126,4.475077832,0,0,0,0,61.94179201,0.755557966
07-02-2023,5,Summer Maxi Dress,69,1526.338126,4.475077832,0,0,0,0,61.94179201,0.755557966
07-02-2023,6,Bridal Gown,33,1526.338126,4.475077832,0,0,0,0,61.94179201,0.755557966
07-02-2023,7,Traditional Ethnic Dress,44,1526.338126,4.475077832,0,0,0,0,61.94179201,0.755557966
07-02-2023,8,Maternity Nursing Dress,50,1526.338126,4.475077832,0,0,0,0,61.94179201,0.755557966
07-02-2023,9,Sporty Athleisure Dress,43,1526.338126,4.475077832,0,0,0,0,61.94179201,0.755557966
07-02-2023,10,Customizable Dress,96,1526.338126,4.475077832,0,0,0,0,61.94179201,0.755557966
08-02-2023,1,Floral Sundress,42,1398.470478,3.012691289,0,0,0,0,60.19337574,0.777256517
08-02-2023,2,Evening Gown,60,1398.470478,3.012691289,0,0,0,0,60.19337574,0.777256517
08-02-2023,3,Business Casual Dress,96,1398.470478,3.012691289,0,0,0,0,60.19337574,0.777256517
08-02-2023,4,Sequin Party Dress,19,1398.470478,3.012691289,0,0,0,0,60.19337574,0.777256517
08-02-2023,5,Summer Maxi Dress,15,1398.470478,3.012691289,0,0,0,0,60.19337574,0.777256517
08-02-2023,6,Bridal Gown,98,1398.470478,3.012691289,0,0,0,0,60.19337574,0.777256517
08-02-2023,7,Traditional Ethnic Dress,26,1398.470478,3.012691289,0,0,0,0,60.19337574,0.777256517
08-02-2023,8,Maternity Nursing Dress,15,1398.470478,3.012691289,0,0,0,0,60.19337574,0.777256517
08-02-2023,9,Sporty Athleisure Dress,50,1398.470478,3.012691289,0,0,0,0,60.19337574,0.777256517
08-02-2023,10,Customizable Dress,86,1398.470478,3.012691289,0,0,0,0,60.19337574,0.777256517
09-02-2023,1,Floral Sundress,91,1800.887158,4.090657311,0,0,0,0,72.18886579,0.611256034
09-02-2023,2,Evening Gown,43,1800.887158,4.090657311,0,0,0,0,72.18886579,0.611256034
09-02-2023,3,Business Casual Dress,34,1800.887158,4.090657311,0,0,0,0,72.18886579,0.611256034
09-02-2023,4,Sequin Party Dress,99,1800.887158,4.090657311,0,0,0,0,72.18886579,0.611256034
09-02-2023,5,Summer Maxi Dress,11,1800.887158,4.090657311,0,0,0,0,72.18886579,0.611256034
09-02-2023,6,Bridal Gown,66,1800.887158,4.090657311,0,0,0,0,72.18886579,0.611256034
09-02-2023,7,Traditional Ethnic Dress,56,1800.887158,4.090657311,0,0,0,0,72.18886579,0.611256034
09-02-2023,8,Maternity Nursing Dress,82,1800.887158,4.090657311,0,0,0,0,72.18886579,0.611256034
09-02-2023,9,Sporty Athleisure Dress,74,1800.887158,4.090657311,0,0,0,0,72.18886579,0.611256034
09-02-2023,10,Customizable Dress,27,1800.887158,4.090657311,0,0,0,0,72.18886579,0.611256034
10-02-2023,1,Floral Sundress,12,1538.179602,3.014465234,0,0,0,0,50.74724535,0.089925379
10-02-2023,2,Evening Gown,49,1538.179602,3.014465234,0,0,0,0,50.74724535,0.089925379
10-02-2023,3,Business Casual Dress,71,1538.179602,3.014465234,0,0,0,0,50.74724535,0.089925379
10-02-2023,4,Sequin Party Dress,11,1538.179602,3.014465234,0,0,0,0,50.74724535,0.089925379
10-02-2023,5,Summer Maxi Dress,15,1538.179602,3.014465234,0,0,0,0,50.74724535,0.089925379
10-02-2023,6,Bridal Gown,23,1538.179602,3.014465234,0,0,0,0,50.74724535,0.089925379
10-02-2023,7,Traditional Ethnic Dress,64,1538.179602,3.014465234,0,0,0,0,50.74724535,0.089925379
10-02-2023,8,Maternity Nursing Dress,80,1538.179602,3.014465234,0,0,0,0,50.74724535,0.089925379
10-02-2023,9,Sporty Athleisure Dress,78,1538.179602,3.014465234,0,0,0,0,50.74724535,0.089925379
10-02-2023,10,Customizable Dress,89,1538.179602,3.014465234,0,0,0,0,50.74724535,0.089925379
11-02-2023,1,Floral Sundress,22,1439.842087,2.419210962,1,1,0,0,88.03195895,0.560742003
11-02-2023,2,Evening Gown,32,1439.842087,2.419210962,1,1,0,0,88.03195895,0.560742003
11-02-2023,3,Business Casual Dress,74,1439.842087,2.419210962,1,1,0,0,88.03195895,0.560742003
11-02-2023,4,Sequin Party Dress,41,1439.842087,2.419210962,1,1,0,0,88.03195895,0.560742003
11-02-2023,5,Summer Maxi Dress,43,1439.842087,2.419210962,1,1,0,0,88.03195895,0.560742003
11-02-2023,6,Bridal Gown,48,1439.842087,2.419210962,1,1,0,0,88.03195895,0.560742003
11-02-2023,7,Traditional Ethnic Dress,69,1439.842087,2.419210962,1,1,0,0,88.03195895,0.560742003
11-02-2023,8,Maternity Nursing Dress,36,1439.842087,2.419210962,1,1,0,0,88.03195895,0.560742003
11-02-2023,9,Sporty Athleisure Dress,28,1439.842087,2.419210962,1,1,0,0,88.03195895,0.560742003
11-02-2023,10,Customizable Dress,88,1439.842087,2.419210962,1,1,0,0,88.03195895,0.560742003
12-02-2023,1,Floral Sundress,46,1634.198276,1.189113134,0,1,0,0,51.80367028,0.703235301
12-02-2023,2,Evening Gown,98,1634.198276,1.189113134,0,1,0,0,51.80367028,0.703235301
12-02-2023,3,Business Casual Dress,14,1634.198276,1.189113134,0,1,0,0,51.80367028,0.703235301
12-02-2023,4,Sequin Party Dress,89,1634.198276,1.189113134,0,1,0,0,51.80367028,0.703235301
12-02-2023,5,Summer Maxi Dress,17,1634.198276,1.189113134,0,1,0,0,51.80367028,0.703235301
12-02-2023,6,Bridal Gown,98,1634.198276,1.189113134,0,1,0,0,51.80367028,0.703235301
12-02-2023,7,Traditional Ethnic Dress,67,1634.198276,1.189113134,0,1,0,0,51.80367028,0.703235301
12-02-2023,8,Maternity Nursing Dress,48,1634.198276,1.189113134,0,1,0,0,51.80367028,0.703235301
12-02-2023,9,Sporty Athleisure Dress,92,1634.198276,1.189113134,0,1,0,0,51.80367028,0.703235301
12-02-2023,10,Customizable Dress,51,1634.198276,1.189113134,0,1,0,0,51.80367028,0.703235301
13-02-2023,1,Floral Sundress,70,1669.325148,3.812551953,0,0,0,0,55.09751043,0.54749986
13-02-2023,2,Evening Gown,15,1669.325148,3.812551953,0,0,0,0,55.09751043,0.54749986
13-02-2023,3,Business Casual Dress,18,1669.325148,3.812551953,0,0,0,0,55.09751043,0.54749986
13-02-2023,4,Sequin Party Dress,88,1669.325148,3.812551953,0,0,0,0,55.09751043,0.54749986
13-02-2023,5,Summer Maxi Dress,85,1669.325148,3.812551953,0,0,0,0,55.09751043,0.54749986
13-02-2023,6,Bridal Gown,58,1669.325148,3.812551953,0,0,0,0,55.09751043,0.54749986
13-02-2023,7,Traditional Ethnic Dress,27,1669.325148,3.812551953,0,0,0,0,55.09751043,0.54749986
13-02-2023,8,Maternity Nursing Dress,96,1669.325148,3.812551953,0,0,0,0,55.09751043,0.54749986
13-02-2023,9,Sporty Athleisure Dress,56,1669.325148,3.812551953,0,0,0,0,55.09751043,0.54749986
13-02-2023,10,Customizable Dress,63,1669.325148,3.812551953,0,0,0,0,55.09751043,0.54749986
14-02-2023,1,Floral Sundress,14,1854.170799,4.413869413,1,0,0,0,51.61896678,0.729472346
14-02-2023,2,Evening Gown,13,1854.170799,4.413869413,1,0,0,0,51.61896678,0.729472346
14-02-2023,3,Business Casual Dress,10,1854.170799,4.413869413,1,0,0,0,51.61896678,0.729472346
14-02-2023,4,Sequin Party Dress,11,1854.170799,4.413869413,1,0,0,0,51.61896678,0.729472346
14-02-2023,5,Summer Maxi Dress,96,1854.170799,4.413869413,1,0,0,0,51.61896678,0.729472346
14-02-2023,6,Bridal Gown,50,1854.170799,4.413869413,1,0,0,0,51.61896678,0.729472346
14-02-2023,7,Traditional Ethnic Dress,11,1854.170799,4.413869413,1,0,0,0,51.61896678,0.729472346
14-02-2023,8,Maternity Nursing Dress,43,1854.170799,4.413869413,1,0,0,0,51.61896678,0.729472346
14-02-2023,9,Sporty Athleisure Dress,49,1854.170799,4.413869413,1,0,0,0,51.61896678,0.729472346
14-02-2023,10,Customizable Dress,68,1854.170799,4.413869413,1,0,0,0,51.61896678,0.729472346
15-02-2023,1,Floral Sundress,10,1415.944139,2.253688071,1,0,0,0,67.59394429,0.180008394
15-02-2023,2,Evening Gown,63,1415.944139,2.253688071,1,0,0,0,67.59394429,0.180008394
15-02-2023,3,Business Casual Dress,49,1415.944139,2.253688071,1,0,0,0,67.59394429,0.180008394
15-02-2023,4,Sequin Party Dress,95,1415.944139,2.253688071,1,0,0,0,67.59394429,0.180008394
15-02-2023,5,Summer Maxi Dress,45,1415.944139,2.253688071,1,0,0,0,67.59394429,0.180008394
15-02-2023,6,Bridal Gown,46,1415.944139,2.253688071,1,0,0,0,67.59394429,0.180008394
15-02-2023,7,Traditional Ethnic Dress,42,1415.944139,2.253688071,1,0,0,0,67.59394429,0.180008394
15-02-2023,8,Maternity Nursing Dress,31,1415.944139,2.253688071,1,0,0,0,67.59394429,0.180008394
15-02-2023,9,Sporty Athleisure Dress,78,1415.944139,2.253688071,1,0,0,0,67.59394429,0.180008394
15-02-2023,10,Customizable Dress,18,1415.944139,2.253688071,1,0,0,0,67.59394429,0.180008394
16-02-2023,1,Floral Sundress,66,1243.033384,4.357959656,0,1,0,0,59.05507497,0.741521668
16-02-2023,2,Evening Gown,30,1243.033384,4.357959656,0,1,0,0,59.05507497,0.741521668
16-02-2023,3,Business Casual Dress,12,1243.033384,4.357959656,0,1,0,0,59.05507497,0.741521668
16-02-2023,4,Sequin Party Dress,85,1243.033384,4.357959656,0,1,0,0,59.05507497,0.741521668
16-02-2023,5,Summer Maxi Dress,82,1243.033384,4.357959656,0,1,0,0,59.05507497,0.741521668
16-02-2023,6,Bridal Gown,73,1243.033384,4.357959656,0,1,0,0,59.05507497,0.741521668
16-02-2023,7,Traditional Ethnic Dress,87,1243.033384,4.357959656,0,1,0,0,59.05507497,0.741521668
16-02-2023,8,Maternity Nursing Dress,57,1243.033384,4.357959656,0,1,0,0,59.05507497,0.741521668
16-02-2023,9,Sporty Athleisure Dress,77,1243.033384,4.357959656,0,1,0,0,59.05507497,0.741521668
16-02-2023,10,Customizable Dress,37,1243.033384,4.357959656,0,1,0,0,59.05507497,0.741521668
17-02-2023,1,Floral Sundress,81,1375.294087,4.539004811,1,0,0,0,72.61872267,0.138736903
17-02-2023,2,Evening Gown,53,1375.294087,4.539004811,1,0,0,0,72.61872267,0.138736903
17-02-2023,3,Business Casual Dress,29,1375.294087,4.539004811,1,0,0,0,72.61872267,0.138736903
17-02-2023,4,Sequin Party Dress,61,1375.294087,4.539004811,1,0,0,0,72.61872267,0.138736903
17-02-2023,5,Summer Maxi Dress,55,1375.294087,4.539004811,1,0,0,0,72.61872267,0.138736903
17-02-2023,6,Bridal Gown,89,1375.294087,4.539004811,1,0,0,0,72.61872267,0.138736903
17-02-2023,7,Traditional Ethnic Dress,29,1375.294087,4.539004811,1,0,0,0,72.61872267,0.138736903
17-02-2023,8,Maternity Nursing Dress,45,1375.294087,4.539004811,1,0,0,0,72.61872267,0.138736903
17-02-2023,9,Sporty Athleisure Dress,23,1375.294087,4.539004811,1,0,0,0,72.61872267,0.138736903
17-02-2023,10,Customizable Dress,84,1375.294087,4.539004811,1,0,0,0,72.61872267,0.138736903
18-02-2023,1,Floral Sundress,41,1300.493238,3.736065801,0,1,0,0,51.00600223,0.115546438
18-02-2023,2,Evening Gown,11,1300.493238,3.736065801,0,1,0,0,51.00600223,0.115546438
18-02-2023,3,Business Casual Dress,52,1300.493238,3.736065801,0,1,0,0,51.00600223,0.115546438
18-02-2023,4,Sequin Party Dress,68,1300.493238,3.736065801,0,1,0,0,51.00600223,0.115546438
18-02-2023,5,Summer Maxi Dress,49,1300.493238,3.736065801,0,1,0,0,51.00600223,0.115546438
18-02-2023,6,Bridal Gown,71,1300.493238,3.736065801,0,1,0,0,51.00600223,0.115546438
18-02-2023,7,Traditional Ethnic Dress,32,1300.493238,3.736065801,0,1,0,0,51.00600223,0.115546438
18-02-2023,8,Maternity Nursing Dress,32,1300.493238,3.736065801,0,1,0,0,51.00600223,0.115546438
18-02-2023,9,Sporty Athleisure Dress,56,1300.493238,3.736065801,0,1,0,0,51.00600223,0.115546438
18-02-2023,10,Customizable Dress,44,1300.493238,3.736065801,0,1,0,0,51.00600223,0.115546438
19-02-2023,1,Floral Sundress,65,1370.380629,4.648911494,1,0,0,0,65.88536069,0.110589317
19-02-2023,2,Evening Gown,88,1370.380629,4.648911494,1,0,0,0,65.88536069,0.110589317
19-02-2023,3,Business Casual Dress,95,1370.380629,4.648911494,1,0,0,0,65.88536069,0.110589317
19-02-2023,4,Sequin Party Dress,13,1370.380629,4.648911494,1,0,0,0,65.88536069,0.110589317
19-02-2023,5,Summer Maxi Dress,57,1370.380629,4.648911494,1,0,0,0,65.88536069,0.110589317
19-02-2023,6,Bridal Gown,90,1370.380629,4.648911494,1,0,0,0,65.88536069,0.110589317
19-02-2023,7,Traditional Ethnic Dress,36,1370.380629,4.648911494,1,0,0,0,65.88536069,0.110589317
19-02-2023,8,Maternity Nursing Dress,84,1370.380629,4.648911494,1,0,0,0,65.88536069,0.110589317
19-02-2023,9,Sporty Athleisure Dress,88,1370.380629,4.648911494,1,0,0,0,65.88536069,0.110589317
19-02-2023,10,Customizable Dress,46,1370.380629,4.648911494,1,0,0,0,65.88536069,0.110589317
20-02-2023,1,Floral Sundress,78,1156.625074,4.372031594,0,1,0,0,80.19280219,0.376915835
20-02-2023,2,Evening Gown,53,1156.625074,4.372031594,0,1,0,0,80.19280219,0.376915835
20-02-2023,3,Business Casual Dress,71,1156.625074,4.372031594,0,1,0,0,80.19280219,0.376915835
20-02-2023,4,Sequin Party Dress,86,1156.625074,4.372031594,0,1,0,0,80.19280219,0.376915835
20-02-2023,5,Summer Maxi Dress,94,1156.625074,4.372031594,0,1,0,0,80.19280219,0.376915835
20-02-2023,6,Bridal Gown,27,1156.625074,4.372031594,0,1,0,0,80.19280219,0.376915835
20-02-2023,7,Traditional Ethnic Dress,90,1156.625074,4.372031594,0,1,0,0,80.19280219,0.376915835
20-02-2023,8,Maternity Nursing Dress,86,1156.625074,4.372031594,0,1,0,0,80.19280219,0.376915835
20-02-2023,9,Sporty Athleisure Dress,19,1156.625074,4.372031594,0,1,0,0,80.19280219,0.376915835
20-02-2023,10,Customizable Dress,85,1156.625074,4.372031594,0,1,0,0,80.19280219,0.376915835
21-02-2023,1,Floral Sundress,44,1131.141572,2.289753265,0,0,0,0,68.19118121,0.170806179
21-02-2023,2,Evening Gown,43,1131.141572,2.289753265,0,0,0,0,68.19118121,0.170806179
21-02-2023,3,Business Casual Dress,13,1131.141572,2.289753265,0,0,0,0,68.19118121,0.170806179
21-02-2023,4,Sequin Party Dress,33,1131.141572,2.289753265,0,0,0,0,68.19118121,0.170806179
21-02-2023,5,Summer Maxi Dress,60,1131.141572,2.289753265,0,0,0,0,68.19118121,0.170806179
21-02-2023,6,Bridal Gown,45,1131.141572,2.289753265,0,0,0,0,68.19118121,0.170806179
21-02-2023,7,Traditional Ethnic Dress,22,1131.141572,2.289753265,0,0,0,0,68.19118121,0.170806179
21-02-2023,8,Maternity Nursing Dress,40,1131.141572,2.289753265,0,0,0,0,68.19118121,0.170806179
21-02-2023,9,Sporty Athleisure Dress,26,1131.141572,2.289753265,0,0,0,0,68.19118121,0.170806179
21-02-2023,10,Customizable Dress,66,1131.141572,2.289753265,0,0,0,0,68.19118121,0.170806179
22-02-2023,1,Floral Sundress,20,1563.985532,2.021702935,1,1,0,0,52.09848829,0.469614921
22-02-2023,2,Evening Gown,37,1563.985532,2.021702935,1,1,0,0,52.09848829,0.469614921
22-02-2023,3,Business Casual Dress,66,1563.985532,2.021702935,1,1,0,0,52.09848829,0.469614921
22-02-2023,4,Sequin Party Dress,31,1563.985532,2.021702935,1,1,0,0,52.09848829,0.469614921
22-02-2023,5,Summer Maxi Dress,36,1563.985532,2.021702935,1,1,0,0,52.09848829,0.469614921
22-02-2023,6,Bridal Gown,32,1563.985532,2.021702935,1,1,0,0,52.09848829,0.469614921
22-02-2023,7,Traditional Ethnic Dress,42,1563.985532,2.021702935,1,1,0,0,52.09848829,0.469614921
22-02-2023,8,Maternity Nursing Dress,41,1563.985532,2.021702935,1,1,0,0,52.09848829,0.469614921
22-02-2023,9,Sporty Athleisure Dress,23,1563.985532,2.021702935,1,1,0,0,52.09848829,0.469614921
22-02-2023,10,Customizable Dress,20,1563.985532,2.021702935,1,1,0,0,52.09848829,0.469614921
23-02-2023,1,Floral Sundress,80,1133.437743,3.39081647,0,1,0,0,77.30269208,0.509432457
23-02-2023,2,Evening Gown,10,1133.437743,3.39081647,0,1,0,0,77.30269208,0.509432457
23-02-2023,3,Business Casual Dress,33,1133.437743,3.39081647,0,1,0,0,77.30269208,0.509432457
23-02-2023,4,Sequin Party Dress,44,1133.437743,3.39081647,0,1,0,0,77.30269208,0.509432457
23-02-2023,5,Summer Maxi Dress,43,1133.437743,3.39081647,0,1,0,0,77.30269208,0.509432457
23-02-2023,6,Bridal Gown,53,1133.437743,3.39081647,0,1,0,0,77.30269208,0.509432457
23-02-2023,7,Traditional Ethnic Dress,35,1133.437743,3.39081647,0,1,0,0,77.30269208,0.509432457
23-02-2023,8,Maternity Nursing Dress,66,1133.437743,3.39081647,0,1,0,0,77.30269208,0.509432457
23-02-2023,9,Sporty Athleisure Dress,10,1133.437743,3.39081647,0,1,0,0,77.30269208,0.509432457
23-02-2023,10,Customizable Dress,12,1133.437743,3.39081647,0,1,0,0,77.30269208,0.509432457
24-02-2023,1,Floral Sundress,15,1985.13431,4.61635546,0,1,0,0,67.23148158,0.522481111
24-02-2023,2,Evening Gown,24,1985.13431,4.61635546,0,1,0,0,67.23148158,0.522481111
24-02-2023,3,Business Casual Dress,15,1985.13431,4.61635546,0,1,0,0,67.23148158,0.522481111
24-02-2023,4,Sequin Party Dress,69,1985.13431,4.61635546,0,1,0,0,67.23148158,0.522481111
24-02-2023,5,Summer Maxi Dress,27,1985.13431,4.61635546,0,1,0,0,67.23148158,0.522481111
24-02-2023,6,Bridal Gown,66,1985.13431,4.61635546,0,1,0,0,67.23148158,0.522481111
24-02-2023,7,Traditional Ethnic Dress,29,1985.13431,4.61635546,0,1,0,0,67.23148158,0.522481111
24-02-2023,8,Maternity Nursing Dress,30,1985.13431,4.61635546,0,1,0,0,67.23148158,0.522481111
24-02-2023,9,Sporty Athleisure Dress,48,1985.13431,4.61635546,0,1,0,0,67.23148158,0.522481111
24-02-2023,10,Customizable Dress,26,1985.13431,4.61635546,0,1,0,0,67.23148158,0.522481111
25-02-2023,1,Floral Sundress,86,1296.945569,1.176036166,1,1,0,0,54.42734561,0.184251235
25-02-2023,2,Evening Gown,98,1296.945569,1.176036166,1,1,0,0,54.42734561,0.184251235
25-02-2023,3,Business Casual Dress,64,1296.945569,1.176036166,1,1,0,0,54.42734561,0.184251235
25-02-2023,4,Sequin Party Dress,18,1296.945569,1.176036166,1,1,0,0,54.42734561,0.184251235
25-02-2023,5,Summer Maxi Dress,29,1296.945569,1.176036166,1,1,0,0,54.42734561,0.184251235
25-02-2023,6,Bridal Gown,11,1296.945569,1.176036166,1,1,0,0,54.42734561,0.184251235
25-02-2023,7,Traditional Ethnic Dress,13,1296.945569,1.176036166,1,1,0,0,54.42734561,0.184251235
25-02-2023,8,Maternity Nursing Dress,36,1296.945569,1.176036166,1,1,0,0,54.42734561,0.184251235
25-02-2023,9,Sporty Athleisure Dress,72,1296.945569,1.176036166,1,1,0,0,54.42734561,0.184251235
25-02-2023,10,Customizable Dress,58,1296.945569,1.176036166,1,1,0,0,54.42734561,0.184251235
26-02-2023,1,Floral Sundress,78,1896.737097,3.069626498,0,1,0,0,72.6975793,0.347229671
26-02-2023,2,Evening Gown,91,1896.737097,3.069626498,0,1,0,0,72.6975793,0.347229671
26-02-2023,3,Business Casual Dress,86,1896.737097,3.069626498,0,1,0,0,72.6975793,0.347229671
26-02-2023,4,Sequin Party Dress,42,1896.737097,3.069626498,0,1,0,0,72.6975793,0.347229671
26-02-2023,5,Summer Maxi Dress,10,1896.737097,3.069626498,0,1,0,0,72.6975793,0.347229671
26-02-2023,6,Bridal Gown,20,1896.737097,3.069626498,0,1,0,0,72.6975793,0.347229671
26-02-2023,7,Traditional Ethnic Dress,21,1896.737097,3.069626498,0,1,0,0,72.6975793,0.347229671
26-02-2023,8,Maternity Nursing Dress,47,1896.737097,3.069626498,0,1,0,0,72.6975793,0.347229671
26-02-2023,9,Sporty Athleisure Dress,74,1896.737097,3.069626498,0,1,0,0,72.6975793,0.347229671
26-02-2023,10,Customizable Dress,85,1896.737097,3.069626498,0,1,0,0,72.6975793,0.347229671
27-02-2023,1,Floral Sundress,72,1016.211404,4.629377728,0,1,0,0,80.39882729,0.151760561
27-02-2023,2,Evening Gown,17,1016.211404,4.629377728,0,1,0,0,80.39882729,0.151760561
27-02-2023,3,Business Casual Dress,84,1016.211404,4.629377728,0,1,0,0,80.39882729,0.151760561
27-02-2023,4,Sequin Party Dress,23,1016.211404,4.629377728,0,1,0,0,80.39882729,0.151760561
27-02-2023,5,Summer Maxi Dress,70,1016.211404,4.629377728,0,1,0,0,80.39882729,0.151760561
27-02-2023,6,Bridal Gown,44,1016.211404,4.629377728,0,1,0,0,80.39882729,0.151760561
27-02-2023,7,Traditional Ethnic Dress,25,1016.211404,4.629377728,0,1,0,0,80.39882729,0.151760561
27-02-2023,8,Maternity Nursing Dress,28,1016.211404,4.629377728,0,1,0,0,80.39882729,0.151760561
27-02-2023,9,Sporty Athleisure Dress,24,1016.211404,4.629377728,0,1,0,0,80.39882729,0.151760561
27-02-2023,10,Customizable Dress,23,1016.211404,4.629377728,0,1,0,0,80.39882729,0.151760561
28-02-2023,1,Floral Sundress,72,1296.285052,4.108724787,1,0,0,0,74.07315846,0.217516289
28-02-2023,2,Evening Gown,88,1296.285052,4.108724787,1,0,0,0,74.07315846,0.217516289
28-02-2023,3,Business Casual Dress,35,1296.285052,4.108724787,1,0,0,0,74.07315846,0.217516289
28-02-2023,4,Sequin Party Dress,32,1296.285052,4.108724787,1,0,0,0,74.07315846,0.217516289
28-02-2023,5,Summer Maxi Dress,16,1296.285052,4.108724787,1,0,0,0,74.07315846,0.217516289
28-02-2023,6,Bridal Gown,51,1296.285052,4.108724787,1,0,0,0,74.07315846,0.217516289
28-02-2023,7,Traditional Ethnic Dress,60,1296.285052,4.108724787,1,0,0,0,74.07315846,0.217516289
28-02-2023,8,Maternity Nursing Dress,49,1296.285052,4.108724787,1,0,0,0,74.07315846,0.217516289
28-02-2023,9,Sporty Athleisure Dress,70,1296.285052,4.108724787,1,0,0,0,74.07315846,0.217516289
28-02-2023,10,Customizable Dress,34,1296.285052,4.108724787,1,0,0,0,74.07315846,0.217516289
01-03-2023,1,Floral Sundress,94,1402.76903,4.721439457,1,1,0,0,50.61542597,0.233996704
01-03-2023,2,Evening Gown,32,1402.76903,4.721439457,1,1,0,0,50.61542597,0.233996704
01-03-2023,3,Business Casual Dress,25,1402.76903,4.721439457,1,1,0,0,50.61542597,0.233996704
01-03-2023,4,Sequin Party Dress,35,1402.76903,4.721439457,1,1,0,0,50.61542597,0.233996704
01-03-2023,5,Summer Maxi Dress,22,1402.76903,4.721439457,1,1,0,0,50.61542597,0.233996704
01-03-2023,6,Bridal Gown,52,1402.76903,4.721439457,1,1,0,0,50.61542597,0.233996704
01-03-2023,7,Traditional Ethnic Dress,26,1402.76903,4.721439457,1,1,0,0,50.61542597,0.233996704
01-03-2023,8,Maternity Nursing Dress,87,1402.76903,4.721439457,1,1,0,0,50.61542597,0.233996704
01-03-2023,9,Sporty Athleisure Dress,85,1402.76903,4.721439457,1,1,0,0,50.61542597,0.233996704
01-03-2023,10,Customizable Dress,33,1402.76903,4.721439457,1,1,0,0,50.61542597,0.233996704
02-03-2023,1,Floral Sundress,87,1696.03086,1.552278878,1,1,0,0,55.52775808,0.030528239
02-03-2023,2,Evening Gown,56,1696.03086,1.552278878,1,1,0,0,55.52775808,0.030528239
02-03-2023,3,Business Casual Dress,77,1696.03086,1.552278878,1,1,0,0,55.52775808,0.030528239
02-03-2023,4,Sequin Party Dress,11,1696.03086,1.552278878,1,1,0,0,55.52775808,0.030528239
02-03-2023,5,Summer Maxi Dress,98,1696.03086,1.552278878,1,1,0,0,55.52775808,0.030528239
02-03-2023,6,Bridal Gown,67,1696.03086,1.552278878,1,1,0,0,55.52775808,0.030528239
02-03-2023,7,Traditional Ethnic Dress,73,1696.03086,1.552278878,1,1,0,0,55.52775808,0.030528239
02-03-2023,8,Maternity Nursing Dress,97,1696.03086,1.552278878,1,1,0,0,55.52775808,0.030528239
02-03-2023,9,Sporty Athleisure Dress,69,1696.03086,1.552278878,1,1,0,0,55.52775808,0.030528239
02-03-2023,10,Customizable Dress,55,1696.03086,1.552278878,1,1,0,0,55.52775808,0.030528239
03-03-2023,1,Floral Sundress,38,1589.076828,4.317101921,0,0,0,0,75.9960347,0.669375396
03-03-2023,2,Evening Gown,77,1589.076828,4.317101921,0,0,0,0,75.9960347,0.669375396
03-03-2023,3,Business Casual Dress,54,1589.076828,4.317101921,0,0,0,0,75.9960347,0.669375396
03-03-2023,4,Sequin Party Dress,10,1589.076828,4.317101921,0,0,0,0,75.9960347,0.669375396
03-03-2023,5,Summer Maxi Dress,12,1589.076828,4.317101921,0,0,0,0,75.9960347,0.669375396
03-03-2023,6,Bridal Gown,83,1589.076828,4.317101921,0,0,0,0,75.9960347,0.669375396
03-03-2023,7,Traditional Ethnic Dress,22,1589.076828,4.317101921,0,0,0,0,75.9960347,0.669375396
03-03-2023,8,Maternity Nursing Dress,64,1589.076828,4.317101921,0,0,0,0,75.9960347,0.669375396
03-03-2023,9,Sporty Athleisure Dress,22,1589.076828,4.317101921,0,0,0,0,75.9960347,0.669375396
03-03-2023,10,Customizable Dress,50,1589.076828,4.317101921,0,0,0,0,75.9960347,0.669375396
04-03-2023,1,Floral Sundress,71,1424.875339,4.415697386,1,0,0,0,67.81926891,0.384240987
04-03-2023,2,Evening Gown,27,1424.875339,4.415697386,1,0,0,0,67.81926891,0.384240987
04-03-2023,3,Business Casual Dress,26,1424.875339,4.415697386,1,0,0,0,67.81926891,0.384240987
04-03-2023,4,Sequin Party Dress,12,1424.875339,4.415697386,1,0,0,0,67.81926891,0.384240987
04-03-2023,5,Summer Maxi Dress,68,1424.875339,4.415697386,1,0,0,0,67.81926891,0.384240987
04-03-2023,6,Bridal Gown,22,1424.875339,4.415697386,1,0,0,0,67.81926891,0.384240987
04-03-2023,7,Traditional Ethnic Dress,80,1424.875339,4.415697386,1,0,0,0,67.81926891,0.384240987
04-03-2023,8,Maternity Nursing Dress,58,1424.875339,4.415697386,1,0,0,0,67.81926891,0.384240987
04-03-2023,9,Sporty Athleisure Dress,82,1424.875339,4.415697386,1,0,0,0,67.81926891,0.384240987
04-03-2023,10,Customizable Dress,29,1424.875339,4.415697386,1,0,0,0,67.81926891,0.384240987
05-03-2023,1,Floral Sundress,58,1367.91736,4.938950249,0,1,0,0,52.34907739,0.675687514
05-03-2023,2,Evening Gown,26,1367.91736,4.938950249,0,1,0,0,52.34907739,0.675687514
05-03-2023,3,Business Casual Dress,92,1367.91736,4.938950249,0,1,0,0,52.34907739,0.675687514
05-03-2023,4,Sequin Party Dress,93,1367.91736,4.938950249,0,1,0,0,52.34907739,0.675687514
05-03-2023,5,Summer Maxi Dress,68,1367.91736,4.938950249,0,1,0,0,52.34907739,0.675687514
05-03-2023,6,Bridal Gown,26,1367.91736,4.938950249,0,1,0,0,52.34907739,0.675687514
05-03-2023,7,Traditional Ethnic Dress,40,1367.91736,4.938950249,0,1,0,0,52.34907739,0.675687514
05-03-2023,8,Maternity Nursing Dress,34,1367.91736,4.938950249,0,1,0,0,52.34907739,0.675687514
05-03-2023,9,Sporty Athleisure Dress,98,1367.91736,4.938950249,0,1,0,0,52.34907739,0.675687514
05-03-2023,10,Customizable Dress,46,1367.91736,4.938950249,0,1,0,0,52.34907739,0.675687514
06-03-2023,1,Floral Sundress,25,1669.181763,3.123658193,1,1,0,0,89.49042595,0.717171037
06-03-2023,2,Evening Gown,51,1669.181763,3.123658193,1,1,0,0,89.49042595,0.717171037
06-03-2023,3,Business Casual Dress,16,1669.181763,3.123658193,1,1,0,0,89.49042595,0.717171037
06-03-2023,4,Sequin Party Dress,57,1669.181763,3.123658193,1,1,0,0,89.49042595,0.717171037
06-03-2023,5,Summer Maxi Dress,94,1669.181763,3.123658193,1,1,0,0,89.49042595,0.717171037
06-03-2023,6,Bridal Gown,23,1669.181763,3.123658193,1,1,0,0,89.49042595,0.717171037
06-03-2023,7,Traditional Ethnic Dress,36,1669.181763,3.123658193,1,1,0,0,89.49042595,0.717171037
06-03-2023,8,Maternity Nursing Dress,45,1669.181763,3.123658193,1,1,0,0,89.49042595,0.717171037
06-03-2023,9,Sporty Athleisure Dress,62,1669.181763,3.123658193,1,1,0,0,89.49042595,0.717171037
06-03-2023,10,Customizable Dress,79,1669.181763,3.123658193,1,1,0,0,89.49042595,0.717171037
07-03-2023,1,Floral Sundress,97,1680.274041,3.389338691,0,0,0,0,83.3887025,0.313943083
07-03-2023,2,Evening Gown,69,1680.274041,3.389338691,0,0,0,0,83.3887025,0.313943083
07-03-2023,3,Business Casual Dress,45,1680.274041,3.389338691,0,0,0,0,83.3887025,0.313943083
07-03-2023,4,Sequin Party Dress,64,1680.274041,3.389338691,0,0,0,0,83.3887025,0.313943083
07-03-2023,5,Summer Maxi Dress,18,1680.274041,3.389338691,0,0,0,0,83.3887025,0.313943083
07-03-2023,6,Bridal Gown,69,1680.274041,3.389338691,0,0,0,0,83.3887025,0.313943083
07-03-2023,7,Traditional Ethnic Dress,97,1680.274041,3.389338691,0,0,0,0,83.3887025,0.313943083
07-03-2023,8,Maternity Nursing Dress,18,1680.274041,3.389338691,0,0,0,0,83.3887025,0.313943083
07-03-2023,9,Sporty Athleisure Dress,67,1680.274041,3.389338691,0,0,0,0,83.3887025,0.313943083
07-03-2023,10,Customizable Dress,89,1680.274041,3.389338691,0,0,0,0,83.3887025,0.313943083
08-03-2023,1,Floral Sundress,41,1343.663831,4.182155135,0,0,0,0,84.84828797,0.880644661
08-03-2023,2,Evening Gown,77,1343.663831,4.182155135,0,0,0,0,84.84828797,0.880644661
08-03-2023,3,Business Casual Dress,41,1343.663831,4.182155135,0,0,0,0,84.84828797,0.880644661
08-03-2023,4,Sequin Party Dress,99,1343.663831,4.182155135,0,0,0,0,84.84828797,0.880644661
08-03-2023,5,Summer Maxi Dress,47,1343.663831,4.182155135,0,0,0,0,84.84828797,0.880644661
08-03-2023,6,Bridal Gown,94,1343.663831,4.182155135,0,0,0,0,84.84828797,0.880644661
08-03-2023,7,Traditional Ethnic Dress,94,1343.663831,4.182155135,0,0,0,0,84.84828797,0.880644661
08-03-2023,8,Maternity Nursing Dress,85,1343.663831,4.182155135,0,0,0,0,84.84828797,0.880644661
08-03-2023,9,Sporty Athleisure Dress,77,1343.663831,4.182155135,0,0,0,0,84.84828797,0.880644661
08-03-2023,10,Customizable Dress,15,1343.663831,4.182155135,0,0,0,0,84.84828797,0.880644661
09-03-2023,1,Floral Sundress,50,1306.496816,3.389282675,1,0,0,0,75.72905412,0.817568055
09-03-2023,2,Evening Gown,22,1306.496816,3.389282675,1,0,0,0,75.72905412,0.817568055
09-03-2023,3,Business Casual Dress,91,1306.496816,3.389282675,1,0,0,0,75.72905412,0.817568055
09-03-2023,4,Sequin Party Dress,98,1306.496816,3.389282675,1,0,0,0,75.72905412,0.817568055
09-03-2023,5,Summer Maxi Dress,15,1306.496816,3.389282675,1,0,0,0,75.72905412,0.817568055
09-03-2023,6,Bridal Gown,26,1306.496816,3.389282675,1,0,0,0,75.72905412,0.817568055
09-03-2023,7,Traditional Ethnic Dress,40,1306.496816,3.389282675,1,0,0,0,75.72905412,0.817568055
09-03-2023,8,Maternity Nursing Dress,70,1306.496816,3.389282675,1,0,0,0,75.72905412,0.817568055
09-03-2023,9,Sporty Athleisure Dress,13,1306.496816,3.389282675,1,0,0,0,75.72905412,0.817568055
09-03-2023,10,Customizable Dress,88,1306.496816,3.389282675,1,0,0,0,75.72905412,0.817568055
10-03-2023,1,Floral Sundress,57,1386.752294,2.46421015,1,0,0,0,86.72806574,0.692338279
10-03-2023,2,Evening Gown,54,1386.752294,2.46421015,1,0,0,0,86.72806574,0.692338279
10-03-2023,3,Business Casual Dress,16,1386.752294,2.46421015,1,0,0,0,86.72806574,0.692338279
10-03-2023,4,Sequin Party Dress,22,1386.752294,2.46421015,1,0,0,0,86.72806574,0.692338279
10-03-2023,5,Summer Maxi Dress,16,1386.752294,2.46421015,1,0,0,0,86.72806574,0.692338279
10-03-2023,6,Bridal Gown,52,1386.752294,2.46421015,1,0,0,0,86.72806574,0.692338279
10-03-2023,7,Traditional Ethnic Dress,13,1386.752294,2.46421015,1,0,0,0,86.72806574,0.692338279
10-03-2023,8,Maternity Nursing Dress,85,1386.752294,2.46421015,1,0,0,0,86.72806574,0.692338279
10-03-2023,9,Sporty Athleisure Dress,59,1386.752294,2.46421015,1,0,0,0,86.72806574,0.692338279
10-03-2023,10,Customizable Dress,64,1386.752294,2.46421015,1,0,0,0,86.72806574,0.692338279
11-03-2023,1,Floral Sundress,68,1289.175411,4.859571593,0,0,0,0,62.27033013,0.743510629
11-03-2023,2,Evening Gown,70,1289.175411,4.859571593,0,0,0,0,62.27033013,0.743510629
11-03-2023,3,Business Casual Dress,23,1289.175411,4.859571593,0,0,0,0,62.27033013,0.743510629
11-03-2023,4,Sequin Party Dress,85,1289.175411,4.859571593,0,0,0,0,62.27033013,0.743510629
11-03-2023,5,Summer Maxi Dress,54,1289.175411,4.859571593,0,0,0,0,62.27033013,0.743510629
11-03-2023,6,Bridal Gown,76,1289.175411,4.859571593,0,0,0,0,62.27033013,0.743510629
11-03-2023,7,Traditional Ethnic Dress,80,1289.175411,4.859571593,0,0,0,0,62.27033013,0.743510629
11-03-2023,8,Maternity Nursing Dress,63,1289.175411,4.859571593,0,0,0,0,62.27033013,0.743510629
11-03-2023,9,Sporty Athleisure Dress,46,1289.175411,4.859571593,0,0,0,0,62.27033013,0.743510629
11-03-2023,10,Customizable Dress,58,1289.175411,4.859571593,0,0,0,0,62.27033013,0.743510629
12-03-2023,1,Floral Sundress,12,1684.083851,3.653328706,1,1,0,0,72.230889,0.07225147
12-03-2023,2,Evening Gown,11,1684.083851,3.653328706,1,1,0,0,72.230889,0.07225147
12-03-2023,3,Business Casual Dress,20,1684.083851,3.653328706,1,1,0,0,72.230889,0.07225147
12-03-2023,4,Sequin Party Dress,13,1684.083851,3.653328706,1,1,0,0,72.230889,0.07225147
12-03-2023,5,Summer Maxi Dress,98,1684.083851,3.653328706,1,1,0,0,72.230889,0.07225147
12-03-2023,6,Bridal Gown,77,1684.083851,3.653328706,1,1,0,0,72.230889,0.07225147
12-03-2023,7,Traditional Ethnic Dress,14,1684.083851,3.653328706,1,1,0,0,72.230889,0.07225147
12-03-2023,8,Maternity Nursing Dress,10,1684.083851,3.653328706,1,1,0,0,72.230889,0.07225147
12-03-2023,9,Sporty Athleisure Dress,66,1684.083851,3.653328706,1,1,0,0,72.230889,0.07225147
12-03-2023,10,Customizable Dress,53,1684.083851,3.653328706,1,1,0,0,72.230889,0.07225147
13-03-2023,1,Floral Sundress,90,1957.291961,4.196167962,1,1,0,0,54.0290444,0.64693352
13-03-2023,2,Evening Gown,33,1957.291961,4.196167962,1,1,0,0,54.0290444,0.64693352
13-03-2023,3,Business Casual Dress,36,1957.291961,4.196167962,1,1,0,0,54.0290444,0.64693352
13-03-2023,4,Sequin Party Dress,48,1957.291961,4.196167962,1,1,0,0,54.0290444,0.64693352
13-03-2023,5,Summer Maxi Dress,35,1957.291961,4.196167962,1,1,0,0,54.0290444,0.64693352
13-03-2023,6,Bridal Gown,30,1957.291961,4.196167962,1,1,0,0,54.0290444,0.64693352
13-03-2023,7,Traditional Ethnic Dress,62,1957.291961,4.196167962,1,1,0,0,54.0290444,0.64693352
13-03-2023,8,Maternity Nursing Dress,18,1957.291961,4.196167962,1,1,0,0,54.0290444,0.64693352
13-03-2023,9,Sporty Athleisure Dress,62,1957.291961,4.196167962,1,1,0,0,54.0290444,0.64693352
13-03-2023,10,Customizable Dress,47,1957.291961,4.196167962,1,1,0,0,54.0290444,0.64693352
14-03-2023,1,Floral Sundress,68,1560.500859,4.783323183,0,1,0,0,85.51529871,0.182571588
14-03-2023,2,Evening Gown,61,1560.500859,4.783323183,0,1,0,0,85.51529871,0.182571588
14-03-2023,3,Business Casual Dress,59,1560.500859,4.783323183,0,1,0,0,85.51529871,0.182571588
14-03-2023,4,Sequin Party Dress,54,1560.500859,4.783323183,0,1,0,0,85.51529871,0.182571588
14-03-2023,5,Summer Maxi Dress,86,1560.500859,4.783323183,0,1,0,0,85.51529871,0.182571588
14-03-2023,6,Bridal Gown,15,1560.500859,4.783323183,0,1,0,0,85.51529871,0.182571588
14-03-2023,7,Traditional Ethnic Dress,99,1560.500859,4.783323183,0,1,0,0,85.51529871,0.182571588
14-03-2023,8,Maternity Nursing Dress,59,1560.500859,4.783323183,0,1,0,0,85.51529871,0.182571588
14-03-2023,9,Sporty Athleisure Dress,10,1560.500859,4.783323183,0,1,0,0,85.51529871,0.182571588
14-03-2023,10,Customizable Dress,94,1560.500859,4.783323183,0,1,0,0,85.51529871,0.182571588
15-03-2023,1,Floral Sundress,59,1539.069662,2.366867247,1,0,0,0,85.92756894,0.537895158
15-03-2023,2,Evening Gown,13,1539.069662,2.366867247,1,0,0,0,85.92756894,0.537895158
15-03-2023,3,Business Casual Dress,74,1539.069662,2.366867247,1,0,0,0,85.92756894,0.537895158
15-03-2023,4,Sequin Party Dress,95,1539.069662,2.366867247,1,0,0,0,85.92756894,0.537895158
15-03-2023,5,Summer Maxi Dress,34,1539.069662,2.366867247,1,0,0,0,85.92756894,0.537895158
15-03-2023,6,Bridal Gown,39,1539.069662,2.366867247,1,0,0,0,85.92756894,0.537895158
15-03-2023,7,Traditional Ethnic Dress,31,1539.069662,2.366867247,1,0,0,0,85.92756894,0.537895158
15-03-2023,8,Maternity Nursing Dress,84,1539.069662,2.366867247,1,0,0,0,85.92756894,0.537895158
15-03-2023,9,Sporty Athleisure Dress,31,1539.069662,2.366867247,1,0,0,0,85.92756894,0.537895158
15-03-2023,10,Customizable Dress,23,1539.069662,2.366867247,1,0,0,0,85.92756894,0.537895158
16-03-2023,1,Floral Sundress,62,1714.727409,1.197785569,1,1,0,0,67.47393659,0.3264512
16-03-2023,2,Evening Gown,17,1714.727409,1.197785569,1,1,0,0,67.47393659,0.3264512
16-03-2023,3,Business Casual Dress,46,1714.727409,1.197785569,1,1,0,0,67.47393659,0.3264512
16-03-2023,4,Sequin Party Dress,27,1714.727409,1.197785569,1,1,0,0,67.47393659,0.3264512
16-03-2023,5,Summer Maxi Dress,38,1714.727409,1.197785569,1,1,0,0,67.47393659,0.3264512
16-03-2023,6,Bridal Gown,53,1714.727409,1.197785569,1,1,0,0,67.47393659,0.3264512
16-03-2023,7,Traditional Ethnic Dress,33,1714.727409,1.197785569,1,1,0,0,67.47393659,0.3264512
16-03-2023,8,Maternity Nursing Dress,19,1714.727409,1.197785569,1,1,0,0,67.47393659,0.3264512
16-03-2023,9,Sporty Athleisure Dress,31,1714.727409,1.197785569,1,1,0,0,67.47393659,0.3264512
16-03-2023,10,Customizable Dress,32,1714.727409,1.197785569,1,1,0,0,67.47393659,0.3264512
17-03-2023,1,Floral Sundress,30,1356.71564,3.12546756,0,0,0,0,69.40090924,0.725228599
17-03-2023,2,Evening Gown,84,1356.71564,3.12546756,0,0,0,0,69.40090924,0.725228599
17-03-2023,3,Business Casual Dress,62,1356.71564,3.12546756,0,0,0,0,69.40090924,0.725228599
17-03-2023,4,Sequin Party Dress,58,1356.71564,3.12546756,0,0,0,0,69.40090924,0.725228599
17-03-2023,5,Summer Maxi Dress,91,1356.71564,3.12546756,0,0,0,0,69.40090924,0.725228599
17-03-2023,6,Bridal Gown,74,1356.71564,3.12546756,0,0,0,0,69.40090924,0.725228599
17-03-2023,7,Traditional Ethnic Dress,11,1356.71564,3.12546756,0,0,0,0,69.40090924,0.725228599
17-03-2023,8,Maternity Nursing Dress,11,1356.71564,3.12546756,0,0,0,0,69.40090924,0.725228599
17-03-2023,9,Sporty Athleisure Dress,87,1356.71564,3.12546756,0,0,0,0,69.40090924,0.725228599
17-03-2023,10,Customizable Dress,22,1356.71564,3.12546756,0,0,0,0,69.40090924,0.725228599
18-03-2023,1,Floral Sundress,33,1203.341814,3.969166928,0,1,0,0,59.5408164,0.638906565
18-03-2023,2,Evening Gown,23,1203.341814,3.969166928,0,1,0,0,59.5408164,0.638906565
18-03-2023,3,Business Casual Dress,99,1203.341814,3.969166928,0,1,0,0,59.5408164,0.638906565
18-03-2023,4,Sequin Party Dress,38,1203.341814,3.969166928,0,1,0,0,59.5408164,0.638906565
18-03-2023,5,Summer Maxi Dress,76,1203.341814,3.969166928,0,1,0,0,59.5408164,0.638906565
18-03-2023,6,Bridal Gown,56,1203.341814,3.969166928,0,1,0,0,59.5408164,0.638906565
18-03-2023,7,Traditional Ethnic Dress,18,1203.341814,3.969166928,0,1,0,0,59.5408164,0.638906565
18-03-2023,8,Maternity Nursing Dress,77,1203.341814,3.969166928,0,1,0,0,59.5408164,0.638906565
18-03-2023,9,Sporty Athleisure Dress,62,1203.341814,3.969166928,0,1,0,0,59.5408164,0.638906565
18-03-2023,10,Customizable Dress,41,1203.341814,3.969166928,0,1,0,0,59.5408164,0.638906565
19-03-2023,1,Floral Sundress,75,1781.746484,1.838666219,0,1,0,0,89.01910682,0.954339264
19-03-2023,2,Evening Gown,99,1781.746484,1.838666219,0,1,0,0,89.01910682,0.954339264
19-03-2023,3,Business Casual Dress,93,1781.746484,1.838666219,0,1,0,0,89.01910682,0.954339264
19-03-2023,4,Sequin Party Dress,73,1781.746484,1.838666219,0,1,0,0,89.01910682,0.954339264
19-03-2023,5,Summer Maxi Dress,32,1781.746484,1.838666219,0,1,0,0,89.01910682,0.954339264
19-03-2023,6,Bridal Gown,80,1781.746484,1.838666219,0,1,0,0,89.01910682,0.954339264
19-03-2023,7,Traditional Ethnic Dress,90,1781.746484,1.838666219,0,1,0,0,89.01910682,0.954339264
19-03-2023,8,Maternity Nursing Dress,19,1781.746484,1.838666219,0,1,0,0,89.01910682,0.954339264
19-03-2023,9,Sporty Athleisure Dress,81,1781.746484,1.838666219,0,1,0,0,89.01910682,0.954339264
19-03-2023,10,Customizable Dress,91,1781.746484,1.838666219,0,1,0,0,89.01910682,0.954339264
20-03-2023,1,Floral Sundress,16,1320.064235,2.240337812,0,1,0,0,60.11507399,0.468890176
20-03-2023,2,Evening Gown,19,1320.064235,2.240337812,0,1,0,0,60.11507399,0.468890176
20-03-2023,3,Business Casual Dress,85,1320.064235,2.240337812,0,1,0,0,60.11507399,0.468890176
20-03-2023,4,Sequin Party Dress,71,1320.064235,2.240337812,0,1,0,0,60.11507399,0.468890176
20-03-2023,5,Summer Maxi Dress,37,1320.064235,2.240337812,0,1,0,0,60.11507399,0.468890176
20-03-2023,6,Bridal Gown,29,1320.064235,2.240337812,0,1,0,0,60.11507399,0.468890176
20-03-2023,7,Traditional Ethnic Dress,69,1320.064235,2.240337812,0,1,0,0,60.11507399,0.468890176
20-03-2023,8,Maternity Nursing Dress,27,1320.064235,2.240337812,0,1,0,0,60.11507399,0.468890176
20-03-2023,9,Sporty Athleisure Dress,80,1320.064235,2.240337812,0,1,0,0,60.11507399,0.468890176
20-03-2023,10,Customizable Dress,38,1320.064235,2.240337812,0,1,0,0,60.11507399,0.468890176
21-03-2023,1,Floral Sundress,16,1284.829029,1.675336688,1,1,0,0,65.23375579,0.737383494
21-03-2023,2,Evening Gown,82,1284.829029,1.675336688,1,1,0,0,65.23375579,0.737383494
21-03-2023,3,Business Casual Dress,29,1284.829029,1.675336688,1,1,0,0,65.23375579,0.737383494
21-03-2023,4,Sequin Party Dress,86,1284.829029,1.675336688,1,1,0,0,65.23375579,0.737383494
21-03-2023,5,Summer Maxi Dress,34,1284.829029,1.675336688,1,1,0,0,65.23375579,0.737383494
21-03-2023,6,Bridal Gown,21,1284.829029,1.675336688,1,1,0,0,65.23375579,0.737383494
21-03-2023,7,Traditional Ethnic Dress,78,1284.829029,1.675336688,1,1,0,0,65.23375579,0.737383494
21-03-2023,8,Maternity Nursing Dress,16,1284.829029,1.675336688,1,1,0,0,65.23375579,0.737383494
21-03-2023,9,Sporty Athleisure Dress,67,1284.829029,1.675336688,1,1,0,0,65.23375579,0.737383494
21-03-2023,10,Customizable Dress,56,1284.829029,1.675336688,1,1,0,0,65.23375579,0.737383494
22-03-2023,1,Floral Sundress,39,1149.535697,2.900299514,0,1,0,0,86.71631967,0.566618794
22-03-2023,2,Evening Gown,80,1149.535697,2.900299514,0,1,0,0,86.71631967,0.566618794
22-03-2023,3,Business Casual Dress,62,1149.535697,2.900299514,0,1,0,0,86.71631967,0.566618794
22-03-2023,4,Sequin Party Dress,14,1149.535697,2.900299514,0,1,0,0,86.71631967,0.566618794
22-03-2023,5,Summer Maxi Dress,35,1149.535697,2.900299514,0,1,0,0,86.71631967,0.566618794
22-03-2023,6,Bridal Gown,48,1149.535697,2.900299514,0,1,0,0,86.71631967,0.566618794
22-03-2023,7,Traditional Ethnic Dress,43,1149.535697,2.900299514,0,1,0,0,86.71631967,0.566618794
22-03-2023,8,Maternity Nursing Dress,32,1149.535697,2.900299514,0,1,0,0,86.71631967,0.566618794
22-03-2023,9,Sporty Athleisure Dress,43,1149.535697,2.900299514,0,1,0,0,86.71631967,0.566618794
22-03-2023,10,Customizable Dress,46,1149.535697,2.900299514,0,1,0,0,86.71631967,0.566618794
23-03-2023,1,Floral Sundress,25,1849.041766,3.489583782,1,0,0,0,73.59890049,0.145126763
23-03-2023,2,Evening Gown,50,1849.041766,3.489583782,1,0,0,0,73.59890049,0.145126763
23-03-2023,3,Business Casual Dress,66,1849.041766,3.489583782,1,0,0,0,73.59890049,0.145126763
23-03-2023,4,Sequin Party Dress,60,1849.041766,3.489583782,1,0,0,0,73.59890049,0.145126763
23-03-2023,5,Summer Maxi Dress,16,1849.041766,3.489583782,1,0,0,0,73.59890049,0.145126763
23-03-2023,6,Bridal Gown,84,1849.041766,3.489583782,1,0,0,0,73.59890049,0.145126763
23-03-2023,7,Traditional Ethnic Dress,52,1849.041766,3.489583782,1,0,0,0,73.59890049,0.145126763
23-03-2023,8,Maternity Nursing Dress,39,1849.041766,3.489583782,1,0,0,0,73.59890049,0.145126763
23-03-2023,9,Sporty Athleisure Dress,10,1849.041766,3.489583782,1,0,0,0,73.59890049,0.145126763
23-03-2023,10,Customizable Dress,47,1849.041766,3.489583782,1,0,0,0,73.59890049,0.145126763
24-03-2023,1,Floral Sundress,59,1451.553888,3.526203626,1,1,0,0,73.5671686,0.515634322
24-03-2023,2,Evening Gown,40,1451.553888,3.526203626,1,1,0,0,73.5671686,0.515634322
24-03-2023,3,Business Casual Dress,99,1451.553888,3.526203626,1,1,0,0,73.5671686,0.515634322
24-03-2023,4,Sequin Party Dress,41,1451.553888,3.526203626,1,1,0,0,73.5671686,0.515634322
24-03-2023,5,Summer Maxi Dress,47,1451.553888,3.526203626,1,1,0,0,73.5671686,0.515634322
24-03-2023,6,Bridal Gown,39,1451.553888,3.526203626,1,1,0,0,73.5671686,0.515634322
24-03-2023,7,Traditional Ethnic Dress,15,1451.553888,3.526203626,1,1,0,0,73.5671686,0.515634322
24-03-2023,8,Maternity Nursing Dress,35,1451.553888,3.526203626,1,1,0,0,73.5671686,0.515634322
24-03-2023,9,Sporty Athleisure Dress,73,1451.553888,3.526203626,1,1,0,0,73.5671686,0.515634322
24-03-2023,10,Customizable Dress,75,1451.553888,3.526203626,1,1,0,0,73.5671686,0.515634322
25-03-2023,1,Floral Sundress,51,1119.428822,3.851467882,1,0,0,0,76.73803963,0.313081734
25-03-2023,2,Evening Gown,48,1119.428822,3.851467882,1,0,0,0,76.73803963,0.313081734
25-03-2023,3,Business Casual Dress,58,1119.428822,3.851467882,1,0,0,0,76.73803963,0.313081734
25-03-2023,4,Sequin Party Dress,33,1119.428822,3.851467882,1,0,0,0,76.73803963,0.313081734
25-03-2023,5,Summer Maxi Dress,48,1119.428822,3.851467882,1,0,0,0,76.73803963,0.313081734
25-03-2023,6,Bridal Gown,22,1119.428822,3.851467882,1,0,0,0,76.73803963,0.313081734
25-03-2023,7,Traditional Ethnic Dress,67,1119.428822,3.851467882,1,0,0,0,76.73803963,0.313081734
25-03-2023,8,Maternity Nursing Dress,55,1119.428822,3.851467882,1,0,0,0,76.73803963,0.313081734
25-03-2023,9,Sporty Athleisure Dress,64,1119.428822,3.851467882,1,0,0,0,76.73803963,0.313081734
25-03-2023,10,Customizable Dress,38,1119.428822,3.851467882,1,0,0,0,76.73803963,0.313081734
26-03-2023,1,Floral Sundress,66,1764.039772,3.639614457,1,1,0,0,62.61599205,0.3070324
26-03-2023,2,Evening Gown,59,1764.039772,3.639614457,1,1,0,0,62.61599205,0.3070324
26-03-2023,3,Business Casual Dress,65,1764.039772,3.639614457,1,1,0,0,62.61599205,0.3070324
26-03-2023,4,Sequin Party Dress,87,1764.039772,3.639614457,1,1,0,0,62.61599205,0.3070324
26-03-2023,5,Summer Maxi Dress,67,1764.039772,3.639614457,1,1,0,0,62.61599205,0.3070324
26-03-2023,6,Bridal Gown,25,1764.039772,3.639614457,1,1,0,0,62.61599205,0.3070324
26-03-2023,7,Traditional Ethnic Dress,36,1764.039772,3.639614457,1,1,0,0,62.61599205,0.3070324
26-03-2023,8,Maternity Nursing Dress,41,1764.039772,3.639614457,1,1,0,0,62.61599205,0.3070324
26-03-2023,9,Sporty Athleisure Dress,97,1764.039772,3.639614457,1,1,0,0,62.61599205,0.3070324
26-03-2023,10,Customizable Dress,15,1764.039772,3.639614457,1,1,0,0,62.61599205,0.3070324
27-03-2023,1,Floral Sundress,77,1600.482733,4.998674843,1,0,0,0,54.72772395,0.061922325
27-03-2023,2,Evening Gown,45,1600.482733,4.998674843,1,0,0,0,54.72772395,0.061922325
27-03-2023,3,Business Casual Dress,64,1600.482733,4.998674843,1,0,0,0,54.72772395,0.061922325
27-03-2023,4,Sequin Party Dress,51,1600.482733,4.998674843,1,0,0,0,54.72772395,0.061922325
27-03-2023,5,Summer Maxi Dress,45,1600.482733,4.998674843,1,0,0,0,54.72772395,0.061922325
27-03-2023,6,Bridal Gown,30,1600.482733,4.998674843,1,0,0,0,54.72772395,0.061922325
27-03-2023,7,Traditional Ethnic Dress,31,1600.482733,4.998674843,1,0,0,0,54.72772395,0.061922325
27-03-2023,8,Maternity Nursing Dress,93,1600.482733,4.998674843,1,0,0,0,54.72772395,0.061922325
27-03-2023,9,Sporty Athleisure Dress,42,1600.482733,4.998674843,1,0,0,0,54.72772395,0.061922325
27-03-2023,10,Customizable Dress,26,1600.482733,4.998674843,1,0,0,0,54.72772395,0.061922325
28-03-2023,1,Floral Sundress,51,1319.09503,3.207243341,0,1,0,0,87.2569387,0.87623991
28-03-2023,2,Evening Gown,11,1319.09503,3.207243341,0,1,0,0,87.2569387,0.87623991
28-03-2023,3,Business Casual Dress,86,1319.09503,3.207243341,0,1,0,0,87.2569387,0.87623991
28-03-2023,4,Sequin Party Dress,25,1319.09503,3.207243341,0,1,0,0,87.2569387,0.87623991
28-03-2023,5,Summer Maxi Dress,32,1319.09503,3.207243341,0,1,0,0,87.2569387,0.87623991
28-03-2023,6,Bridal Gown,61,1319.09503,3.207243341,0,1,0,0,87.2569387,0.87623991
28-03-2023,7,Traditional Ethnic Dress,61,1319.09503,3.207243341,0,1,0,0,87.2569387,0.87623991
28-03-2023,8,Maternity Nursing Dress,72,1319.09503,3.207243341,0,1,0,0,87.2569387,0.87623991
28-03-2023,9,Sporty Athleisure Dress,43,1319.09503,3.207243341,0,1,0,0,87.2569387,0.87623991
28-03-2023,10,Customizable Dress,23,1319.09503,3.207243341,0,1,0,0,87.2569387,0.87623991
29-03-2023,1,Floral Sundress,48,1153.207834,4.759821884,1,1,0,0,80.19715786,0.446870292
29-03-2023,2,Evening Gown,14,1153.207834,4.759821884,1,1,0,0,80.19715786,0.446870292
29-03-2023,3,Business Casual Dress,31,1153.207834,4.759821884,1,1,0,0,80.19715786,0.446870292
29-03-2023,4,Sequin Party Dress,61,1153.207834,4.759821884,1,1,0,0,80.19715786,0.446870292
29-03-2023,5,Summer Maxi Dress,80,1153.207834,4.759821884,1,1,0,0,80.19715786,0.446870292
29-03-2023,6,Bridal Gown,73,1153.207834,4.759821884,1,1,0,0,80.19715786,0.446870292
29-03-2023,7,Traditional Ethnic Dress,66,1153.207834,4.759821884,1,1,0,0,80.19715786,0.446870292
29-03-2023,8,Maternity Nursing Dress,34,1153.207834,4.759821884,1,1,0,0,80.19715786,0.446870292
29-03-2023,9,Sporty Athleisure Dress,98,1153.207834,4.759821884,1,1,0,0,80.19715786,0.446870292
29-03-2023,10,Customizable Dress,12,1153.207834,4.759821884,1,1,0,0,80.19715786,0.446870292
30-03-2023,1,Floral Sundress,31,1524.180854,4.641011439,0,0,0,0,81.03392701,0.993204199
30-03-2023,2,Evening Gown,40,1524.180854,4.641011439,0,0,0,0,81.03392701,0.993204199
30-03-2023,3,Business Casual Dress,10,1524.180854,4.641011439,0,0,0,0,81.03392701,0.993204199
30-03-2023,4,Sequin Party Dress,82,1524.180854,4.641011439,0,0,0,0,81.03392701,0.993204199
30-03-2023,5,Summer Maxi Dress,58,1524.180854,4.641011439,0,0,0,0,81.03392701,0.993204199
30-03-2023,6,Bridal Gown,12,1524.180854,4.641011439,0,0,0,0,81.03392701,0.993204199
30-03-2023,7,Traditional Ethnic Dress,74,1524.180854,4.641011439,0,0,0,0,81.03392701,0.993204199
30-03-2023,8,Maternity Nursing Dress,89,1524.180854,4.641011439,0,0,0,0,81.03392701,0.993204199
30-03-2023,9,Sporty Athleisure Dress,37,1524.180854,4.641011439,0,0,0,0,81.03392701,0.993204199
30-03-2023,10,Customizable Dress,49,1524.180854,4.641011439,0,0,0,0,81.03392701,0.993204199
31-03-2023,1,Floral Sundress,12,1166.165085,1.594393744,1,1,0,0,62.64981115,0.922673791
31-03-2023,2,Evening Gown,76,1166.165085,1.594393744,1,1,0,0,62.64981115,0.922673791
31-03-2023,3,Business Casual Dress,93,1166.165085,1.594393744,1,1,0,0,62.64981115,0.922673791
31-03-2023,4,Sequin Party Dress,70,1166.165085,1.594393744,1,1,0,0,62.64981115,0.922673791
31-03-2023,5,Summer Maxi Dress,35,1166.165085,1.594393744,1,1,0,0,62.64981115,0.922673791
31-03-2023,6,Bridal Gown,50,1166.165085,1.594393744,1,1,0,0,62.64981115,0.922673791
31-03-2023,7,Traditional Ethnic Dress,19,1166.165085,1.594393744,1,1,0,0,62.64981115,0.922673791
31-03-2023,8,Maternity Nursing Dress,86,1166.165085,1.594393744,1,1,0,0,62.64981115,0.922673791
31-03-2023,9,Sporty Athleisure Dress,26,1166.165085,1.594393744,1,1,0,0,62.64981115,0.922673791
31-03-2023,10,Customizable Dress,74,1166.165085,1.594393744,1,1,0,0,62.64981115,0.922673791
01-04-2023,1,Floral Sundress,25,1322.974608,4.704631016,1,0,0,0,76.57806545,0.942469764
01-04-2023,2,Evening Gown,24,1322.974608,4.704631016,1,0,0,0,76.57806545,0.942469764
01-04-2023,3,Business Casual Dress,30,1322.974608,4.704631016,1,0,0,0,76.57806545,0.942469764
01-04-2023,4,Sequin Party Dress,24,1322.974608,4.704631016,1,0,0,0,76.57806545,0.942469764
01-04-2023,5,Summer Maxi Dress,96,1322.974608,4.704631016,1,0,0,0,76.57806545,0.942469764
01-04-2023,6,Bridal Gown,33,1322.974608,4.704631016,1,0,0,0,76.57806545,0.942469764
01-04-2023,7,Traditional Ethnic Dress,29,1322.974608,4.704631016,1,0,0,0,76.57806545,0.942469764
01-04-2023,8,Maternity Nursing Dress,15,1322.974608,4.704631016,1,0,0,0,76.57806545,0.942469764
01-04-2023,9,Sporty Athleisure Dress,69,1322.974608,4.704631016,1,0,0,0,76.57806545,0.942469764
01-04-2023,10,Customizable Dress,10,1322.974608,4.704631016,1,0,0,0,76.57806545,0.942469764
02-04-2023,1,Floral Sundress,34,1203.27951,4.248742879,1,0,0,0,74.84490416,0.108018145
02-04-2023,2,Evening Gown,64,1203.27951,4.248742879,1,0,0,0,74.84490416,0.108018145
02-04-2023,3,Business Casual Dress,39,1203.27951,4.248742879,1,0,0,0,74.84490416,0.108018145
02-04-2023,4,Sequin Party Dress,72,1203.27951,4.248742879,1,0,0,0,74.84490416,0.108018145
02-04-2023,5,Summer Maxi Dress,92,1203.27951,4.248742879,1,0,0,0,74.84490416,0.108018145
02-04-2023,6,Bridal Gown,36,1203.27951,4.248742879,1,0,0,0,74.84490416,0.108018145
02-04-2023,7,Traditional Ethnic Dress,66,1203.27951,4.248742879,1,0,0,0,74.84490416,0.108018145
02-04-2023,8,Maternity Nursing Dress,42,1203.27951,4.248742879,1,0,0,0,74.84490416,0.108018145
02-04-2023,9,Sporty Athleisure Dress,51,1203.27951,4.248742879,1,0,0,0,74.84490416,0.108018145
02-04-2023,10,Customizable Dress,61,1203.27951,4.248742879,1,0,0,0,74.84490416,0.108018145
03-04-2023,1,Floral Sundress,55,1493.180912,3.800878793,1,1,0,0,79.5691066,0.464082022
03-04-2023,2,Evening Gown,40,1493.180912,3.800878793,1,1,0,0,79.5691066,0.464082022
03-04-2023,3,Business Casual Dress,63,1493.180912,3.800878793,1,1,0,0,79.5691066,0.464082022
03-04-2023,4,Sequin Party Dress,58,1493.180912,3.800878793,1,1,0,0,79.5691066,0.464082022
03-04-2023,5,Summer Maxi Dress,19,1493.180912,3.800878793,1,1,0,0,79.5691066,0.464082022
03-04-2023,6,Bridal Gown,61,1493.180912,3.800878793,1,1,0,0,79.5691066,0.464082022
03-04-2023,7,Traditional Ethnic Dress,96,1493.180912,3.800878793,1,1,0,0,79.5691066,0.464082022
03-04-2023,8,Maternity Nursing Dress,94,1493.180912,3.800878793,1,1,0,0,79.5691066,0.464082022
03-04-2023,9,Sporty Athleisure Dress,61,1493.180912,3.800878793,1,1,0,0,79.5691066,0.464082022
03-04-2023,10,Customizable Dress,10,1493.180912,3.800878793,1,1,0,0,79.5691066,0.464082022
04-04-2023,1,Floral Sundress,20,1533.981204,2.923047083,1,0,0,0,82.31999213,0.767338067
04-04-2023,2,Evening Gown,48,1533.981204,2.923047083,1,0,0,0,82.31999213,0.767338067
04-04-2023,3,Business Casual Dress,77,1533.981204,2.923047083,1,0,0,0,82.31999213,0.767338067
04-04-2023,4,Sequin Party Dress,43,1533.981204,2.923047083,1,0,0,0,82.31999213,0.767338067
04-04-2023,5,Summer Maxi Dress,97,1533.981204,2.923047083,1,0,0,0,82.31999213,0.767338067
04-04-2023,6,Bridal Gown,98,1533.981204,2.923047083,1,0,0,0,82.31999213,0.767338067
04-04-2023,7,Traditional Ethnic Dress,20,1533.981204,2.923047083,1,0,0,0,82.31999213,0.767338067
04-04-2023,8,Maternity Nursing Dress,52,1533.981204,2.923047083,1,0,0,0,82.31999213,0.767338067
04-04-2023,9,Sporty Athleisure Dress,18,1533.981204,2.923047083,1,0,0,0,82.31999213,0.767338067
04-04-2023,10,Customizable Dress,61,1533.981204,2.923047083,1,0,0,0,82.31999213,0.767338067
05-04-2023,1,Floral Sundress,10,1896.558805,3.334541585,1,1,0,0,71.04999984,0.661410005
05-04-2023,2,Evening Gown,86,1896.558805,3.334541585,1,1,0,0,71.04999984,0.661410005
05-04-2023,3,Business Casual Dress,88,1896.558805,3.334541585,1,1,0,0,71.04999984,0.661410005
05-04-2023,4,Sequin Party Dress,64,1896.558805,3.334541585,1,1,0,0,71.04999984,0.661410005
05-04-2023,5,Summer Maxi Dress,29,1896.558805,3.334541585,1,1,0,0,71.04999984,0.661410005
05-04-2023,6,Bridal Gown,99,1896.558805,3.334541585,1,1,0,0,71.04999984,0.661410005
05-04-2023,7,Traditional Ethnic Dress,88,1896.558805,3.334541585,1,1,0,0,71.04999984,0.661410005
05-04-2023,8,Maternity Nursing Dress,80,1896.558805,3.334541585,1,1,0,0,71.04999984,0.661410005
05-04-2023,9,Sporty Athleisure Dress,92,1896.558805,3.334541585,1,1,0,0,71.04999984,0.661410005
05-04-2023,10,Customizable Dress,34,1896.558805,3.334541585,1,1,0,0,71.04999984,0.661410005
06-04-2023,1,Floral Sundress,84,1849.094601,3.29659123,0,0,0,0,65.45152042,0.238574569
06-04-2023,2,Evening Gown,27,1849.094601,3.29659123,0,0,0,0,65.45152042,0.238574569
06-04-2023,3,Business Casual Dress,14,1849.094601,3.29659123,0,0,0,0,65.45152042,0.238574569
06-04-2023,4,Sequin Party Dress,68,1849.094601,3.29659123,0,0,0,0,65.45152042,0.238574569
06-04-2023,5,Summer Maxi Dress,18,1849.094601,3.29659123,0,0,0,0,65.45152042,0.238574569
06-04-2023,6,Bridal Gown,53,1849.094601,3.29659123,0,0,0,0,65.45152042,0.238574569
06-04-2023,7,Traditional Ethnic Dress,83,1849.094601,3.29659123,0,0,0,0,65.45152042,0.238574569
06-04-2023,8,Maternity Nursing Dress,75,1849.094601,3.29659123,0,0,0,0,65.45152042,0.238574569
06-04-2023,9,Sporty Athleisure Dress,54,1849.094601,3.29659123,0,0,0,0,65.45152042,0.238574569
06-04-2023,10,Customizable Dress,42,1849.094601,3.29659123,0,0,0,0,65.45152042,0.238574569
07-04-2023,1,Floral Sundress,62,1652.750669,1.832551477,1,1,0,0,80.57226082,0.722643051
07-04-2023,2,Evening Gown,89,1652.750669,1.832551477,1,1,0,0,80.57226082,0.722643051
07-04-2023,3,Business Casual Dress,46,1652.750669,1.832551477,1,1,0,0,80.57226082,0.722643051
07-04-2023,4,Sequin Party Dress,91,1652.750669,1.832551477,1,1,0,0,80.57226082,0.722643051
07-04-2023,5,Summer Maxi Dress,50,1652.750669,1.832551477,1,1,0,0,80.57226082,0.722643051
07-04-2023,6,Bridal Gown,73,1652.750669,1.832551477,1,1,0,0,80.57226082,0.722643051
07-04-2023,7,Traditional Ethnic Dress,89,1652.750669,1.832551477,1,1,0,0,80.57226082,0.722643051
07-04-2023,8,Maternity Nursing Dress,61,1652.750669,1.832551477,1,1,0,0,80.57226082,0.722643051
07-04-2023,9,Sporty Athleisure Dress,47,1652.750669,1.832551477,1,1,0,0,80.57226082,0.722643051
07-04-2023,10,Customizable Dress,99,1652.750669,1.832551477,1,1,0,0,80.57226082,0.722643051
08-04-2023,1,Floral Sundress,39,1777.206421,1.97445961,0,1,0,0,63.52083132,0.706391894
08-04-2023,2,Evening Gown,39,1777.206421,1.97445961,0,1,0,0,63.52083132,0.706391894
08-04-2023,3,Business Casual Dress,56,1777.206421,1.97445961,0,1,0,0,63.52083132,0.706391894
08-04-2023,4,Sequin Party Dress,64,1777.206421,1.97445961,0,1,0,0,63.52083132,0.706391894
08-04-2023,5,Summer Maxi Dress,34,1777.206421,1.97445961,0,1,0,0,63.52083132,0.706391894
08-04-2023,6,Bridal Gown,76,1777.206421,1.97445961,0,1,0,0,63.52083132,0.706391894
08-04-2023,7,Traditional Ethnic Dress,46,1777.206421,1.97445961,0,1,0,0,63.52083132,0.706391894
08-04-2023,8,Maternity Nursing Dress,82,1777.206421,1.97445961,0,1,0,0,63.52083132,0.706391894
08-04-2023,9,Sporty Athleisure Dress,98,1777.206421,1.97445961,0,1,0,0,63.52083132,0.706391894
08-04-2023,10,Customizable Dress,45,1777.206421,1.97445961,0,1,0,0,63.52083132,0.706391894
09-04-2023,1,Floral Sundress,30,1081.565927,2.807161593,0,1,0,0,56.18616332,0.656154927
09-04-2023,2,Evening Gown,75,1081.565927,2.807161593,0,1,0,0,56.18616332,0.656154927
09-04-2023,3,Business Casual Dress,36,1081.565927,2.807161593,0,1,0,0,56.18616332,0.656154927
09-04-2023,4,Sequin Party Dress,41,1081.565927,2.807161593,0,1,0,0,56.18616332,0.656154927
09-04-2023,5,Summer Maxi Dress,91,1081.565927,2.807161593,0,1,0,0,56.18616332,0.656154927
09-04-2023,6,Bridal Gown,72,1081.565927,2.807161593,0,1,0,0,56.18616332,0.656154927
09-04-2023,7,Traditional Ethnic Dress,26,1081.565927,2.807161593,0,1,0,0,56.18616332,0.656154927
09-04-2023,8,Maternity Nursing Dress,18,1081.565927,2.807161593,0,1,0,0,56.18616332,0.656154927
09-04-2023,9,Sporty Athleisure Dress,34,1081.565927,2.807161593,0,1,0,0,56.18616332,0.656154927
09-04-2023,10,Customizable Dress,88,1081.565927,2.807161593,0,1,0,0,56.18616332,0.656154927
10-04-2023,1,Floral Sundress,97,1233.078451,1.629394504,0,0,0,0,75.63818065,0.316309581
10-04-2023,2,Evening Gown,59,1233.078451,1.629394504,0,0,0,0,75.63818065,0.316309581
10-04-2023,3,Business Casual Dress,56,1233.078451,1.629394504,0,0,0,0,75.63818065,0.316309581
10-04-2023,4,Sequin Party Dress,77,1233.078451,1.629394504,0,0,0,0,75.63818065,0.316309581
10-04-2023,5,Summer Maxi Dress,47,1233.078451,1.629394504,0,0,0,0,75.63818065,0.316309581
10-04-2023,6,Bridal Gown,57,1233.078451,1.629394504,0,0,0,0,75.63818065,0.316309581
10-04-2023,7,Traditional Ethnic Dress,23,1233.078451,1.629394504,0,0,0,0,75.63818065,0.316309581
10-04-2023,8,Maternity Nursing Dress,81,1233.078451,1.629394504,0,0,0,0,75.63818065,0.316309581
10-04-2023,9,Sporty Athleisure Dress,92,1233.078451,1.629394504,0,0,0,0,75.63818065,0.316309581
10-04-2023,10,Customizable Dress,67,1233.078451,1.629394504,0,0,0,0,75.63818065,0.316309581
11-04-2023,1,Floral Sundress,22,1395.593277,1.246943144,1,1,0,0,63.76649298,0.890776419
11-04-2023,2,Evening Gown,35,1395.593277,1.246943144,1,1,0,0,63.76649298,0.890776419
11-04-2023,3,Business Casual Dress,14,1395.593277,1.246943144,1,1,0,0,63.76649298,0.890776419
11-04-2023,4,Sequin Party Dress,65,1395.593277,1.246943144,1,1,0,0,63.76649298,0.890776419
11-04-2023,5,Summer Maxi Dress,32,1395.593277,1.246943144,1,1,0,0,63.76649298,0.890776419
11-04-2023,6,Bridal Gown,94,1395.593277,1.246943144,1,1,0,0,63.76649298,0.890776419
11-04-2023,7,Traditional Ethnic Dress,42,1395.593277,1.246943144,1,1,0,0,63.76649298,0.890776419
11-04-2023,8,Maternity Nursing Dress,71,1395.593277,1.246943144,1,1,0,0,63.76649298,0.890776419
11-04-2023,9,Sporty Athleisure Dress,63,1395.593277,1.246943144,1,1,0,0,63.76649298,0.890776419
11-04-2023,10,Customizable Dress,21,1395.593277,1.246943144,1,1,0,0,63.76649298,0.890776419
12-04-2023,1,Floral Sundress,86,1441.832471,1.498646867,1,0,0,0,69.54629085,0.278245985
12-04-2023,2,Evening Gown,23,1441.832471,1.498646867,1,0,0,0,69.54629085,0.278245985
12-04-2023,3,Business Casual Dress,47,1441.832471,1.498646867,1,0,0,0,69.54629085,0.278245985
12-04-2023,4,Sequin Party Dress,37,1441.832471,1.498646867,1,0,0,0,69.54629085,0.278245985
12-04-2023,5,Summer Maxi Dress,86,1441.832471,1.498646867,1,0,0,0,69.54629085,0.278245985
12-04-2023,6,Bridal Gown,84,1441.832471,1.498646867,1,0,0,0,69.54629085,0.278245985
12-04-2023,7,Traditional Ethnic Dress,95,1441.832471,1.498646867,1,0,0,0,69.54629085,0.278245985
12-04-2023,8,Maternity Nursing Dress,17,1441.832471,1.498646867,1,0,0,0,69.54629085,0.278245985
12-04-2023,9,Sporty Athleisure Dress,75,1441.832471,1.498646867,1,0,0,0,69.54629085,0.278245985
12-04-2023,10,Customizable Dress,19,1441.832471,1.498646867,1,0,0,0,69.54629085,0.278245985
13-04-2023,1,Floral Sundress,13,1499.275335,2.120778406,1,0,0,0,88.1463923,0.283428556
13-04-2023,2,Evening Gown,46,1499.275335,2.120778406,1,0,0,0,88.1463923,0.283428556
13-04-2023,3,Business Casual Dress,41,1499.275335,2.120778406,1,0,0,0,88.1463923,0.283428556
13-04-2023,4,Sequin Party Dress,31,1499.275335,2.120778406,1,0,0,0,88.1463923,0.283428556
13-04-2023,5,Summer Maxi Dress,69,1499.275335,2.120778406,1,0,0,0,88.1463923,0.283428556
13-04-2023,6,Bridal Gown,84,1499.275335,2.120778406,1,0,0,0,88.1463923,0.283428556
13-04-2023,7,Traditional Ethnic Dress,59,1499.275335,2.120778406,1,0,0,0,88.1463923,0.283428556
13-04-2023,8,Maternity Nursing Dress,92,1499.275335,2.120778406,1,0,0,0,88.1463923,0.283428556
13-04-2023,9,Sporty Athleisure Dress,64,1499.275335,2.120778406,1,0,0,0,88.1463923,0.283428556
13-04-2023,10,Customizable Dress,54,1499.275335,2.120778406,1,0,0,0,88.1463923,0.283428556
14-04-2023,1,Floral Sundress,19,1876.68908,1.521518312,0,1,0,0,54.40511386,0.698953062
14-04-2023,2,Evening Gown,94,1876.68908,1.521518312,0,1,0,0,54.40511386,0.698953062
14-04-2023,3,Business Casual Dress,20,1876.68908,1.521518312,0,1,0,0,54.40511386,0.698953062
14-04-2023,4,Sequin Party Dress,59,1876.68908,1.521518312,0,1,0,0,54.40511386,0.698953062
14-04-2023,5,Summer Maxi Dress,16,1876.68908,1.521518312,0,1,0,0,54.40511386,0.698953062
14-04-2023,6,Bridal Gown,97,1876.68908,1.521518312,0,1,0,0,54.40511386,0.698953062
14-04-2023,7,Traditional Ethnic Dress,75,1876.68908,1.521518312,0,1,0,0,54.40511386,0.698953062
14-04-2023,8,Maternity Nursing Dress,80,1876.68908,1.521518312,0,1,0,0,54.40511386,0.698953062
14-04-2023,9,Sporty Athleisure Dress,36,1876.68908,1.521518312,0,1,0,0,54.40511386,0.698953062
14-04-2023,10,Customizable Dress,58,1876.68908,1.521518312,0,1,0,0,54.40511386,0.698953062
15-04-2023,1,Floral Sundress,55,1420.458394,1.864544353,1,0,0,0,75.8392382,0.133472479
15-04-2023,2,Evening Gown,80,1420.458394,1.864544353,1,0,0,0,75.8392382,0.133472479
15-04-2023,3,Business Casual Dress,14,1420.458394,1.864544353,1,0,0,0,75.8392382,0.133472479
15-04-2023,4,Sequin Party Dress,22,1420.458394,1.864544353,1,0,0,0,75.8392382,0.133472479
15-04-2023,5,Summer Maxi Dress,99,1420.458394,1.864544353,1,0,0,0,75.8392382,0.133472479
15-04-2023,6,Bridal Gown,89,1420.458394,1.864544353,1,0,0,0,75.8392382,0.133472479
15-04-2023,7,Traditional Ethnic Dress,65,1420.458394,1.864544353,1,0,0,0,75.8392382,0.133472479
15-04-2023,8,Maternity Nursing Dress,98,1420.458394,1.864544353,1,0,0,0,75.8392382,0.133472479
15-04-2023,9,Sporty Athleisure Dress,81,1420.458394,1.864544353,1,0,0,0,75.8392382,0.133472479
15-04-2023,10,Customizable Dress,53,1420.458394,1.864544353,1,0,0,0,75.8392382,0.133472479
16-04-2023,1,Floral Sundress,18,1107.731452,1.993809591,0,1,0,0,60.64261921,0.519025119
16-04-2023,2,Evening Gown,37,1107.731452,1.993809591,0,1,0,0,60.64261921,0.519025119
16-04-2023,3,Business Casual Dress,59,1107.731452,1.993809591,0,1,0,0,60.64261921,0.519025119
16-04-2023,4,Sequin Party Dress,26,1107.731452,1.993809591,0,1,0,0,60.64261921,0.519025119
16-04-2023,5,Summer Maxi Dress,71,1107.731452,1.993809591,0,1,0,0,60.64261921,0.519025119
16-04-2023,6,Bridal Gown,14,1107.731452,1.993809591,0,1,0,0,60.64261921,0.519025119
16-04-2023,7,Traditional Ethnic Dress,73,1107.731452,1.993809591,0,1,0,0,60.64261921,0.519025119
16-04-2023,8,Maternity Nursing Dress,83,1107.731452,1.993809591,0,1,0,0,60.64261921,0.519025119
16-04-2023,9,Sporty Athleisure Dress,44,1107.731452,1.993809591,0,1,0,0,60.64261921,0.519025119
16-04-2023,10,Customizable Dress,15,1107.731452,1.993809591,0,1,0,0,60.64261921,0.519025119
17-04-2023,1,Floral Sundress,79,1060.320151,1.887039766,1,0,0,0,86.76420648,0.52210518
17-04-2023,2,Evening Gown,45,1060.320151,1.887039766,1,0,0,0,86.76420648,0.52210518
17-04-2023,3,Business Casual Dress,90,1060.320151,1.887039766,1,0,0,0,86.76420648,0.52210518
17-04-2023,4,Sequin Party Dress,87,1060.320151,1.887039766,1,0,0,0,86.76420648,0.52210518
17-04-2023,5,Summer Maxi Dress,67,1060.320151,1.887039766,1,0,0,0,86.76420648,0.52210518
17-04-2023,6,Bridal Gown,41,1060.320151,1.887039766,1,0,0,0,86.76420648,0.52210518
17-04-2023,7,Traditional Ethnic Dress,40,1060.320151,1.887039766,1,0,0,0,86.76420648,0.52210518
17-04-2023,8,Maternity Nursing Dress,70,1060.320151,1.887039766,1,0,0,0,86.76420648,0.52210518
17-04-2023,9,Sporty Athleisure Dress,37,1060.320151,1.887039766,1,0,0,0,86.76420648,0.52210518
17-04-2023,10,Customizable Dress,27,1060.320151,1.887039766,1,0,0,0,86.76420648,0.52210518
18-04-2023,1,Floral Sundress,15,1275.407668,3.186267867,0,1,0,0,75.95462233,0.694581233
18-04-2023,2,Evening Gown,80,1275.407668,3.186267867,0,1,0,0,75.95462233,0.694581233
18-04-2023,3,Business Casual Dress,21,1275.407668,3.186267867,0,1,0,0,75.95462233,0.694581233
18-04-2023,4,Sequin Party Dress,89,1275.407668,3.186267867,0,1,0,0,75.95462233,0.694581233
18-04-2023,5,Summer Maxi Dress,89,1275.407668,3.186267867,0,1,0,0,75.95462233,0.694581233
18-04-2023,6,Bridal Gown,75,1275.407668,3.186267867,0,1,0,0,75.95462233,0.694581233
18-04-2023,7,Traditional Ethnic Dress,81,1275.407668,3.186267867,0,1,0,0,75.95462233,0.694581233
18-04-2023,8,Maternity Nursing Dress,15,1275.407668,3.186267867,0,1,0,0,75.95462233,0.694581233
18-04-2023,9,Sporty Athleisure Dress,63,1275.407668,3.186267867,0,1,0,0,75.95462233,0.694581233
18-04-2023,10,Customizable Dress,10,1275.407668,3.186267867,0,1,0,0,75.95462233,0.694581233
19-04-2023,1,Floral Sundress,25,1589.241625,3.880401368,1,1,0,0,78.36861018,0.517456919
19-04-2023,2,Evening Gown,44,1589.241625,3.880401368,1,1,0,0,78.36861018,0.517456919
19-04-2023,3,Business Casual Dress,90,1589.241625,3.880401368,1,1,0,0,78.36861018,0.517456919
19-04-2023,4,Sequin Party Dress,55,1589.241625,3.880401368,1,1,0,0,78.36861018,0.517456919
19-04-2023,5,Summer Maxi Dress,44,1589.241625,3.880401368,1,1,0,0,78.36861018,0.517456919
19-04-2023,6,Bridal Gown,62,1589.241625,3.880401368,1,1,0,0,78.36861018,0.517456919
19-04-2023,7,Traditional Ethnic Dress,59,1589.241625,3.880401368,1,1,0,0,78.36861018,0.517456919
19-04-2023,8,Maternity Nursing Dress,92,1589.241625,3.880401368,1,1,0,0,78.36861018,0.517456919
19-04-2023,9,Sporty Athleisure Dress,21,1589.241625,3.880401368,1,1,0,0,78.36861018,0.517456919
19-04-2023,10,Customizable Dress,31,1589.241625,3.880401368,1,1,0,0,78.36861018,0.517456919
20-04-2023,1,Floral Sundress,74,1637.564826,2.938188056,0,0,0,0,80.82563548,0.911036881
20-04-2023,2,Evening Gown,95,1637.564826,2.938188056,0,0,0,0,80.82563548,0.911036881
20-04-2023,3,Business Casual Dress,92,1637.564826,2.938188056,0,0,0,0,80.82563548,0.911036881
20-04-2023,4,Sequin Party Dress,80,1637.564826,2.938188056,0,0,0,0,80.82563548,0.911036881
20-04-2023,5,Summer Maxi Dress,75,1637.564826,2.938188056,0,0,0,0,80.82563548,0.911036881
20-04-2023,6,Bridal Gown,79,1637.564826,2.938188056,0,0,0,0,80.82563548,0.911036881
20-04-2023,7,Traditional Ethnic Dress,23,1637.564826,2.938188056,0,0,0,0,80.82563548,0.911036881
20-04-2023,8,Maternity Nursing Dress,27,1637.564826,2.938188056,0,0,0,0,80.82563548,0.911036881
20-04-2023,9,Sporty Athleisure Dress,94,1637.564826,2.938188056,0,0,0,0,80.82563548,0.911036881
20-04-2023,10,Customizable Dress,98,1637.564826,2.938188056,0,0,0,0,80.82563548,0.911036881
21-04-2023,1,Floral Sundress,31,1061.816435,1.6010739,1,1,0,0,57.02441441,0.358649908
21-04-2023,2,Evening Gown,76,1061.816435,1.6010739,1,1,0,0,57.02441441,0.358649908
21-04-2023,3,Business Casual Dress,73,1061.816435,1.6010739,1,1,0,0,57.02441441,0.358649908
21-04-2023,4,Sequin Party Dress,90,1061.816435,1.6010739,1,1,0,0,57.02441441,0.358649908
21-04-2023,5,Summer Maxi Dress,46,1061.816435,1.6010739,1,1,0,0,57.02441441,0.358649908
21-04-2023,6,Bridal Gown,42,1061.816435,1.6010739,1,1,0,0,57.02441441,0.358649908
21-04-2023,7,Traditional Ethnic Dress,66,1061.816435,1.6010739,1,1,0,0,57.02441441,0.358649908
21-04-2023,8,Maternity Nursing Dress,45,1061.816435,1.6010739,1,1,0,0,57.02441441,0.358649908
21-04-2023,9,Sporty Athleisure Dress,60,1061.816435,1.6010739,1,1,0,0,57.02441441,0.358649908
21-04-2023,10,Customizable Dress,66,1061.816435,1.6010739,1,1,0,0,57.02441441,0.358649908
22-04-2023,1,Floral Sundress,51,1188.351325,1.172798379,1,0,0,0,77.60060757,0.5374953
22-04-2023,2,Evening Gown,81,1188.351325,1.172798379,1,0,0,0,77.60060757,0.5374953
22-04-2023,3,Business Casual Dress,61,1188.351325,1.172798379,1,0,0,0,77.60060757,0.5374953
22-04-2023,4,Sequin Party Dress,81,1188.351325,1.172798379,1,0,0,0,77.60060757,0.5374953
22-04-2023,5,Summer Maxi Dress,81,1188.351325,1.172798379,1,0,0,0,77.60060757,0.5374953
22-04-2023,6,Bridal Gown,94,1188.351325,1.172798379,1,0,0,0,77.60060757,0.5374953
22-04-2023,7,Traditional Ethnic Dress,80,1188.351325,1.172798379,1,0,0,0,77.60060757,0.5374953
22-04-2023,8,Maternity Nursing Dress,48,1188.351325,1.172798379,1,0,0,0,77.60060757,0.5374953
22-04-2023,9,Sporty Athleisure Dress,98,1188.351325,1.172798379,1,0,0,0,77.60060757,0.5374953
22-04-2023,10,Customizable Dress,89,1188.351325,1.172798379,1,0,0,0,77.60060757,0.5374953
23-04-2023,1,Floral Sundress,30,1774.769052,1.342904676,1,1,0,0,73.30542032,0.998313617
23-04-2023,2,Evening Gown,33,1774.769052,1.342904676,1,1,0,0,73.30542032,0.998313617
23-04-2023,3,Business Casual Dress,17,1774.769052,1.342904676,1,1,0,0,73.30542032,0.998313617
23-04-2023,4,Sequin Party Dress,19,1774.769052,1.342904676,1,1,0,0,73.30542032,0.998313617
23-04-2023,5,Summer Maxi Dress,93,1774.769052,1.342904676,1,1,0,0,73.30542032,0.998313617
23-04-2023,6,Bridal Gown,23,1774.769052,1.342904676,1,1,0,0,73.30542032,0.998313617
23-04-2023,7,Traditional Ethnic Dress,26,1774.769052,1.342904676,1,1,0,0,73.30542032,0.998313617
23-04-2023,8,Maternity Nursing Dress,39,1774.769052,1.342904676,1,1,0,0,73.30542032,0.998313617
23-04-2023,9,Sporty Athleisure Dress,72,1774.769052,1.342904676,1,1,0,0,73.30542032,0.998313617
23-04-2023,10,Customizable Dress,22,1774.769052,1.342904676,1,1,0,0,73.30542032,0.998313617
24-04-2023,1,Floral Sundress,64,1211.527042,2.143524536,1,1,0,0,88.62042179,0.071337083
24-04-2023,2,Evening Gown,54,1211.527042,2.143524536,1,1,0,0,88.62042179,0.071337083
24-04-2023,3,Business Casual Dress,98,1211.527042,2.143524536,1,1,0,0,88.62042179,0.071337083
24-04-2023,4,Sequin Party Dress,15,1211.527042,2.143524536,1,1,0,0,88.62042179,0.071337083
24-04-2023,5,Summer Maxi Dress,47,1211.527042,2.143524536,1,1,0,0,88.62042179,0.071337083
24-04-2023,6,Bridal Gown,12,1211.527042,2.143524536,1,1,0,0,88.62042179,0.071337083
24-04-2023,7,Traditional Ethnic Dress,28,1211.527042,2.143524536,1,1,0,0,88.62042179,0.071337083
24-04-2023,8,Maternity Nursing Dress,96,1211.527042,2.143524536,1,1,0,0,88.62042179,0.071337083
24-04-2023,9,Sporty Athleisure Dress,65,1211.527042,2.143524536,1,1,0,0,88.62042179,0.071337083
24-04-2023,10,Customizable Dress,63,1211.527042,2.143524536,1,1,0,0,88.62042179,0.071337083
25-04-2023,1,Floral Sundress,27,1882.398041,4.120578074,1,1,0,0,72.74067761,0.283741692
25-04-2023,2,Evening Gown,22,1882.398041,4.120578074,1,1,0,0,72.74067761,0.283741692
25-04-2023,3,Business Casual Dress,11,1882.398041,4.120578074,1,1,0,0,72.74067761,0.283741692
25-04-2023,4,Sequin Party Dress,55,1882.398041,4.120578074,1,1,0,0,72.74067761,0.283741692
25-04-2023,5,Summer Maxi Dress,44,1882.398041,4.120578074,1,1,0,0,72.74067761,0.283741692
25-04-2023,6,Bridal Gown,68,1882.398041,4.120578074,1,1,0,0,72.74067761,0.283741692
25-04-2023,7,Traditional Ethnic Dress,43,1882.398041,4.120578074,1,1,0,0,72.74067761,0.283741692
25-04-2023,8,Maternity Nursing Dress,30,1882.398041,4.120578074,1,1,0,0,72.74067761,0.283741692
25-04-2023,9,Sporty Athleisure Dress,51,1882.398041,4.120578074,1,1,0,0,72.74067761,0.283741692
25-04-2023,10,Customizable Dress,17,1882.398041,4.120578074,1,1,0,0,72.74067761,0.283741692
26-04-2023,1,Floral Sundress,74,1319.806919,4.914005802,1,0,0,0,86.44666499,0.849801587
26-04-2023,2,Evening Gown,44,1319.806919,4.914005802,1,0,0,0,86.44666499,0.849801587
26-04-2023,3,Business Casual Dress,94,1319.806919,4.914005802,1,0,0,0,86.44666499,0.849801587
26-04-2023,4,Sequin Party Dress,92,1319.806919,4.914005802,1,0,0,0,86.44666499,0.849801587
26-04-2023,5,Summer Maxi Dress,26,1319.806919,4.914005802,1,0,0,0,86.44666499,0.849801587
26-04-2023,6,Bridal Gown,39,1319.806919,4.914005802,1,0,0,0,86.44666499,0.849801587
26-04-2023,7,Traditional Ethnic Dress,75,1319.806919,4.914005802,1,0,0,0,86.44666499,0.849801587
26-04-2023,8,Maternity Nursing Dress,28,1319.806919,4.914005802,1,0,0,0,86.44666499,0.849801587
26-04-2023,9,Sporty Athleisure Dress,23,1319.806919,4.914005802,1,0,0,0,86.44666499,0.849801587
26-04-2023,10,Customizable Dress,77,1319.806919,4.914005802,1,0,0,0,86.44666499,0.849801587
27-04-2023,1,Floral Sundress,83,1099.478011,4.594479178,0,1,0,0,87.27773285,0.12216086
27-04-2023,2,Evening Gown,45,1099.478011,4.594479178,0,1,0,0,87.27773285,0.12216086
27-04-2023,3,Business Casual Dress,52,1099.478011,4.594479178,0,1,0,0,87.27773285,0.12216086
27-04-2023,4,Sequin Party Dress,28,1099.478011,4.594479178,0,1,0,0,87.27773285,0.12216086
27-04-2023,5,Summer Maxi Dress,13,1099.478011,4.594479178,0,1,0,0,87.27773285,0.12216086
27-04-2023,6,Bridal Gown,48,1099.478011,4.594479178,0,1,0,0,87.27773285,0.12216086
27-04-2023,7,Traditional Ethnic Dress,93,1099.478011,4.594479178,0,1,0,0,87.27773285,0.12216086
27-04-2023,8,Maternity Nursing Dress,87,1099.478011,4.594479178,0,1,0,0,87.27773285,0.12216086
27-04-2023,9,Sporty Athleisure Dress,95,1099.478011,4.594479178,0,1,0,0,87.27773285,0.12216086
27-04-2023,10,Customizable Dress,12,1099.478011,4.594479178,0,1,0,0,87.27773285,0.12216086
28-04-2023,1,Floral Sundress,18,1036.306292,4.186985063,0,0,0,0,86.08293741,0.123359519
28-04-2023,2,Evening Gown,74,1036.306292,4.186985063,0,0,0,0,86.08293741,0.123359519
28-04-2023,3,Business Casual Dress,66,1036.306292,4.186985063,0,0,0,0,86.08293741,0.123359519
28-04-2023,4,Sequin Party Dress,15,1036.306292,4.186985063,0,0,0,0,86.08293741,0.123359519
28-04-2023,5,Summer Maxi Dress,35,1036.306292,4.186985063,0,0,0,0,86.08293741,0.123359519
28-04-2023,6,Bridal Gown,23,1036.306292,4.186985063,0,0,0,0,86.08293741,0.123359519
28-04-2023,7,Traditional Ethnic Dress,59,1036.306292,4.186985063,0,0,0,0,86.08293741,0.123359519
28-04-2023,8,Maternity Nursing Dress,42,1036.306292,4.186985063,0,0,0,0,86.08293741,0.123359519
28-04-2023,9,Sporty Athleisure Dress,14,1036.306292,4.186985063,0,0,0,0,86.08293741,0.123359519
28-04-2023,10,Customizable Dress,61,1036.306292,4.186985063,0,0,0,0,86.08293741,0.123359519
29-04-2023,1,Floral Sundress,31,1762.675004,4.361878899,1,0,0,0,87.42163124,0.449172137
29-04-2023,2,Evening Gown,74,1762.675004,4.361878899,1,0,0,0,87.42163124,0.449172137
29-04-2023,3,Business Casual Dress,20,1762.675004,4.361878899,1,0,0,0,87.42163124,0.449172137
29-04-2023,4,Sequin Party Dress,26,1762.675004,4.361878899,1,0,0,0,87.42163124,0.449172137
29-04-2023,5,Summer Maxi Dress,22,1762.675004,4.361878899,1,0,0,0,87.42163124,0.449172137
29-04-2023,6,Bridal Gown,96,1762.675004,4.361878899,1,0,0,0,87.42163124,0.449172137
29-04-2023,7,Traditional Ethnic Dress,83,1762.675004,4.361878899,1,0,0,0,87.42163124,0.449172137
29-04-2023,8,Maternity Nursing Dress,10,1762.675004,4.361878899,1,0,0,0,87.42163124,0.449172137
29-04-2023,9,Sporty Athleisure Dress,76,1762.675004,4.361878899,1,0,0,0,87.42163124,0.449172137
29-04-2023,10,Customizable Dress,17,1762.675004,4.361878899,1,0,0,0,87.42163124,0.449172137
30-04-2023,1,Floral Sundress,87,1906.694179,3.94478149,1,0,0,0,57.77599302,0.312196431
30-04-2023,2,Evening Gown,23,1906.694179,3.94478149,1,0,0,0,57.77599302,0.312196431
30-04-2023,3,Business Casual Dress,84,1906.694179,3.94478149,1,0,0,0,57.77599302,0.312196431
30-04-2023,4,Sequin Party Dress,79,1906.694179,3.94478149,1,0,0,0,57.77599302,0.312196431
30-04-2023,5,Summer Maxi Dress,78,1906.694179,3.94478149,1,0,0,0,57.77599302,0.312196431
30-04-2023,6,Bridal Gown,24,1906.694179,3.94478149,1,0,0,0,57.77599302,0.312196431
30-04-2023,7,Traditional Ethnic Dress,82,1906.694179,3.94478149,1,0,0,0,57.77599302,0.312196431
30-04-2023,8,Maternity Nursing Dress,85,1906.694179,3.94478149,1,0,0,0,57.77599302,0.312196431
30-04-2023,9,Sporty Athleisure Dress,77,1906.694179,3.94478149,1,0,0,0,57.77599302,0.312196431
30-04-2023,10,Customizable Dress,84,1906.694179,3.94478149,1,0,0,0,57.77599302,0.312196431
01-05-2023,1,Floral Sundress,42,1189.35056,1.302725403,1,0,0,0,67.32516039,0.801832818
01-05-2023,2,Evening Gown,29,1189.35056,1.302725403,1,0,0,0,67.32516039,0.801832818
01-05-2023,3,Business Casual Dress,37,1189.35056,1.302725403,1,0,0,0,67.32516039,0.801832818
01-05-2023,4,Sequin Party Dress,19,1189.35056,1.302725403,1,0,0,0,67.32516039,0.801832818
01-05-2023,5,Summer Maxi Dress,49,1189.35056,1.302725403,1,0,0,0,67.32516039,0.801832818
01-05-2023,6,Bridal Gown,64,1189.35056,1.302725403,1,0,0,0,67.32516039,0.801832818
01-05-2023,7,Traditional Ethnic Dress,13,1189.35056,1.302725403,1,0,0,0,67.32516039,0.801832818
01-05-2023,8,Maternity Nursing Dress,86,1189.35056,1.302725403,1,0,0,0,67.32516039,0.801832818
01-05-2023,9,Sporty Athleisure Dress,54,1189.35056,1.302725403,1,0,0,0,67.32516039,0.801832818
01-05-2023,10,Customizable Dress,81,1189.35056,1.302725403,1,0,0,0,67.32516039,0.801832818
02-05-2023,1,Floral Sundress,14,1909.349583,4.909729851,0,0,0,0,57.34561855,0.634187806
02-05-2023,2,Evening Gown,24,1909.349583,4.909729851,0,0,0,0,57.34561855,0.634187806
02-05-2023,3,Business Casual Dress,36,1909.349583,4.909729851,0,0,0,0,57.34561855,0.634187806
02-05-2023,4,Sequin Party Dress,17,1909.349583,4.909729851,0,0,0,0,57.34561855,0.634187806
02-05-2023,5,Summer Maxi Dress,77,1909.349583,4.909729851,0,0,0,0,57.34561855,0.634187806
02-05-2023,6,Bridal Gown,72,1909.349583,4.909729851,0,0,0,0,57.34561855,0.634187806
02-05-2023,7,Traditional Ethnic Dress,77,1909.349583,4.909729851,0,0,0,0,57.34561855,0.634187806
02-05-2023,8,Maternity Nursing Dress,21,1909.349583,4.909729851,0,0,0,0,57.34561855,0.634187806
02-05-2023,9,Sporty Athleisure Dress,96,1909.349583,4.909729851,0,0,0,0,57.34561855,0.634187806
02-05-2023,10,Customizable Dress,30,1909.349583,4.909729851,0,0,0,0,57.34561855,0.634187806
03-05-2023,1,Floral Sundress,29,1290.686391,1.862630518,1,1,0,0,81.90969573,0.157872853
03-05-2023,2,Evening Gown,61,1290.686391,1.862630518,1,1,0,0,81.90969573,0.157872853
03-05-2023,3,Business Casual Dress,51,1290.686391,1.862630518,1,1,0,0,81.90969573,0.157872853
03-05-2023,4,Sequin Party Dress,52,1290.686391,1.862630518,1,1,0,0,81.90969573,0.157872853
03-05-2023,5,Summer Maxi Dress,32,1290.686391,1.862630518,1,1,0,0,81.90969573,0.157872853
03-05-2023,6,Bridal Gown,24,1290.686391,1.862630518,1,1,0,0,81.90969573,0.157872853
03-05-2023,7,Traditional Ethnic Dress,72,1290.686391,1.862630518,1,1,0,0,81.90969573,0.157872853
03-05-2023,8,Maternity Nursing Dress,34,1290.686391,1.862630518,1,1,0,0,81.90969573,0.157872853
03-05-2023,9,Sporty Athleisure Dress,48,1290.686391,1.862630518,1,1,0,0,81.90969573,0.157872853
03-05-2023,10,Customizable Dress,62,1290.686391,1.862630518,1,1,0,0,81.90969573,0.157872853
04-05-2023,1,Floral Sundress,38,1738.274138,2.153063641,0,1,0,0,68.40037093,0.66780487
04-05-2023,2,Evening Gown,37,1738.274138,2.153063641,0,1,0,0,68.40037093,0.66780487
04-05-2023,3,Business Casual Dress,89,1738.274138,2.153063641,0,1,0,0,68.40037093,0.66780487
04-05-2023,4,Sequin Party Dress,89,1738.274138,2.153063641,0,1,0,0,68.40037093,0.66780487
04-05-2023,5,Summer Maxi Dress,39,1738.274138,2.153063641,0,1,0,0,68.40037093,0.66780487
04-05-2023,6,Bridal Gown,55,1738.274138,2.153063641,0,1,0,0,68.40037093,0.66780487
04-05-2023,7,Traditional Ethnic Dress,20,1738.274138,2.153063641,0,1,0,0,68.40037093,0.66780487
04-05-2023,8,Maternity Nursing Dress,47,1738.274138,2.153063641,0,1,0,0,68.40037093,0.66780487
04-05-2023,9,Sporty Athleisure Dress,69,1738.274138,2.153063641,0,1,0,0,68.40037093,0.66780487
04-05-2023,10,Customizable Dress,25,1738.274138,2.153063641,0,1,0,0,68.40037093,0.66780487
05-05-2023,1,Floral Sundress,73,1600.856073,4.467979639,1,1,0,0,53.74860773,0.439537879
05-05-2023,2,Evening Gown,17,1600.856073,4.467979639,1,1,0,0,53.74860773,0.439537879
05-05-2023,3,Business Casual Dress,12,1600.856073,4.467979639,1,1,0,0,53.74860773,0.439537879
05-05-2023,4,Sequin Party Dress,28,1600.856073,4.467979639,1,1,0,0,53.74860773,0.439537879
05-05-2023,5,Summer Maxi Dress,81,1600.856073,4.467979639,1,1,0,0,53.74860773,0.439537879
05-05-2023,6,Bridal Gown,78,1600.856073,4.467979639,1,1,0,0,53.74860773,0.439537879
05-05-2023,7,Traditional Ethnic Dress,78,1600.856073,4.467979639,1,1,0,0,53.74860773,0.439537879
05-05-2023,8,Maternity Nursing Dress,32,1600.856073,4.467979639,1,1,0,0,53.74860773,0.439537879
05-05-2023,9,Sporty Athleisure Dress,28,1600.856073,4.467979639,1,1,0,0,53.74860773,0.439537879
05-05-2023,10,Customizable Dress,56,1600.856073,4.467979639,1,1,0,0,53.74860773,0.439537879
06-05-2023,1,Floral Sundress,56,1474.51426,2.807014334,1,1,0,0,69.49170204,0.361607792
06-05-2023,2,Evening Gown,41,1474.51426,2.807014334,1,1,0,0,69.49170204,0.361607792
06-05-2023,3,Business Casual Dress,97,1474.51426,2.807014334,1,1,0,0,69.49170204,0.361607792
06-05-2023,4,Sequin Party Dress,29,1474.51426,2.807014334,1,1,0,0,69.49170204,0.361607792
06-05-2023,5,Summer Maxi Dress,68,1474.51426,2.807014334,1,1,0,0,69.49170204,0.361607792
06-05-2023,6,Bridal Gown,70,1474.51426,2.807014334,1,1,0,0,69.49170204,0.361607792
06-05-2023,7,Traditional Ethnic Dress,76,1474.51426,2.807014334,1,1,0,0,69.49170204,0.361607792
06-05-2023,8,Maternity Nursing Dress,14,1474.51426,2.807014334,1,1,0,0,69.49170204,0.361607792
06-05-2023,9,Sporty Athleisure Dress,47,1474.51426,2.807014334,1,1,0,0,69.49170204,0.361607792
06-05-2023,10,Customizable Dress,19,1474.51426,2.807014334,1,1,0,0,69.49170204,0.361607792
07-05-2023,1,Floral Sundress,98,1004.387049,3.256358749,0,0,0,0,76.59144126,0.26213306
07-05-2023,2,Evening Gown,82,1004.387049,3.256358749,0,0,0,0,76.59144126,0.26213306
07-05-2023,3,Business Casual Dress,18,1004.387049,3.256358749,0,0,0,0,76.59144126,0.26213306
07-05-2023,4,Sequin Party Dress,93,1004.387049,3.256358749,0,0,0,0,76.59144126,0.26213306
07-05-2023,5,Summer Maxi Dress,62,1004.387049,3.256358749,0,0,0,0,76.59144126,0.26213306
07-05-2023,6,Bridal Gown,28,1004.387049,3.256358749,0,0,0,0,76.59144126,0.26213306
07-05-2023,7,Traditional Ethnic Dress,94,1004.387049,3.256358749,0,0,0,0,76.59144126,0.26213306
07-05-2023,8,Maternity Nursing Dress,70,1004.387049,3.256358749,0,0,0,0,76.59144126,0.26213306
07-05-2023,9,Sporty Athleisure Dress,41,1004.387049,3.256358749,0,0,0,0,76.59144126,0.26213306
07-05-2023,10,Customizable Dress,26,1004.387049,3.256358749,0,0,0,0,76.59144126,0.26213306
08-05-2023,1,Floral Sundress,35,1350.659648,3.90795895,0,0,0,0,71.84062457,0.12324955
08-05-2023,2,Evening Gown,78,1350.659648,3.90795895,0,0,0,0,71.84062457,0.12324955
08-05-2023,3,Business Casual Dress,42,1350.659648,3.90795895,0,0,0,0,71.84062457,0.12324955
08-05-2023,4,Sequin Party Dress,77,1350.659648,3.90795895,0,0,0,0,71.84062457,0.12324955
08-05-2023,5,Summer Maxi Dress,57,1350.659648,3.90795895,0,0,0,0,71.84062457,0.12324955
08-05-2023,6,Bridal Gown,10,1350.659648,3.90795895,0,0,0,0,71.84062457,0.12324955
08-05-2023,7,Traditional Ethnic Dress,37,1350.659648,3.90795895,0,0,0,0,71.84062457,0.12324955
08-05-2023,8,Maternity Nursing Dress,44,1350.659648,3.90795895,0,0,0,0,71.84062457,0.12324955
08-05-2023,9,Sporty Athleisure Dress,31,1350.659648,3.90795895,0,0,0,0,71.84062457,0.12324955
08-05-2023,10,Customizable Dress,86,1350.659648,3.90795895,0,0,0,0,71.84062457,0.12324955
09-05-2023,1,Floral Sundress,68,1240.549197,2.223388312,1,1,0,0,52.25847682,0.928485424
09-05-2023,2,Evening Gown,86,1240.549197,2.223388312,1,1,0,0,52.25847682,0.928485424
09-05-2023,3,Business Casual Dress,49,1240.549197,2.223388312,1,1,0,0,52.25847682,0.928485424
09-05-2023,4,Sequin Party Dress,59,1240.549197,2.223388312,1,1,0,0,52.25847682,0.928485424
09-05-2023,5,Summer Maxi Dress,99,1240.549197,2.223388312,1,1,0,0,52.25847682,0.928485424
09-05-2023,6,Bridal Gown,74,1240.549197,2.223388312,1,1,0,0,52.25847682,0.928485424
09-05-2023,7,Traditional Ethnic Dress,76,1240.549197,2.223388312,1,1,0,0,52.25847682,0.928485424
09-05-2023,8,Maternity Nursing Dress,33,1240.549197,2.223388312,1,1,0,0,52.25847682,0.928485424
09-05-2023,9,Sporty Athleisure Dress,46,1240.549197,2.223388312,1,1,0,0,52.25847682,0.928485424
09-05-2023,10,Customizable Dress,84,1240.549197,2.223388312,1,1,0,0,52.25847682,0.928485424
10-05-2023,1,Floral Sundress,31,1432.648055,3.343207433,1,1,0,0,87.09510075,0.785340024
10-05-2023,2,Evening Gown,29,1432.648055,3.343207433,1,1,0,0,87.09510075,0.785340024
10-05-2023,3,Business Casual Dress,61,1432.648055,3.343207433,1,1,0,0,87.09510075,0.785340024
10-05-2023,4,Sequin Party Dress,65,1432.648055,3.343207433,1,1,0,0,87.09510075,0.785340024
10-05-2023,5,Summer Maxi Dress,79,1432.648055,3.343207433,1,1,0,0,87.09510075,0.785340024
10-05-2023,6,Bridal Gown,51,1432.648055,3.343207433,1,1,0,0,87.09510075,0.785340024
10-05-2023,7,Traditional Ethnic Dress,43,1432.648055,3.343207433,1,1,0,0,87.09510075,0.785340024
10-05-2023,8,Maternity Nursing Dress,53,1432.648055,3.343207433,1,1,0,0,87.09510075,0.785340024
10-05-2023,9,Sporty Athleisure Dress,60,1432.648055,3.343207433,1,1,0,0,87.09510075,0.785340024
10-05-2023,10,Customizable Dress,29,1432.648055,3.343207433,1,1,0,0,87.09510075,0.785340024
11-05-2023,1,Floral Sundress,74,1778.9809,4.900682329,1,0,0,0,53.50491534,0.184489587
11-05-2023,2,Evening Gown,10,1778.9809,4.900682329,1,0,0,0,53.50491534,0.184489587
11-05-2023,3,Business Casual Dress,82,1778.9809,4.900682329,1,0,0,0,53.50491534,0.184489587
11-05-2023,4,Sequin Party Dress,87,1778.9809,4.900682329,1,0,0,0,53.50491534,0.184489587
11-05-2023,5,Summer Maxi Dress,83,1778.9809,4.900682329,1,0,0,0,53.50491534,0.184489587
11-05-2023,6,Bridal Gown,25,1778.9809,4.900682329,1,0,0,0,53.50491534,0.184489587
11-05-2023,7,Traditional Ethnic Dress,54,1778.9809,4.900682329,1,0,0,0,53.50491534,0.184489587
11-05-2023,8,Maternity Nursing Dress,44,1778.9809,4.900682329,1,0,0,0,53.50491534,0.184489587
11-05-2023,9,Sporty Athleisure Dress,86,1778.9809,4.900682329,1,0,0,0,53.50491534,0.184489587
11-05-2023,10,Customizable Dress,60,1778.9809,4.900682329,1,0,0,0,53.50491534,0.184489587
12-05-2023,1,Floral Sundress,35,1661.677777,4.716074437,0,0,0,0,61.16850708,0.2956553
12-05-2023,2,Evening Gown,55,1661.677777,4.716074437,0,0,0,0,61.16850708,0.2956553
12-05-2023,3,Business Casual Dress,14,1661.677777,4.716074437,0,0,0,0,61.16850708,0.2956553
12-05-2023,4,Sequin Party Dress,52,1661.677777,4.716074437,0,0,0,0,61.16850708,0.2956553
12-05-2023,5,Summer Maxi Dress,23,1661.677777,4.716074437,0,0,0,0,61.16850708,0.2956553
12-05-2023,6,Bridal Gown,55,1661.677777,4.716074437,0,0,0,0,61.16850708,0.2956553
12-05-2023,7,Traditional Ethnic Dress,19,1661.677777,4.716074437,0,0,0,0,61.16850708,0.2956553
12-05-2023,8,Maternity Nursing Dress,18,1661.677777,4.716074437,0,0,0,0,61.16850708,0.2956553
12-05-2023,9,Sporty Athleisure Dress,74,1661.677777,4.716074437,0,0,0,0,61.16850708,0.2956553
12-05-2023,10,Customizable Dress,21,1661.677777,4.716074437,0,0,0,0,61.16850708,0.2956553
13-05-2023,1,Floral Sundress,23,1495.406599,1.015710057,1,0,0,0,75.47616568,0.92309291
13-05-2023,2,Evening Gown,22,1495.406599,1.015710057,1,0,0,0,75.47616568,0.92309291
13-05-2023,3,Business Casual Dress,48,1495.406599,1.015710057,1,0,0,0,75.47616568,0.92309291
13-05-2023,4,Sequin Party Dress,73,1495.406599,1.015710057,1,0,0,0,75.47616568,0.92309291
13-05-2023,5,Summer Maxi Dress,55,1495.406599,1.015710057,1,0,0,0,75.47616568,0.92309291
13-05-2023,6,Bridal Gown,19,1495.406599,1.015710057,1,0,0,0,75.47616568,0.92309291
13-05-2023,7,Traditional Ethnic Dress,58,1495.406599,1.015710057,1,0,0,0,75.47616568,0.92309291
13-05-2023,8,Maternity Nursing Dress,74,1495.406599,1.015710057,1,0,0,0,75.47616568,0.92309291
13-05-2023,9,Sporty Athleisure Dress,85,1495.406599,1.015710057,1,0,0,0,75.47616568,0.92309291
13-05-2023,10,Customizable Dress,87,1495.406599,1.015710057,1,0,0,0,75.47616568,0.92309291
14-05-2023,1,Floral Sundress,32,1350.272506,4.546320061,0,1,0,0,50.16436406,0.796657989
14-05-2023,2,Evening Gown,97,1350.272506,4.546320061,0,1,0,0,50.16436406,0.796657989
14-05-2023,3,Business Casual Dress,45,1350.272506,4.546320061,0,1,0,0,50.16436406,0.796657989
14-05-2023,4,Sequin Party Dress,46,1350.272506,4.546320061,0,1,0,0,50.16436406,0.796657989
14-05-2023,5,Summer Maxi Dress,25,1350.272506,4.546320061,0,1,0,0,50.16436406,0.796657989
14-05-2023,6,Bridal Gown,82,1350.272506,4.546320061,0,1,0,0,50.16436406,0.796657989
14-05-2023,7,Traditional Ethnic Dress,90,1350.272506,4.546320061,0,1,0,0,50.16436406,0.796657989
14-05-2023,8,Maternity Nursing Dress,21,1350.272506,4.546320061,0,1,0,0,50.16436406,0.796657989
14-05-2023,9,Sporty Athleisure Dress,86,1350.272506,4.546320061,0,1,0,0,50.16436406,0.796657989
14-05-2023,10,Customizable Dress,47,1350.272506,4.546320061,0,1,0,0,50.16436406,0.796657989
15-05-2023,1,Floral Sundress,15,1856.37217,3.161926508,1,1,0,0,52.58562713,0.317771037
15-05-2023,2,Evening Gown,28,1856.37217,3.161926508,1,1,0,0,52.58562713,0.317771037
15-05-2023,3,Business Casual Dress,95,1856.37217,3.161926508,1,1,0,0,52.58562713,0.317771037
15-05-2023,4,Sequin Party Dress,83,1856.37217,3.161926508,1,1,0,0,52.58562713,0.317771037
15-05-2023,5,Summer Maxi Dress,98,1856.37217,3.161926508,1,1,0,0,52.58562713,0.317771037
15-05-2023,6,Bridal Gown,28,1856.37217,3.161926508,1,1,0,0,52.58562713,0.317771037
15-05-2023,7,Traditional Ethnic Dress,28,1856.37217,3.161926508,1,1,0,0,52.58562713,0.317771037
15-05-2023,8,Maternity Nursing Dress,18,1856.37217,3.161926508,1,1,0,0,52.58562713,0.317771037
15-05-2023,9,Sporty Athleisure Dress,56,1856.37217,3.161926508,1,1,0,0,52.58562713,0.317771037
15-05-2023,10,Customizable Dress,85,1856.37217,3.161926508,1,1,0,0,52.58562713,0.317771037
16-05-2023,1,Floral Sundress,96,1393.835461,2.563837856,0,0,0,0,79.96588462,0.317817359
16-05-2023,2,Evening Gown,45,1393.835461,2.563837856,0,0,0,0,79.96588462,0.317817359
16-05-2023,3,Business Casual Dress,22,1393.835461,2.563837856,0,0,0,0,79.96588462,0.317817359
16-05-2023,4,Sequin Party Dress,75,1393.835461,2.563837856,0,0,0,0,79.96588462,0.317817359
16-05-2023,5,Summer Maxi Dress,44,1393.835461,2.563837856,0,0,0,0,79.96588462,0.317817359
16-05-2023,6,Bridal Gown,70,1393.835461,2.563837856,0,0,0,0,79.96588462,0.317817359
16-05-2023,7,Traditional Ethnic Dress,61,1393.835461,2.563837856,0,0,0,0,79.96588462,0.317817359
16-05-2023,8,Maternity Nursing Dress,59,1393.835461,2.563837856,0,0,0,0,79.96588462,0.317817359
16-05-2023,9,Sporty Athleisure Dress,77,1393.835461,2.563837856,0,0,0,0,79.96588462,0.317817359
16-05-2023,10,Customizable Dress,95,1393.835461,2.563837856,0,0,0,0,79.96588462,0.317817359
17-05-2023,1,Floral Sundress,83,1992.150364,4.611587611,1,0,0,0,66.62408625,0.012564547
17-05-2023,2,Evening Gown,83,1992.150364,4.611587611,1,0,0,0,66.62408625,0.012564547
17-05-2023,3,Business Casual Dress,59,1992.150364,4.611587611,1,0,0,0,66.62408625,0.012564547
17-05-2023,4,Sequin Party Dress,74,1992.150364,4.611587611,1,0,0,0,66.62408625,0.012564547
17-05-2023,5,Summer Maxi Dress,41,1992.150364,4.611587611,1,0,0,0,66.62408625,0.012564547
17-05-2023,6,Bridal Gown,79,1992.150364,4.611587611,1,0,0,0,66.62408625,0.012564547
17-05-2023,7,Traditional Ethnic Dress,82,1992.150364,4.611587611,1,0,0,0,66.62408625,0.012564547
17-05-2023,8,Maternity Nursing Dress,12,1992.150364,4.611587611,1,0,0,0,66.62408625,0.012564547
17-05-2023,9,Sporty Athleisure Dress,94,1992.150364,4.611587611,1,0,0,0,66.62408625,0.012564547
17-05-2023,10,Customizable Dress,74,1992.150364,4.611587611,1,0,0,0,66.62408625,0.012564547
18-05-2023,1,Floral Sundress,72,1646.591796,3.937383471,1,0,0,0,81.03085627,0.467764283
18-05-2023,2,Evening Gown,76,1646.591796,3.937383471,1,0,0,0,81.03085627,0.467764283
18-05-2023,3,Business Casual Dress,77,1646.591796,3.937383471,1,0,0,0,81.03085627,0.467764283
18-05-2023,4,Sequin Party Dress,93,1646.591796,3.937383471,1,0,0,0,81.03085627,0.467764283
18-05-2023,5,Summer Maxi Dress,76,1646.591796,3.937383471,1,0,0,0,81.03085627,0.467764283
18-05-2023,6,Bridal Gown,55,1646.591796,3.937383471,1,0,0,0,81.03085627,0.467764283
18-05-2023,7,Traditional Ethnic Dress,32,1646.591796,3.937383471,1,0,0,0,81.03085627,0.467764283
18-05-2023,8,Maternity Nursing Dress,38,1646.591796,3.937383471,1,0,0,0,81.03085627,0.467764283
18-05-2023,9,Sporty Athleisure Dress,64,1646.591796,3.937383471,1,0,0,0,81.03085627,0.467764283
18-05-2023,10,Customizable Dress,18,1646.591796,3.937383471,1,0,0,0,81.03085627,0.467764283
19-05-2023,1,Floral Sundress,93,1590.354761,3.605534677,1,0,0,0,76.90872482,0.055383413
19-05-2023,2,Evening Gown,80,1590.354761,3.605534677,1,0,0,0,76.90872482,0.055383413
19-05-2023,3,Business Casual Dress,60,1590.354761,3.605534677,1,0,0,0,76.90872482,0.055383413
19-05-2023,4,Sequin Party Dress,97,1590.354761,3.605534677,1,0,0,0,76.90872482,0.055383413
19-05-2023,5,Summer Maxi Dress,94,1590.354761,3.605534677,1,0,0,0,76.90872482,0.055383413
19-05-2023,6,Bridal Gown,29,1590.354761,3.605534677,1,0,0,0,76.90872482,0.055383413
19-05-2023,7,Traditional Ethnic Dress,94,1590.354761,3.605534677,1,0,0,0,76.90872482,0.055383413
19-05-2023,8,Maternity Nursing Dress,50,1590.354761,3.605534677,1,0,0,0,76.90872482,0.055383413
19-05-2023,9,Sporty Athleisure Dress,59,1590.354761,3.605534677,1,0,0,0,76.90872482,0.055383413
19-05-2023,10,Customizable Dress,95,1590.354761,3.605534677,1,0,0,0,76.90872482,0.055383413
20-05-2023,1,Floral Sundress,41,1086.600751,4.222261702,1,0,0,0,66.99394625,0.119268791
20-05-2023,2,Evening Gown,89,1086.600751,4.222261702,1,0,0,0,66.99394625,0.119268791
20-05-2023,3,Business Casual Dress,27,1086.600751,4.222261702,1,0,0,0,66.99394625,0.119268791
20-05-2023,4,Sequin Party Dress,45,1086.600751,4.222261702,1,0,0,0,66.99394625,0.119268791
20-05-2023,5,Summer Maxi Dress,89,1086.600751,4.222261702,1,0,0,0,66.99394625,0.119268791
20-05-2023,6,Bridal Gown,56,1086.600751,4.222261702,1,0,0,0,66.99394625,0.119268791
20-05-2023,7,Traditional Ethnic Dress,26,1086.600751,4.222261702,1,0,0,0,66.99394625,0.119268791
20-05-2023,8,Maternity Nursing Dress,77,1086.600751,4.222261702,1,0,0,0,66.99394625,0.119268791
20-05-2023,9,Sporty Athleisure Dress,74,1086.600751,4.222261702,1,0,0,0,66.99394625,0.119268791
20-05-2023,10,Customizable Dress,35,1086.600751,4.222261702,1,0,0,0,66.99394625,0.119268791
21-05-2023,1,Floral Sundress,83,1270.940143,2.913442298,1,1,0,0,68.1511435,0.332557841
21-05-2023,2,Evening Gown,77,1270.940143,2.913442298,1,1,0,0,68.1511435,0.332557841
21-05-2023,3,Business Casual Dress,68,1270.940143,2.913442298,1,1,0,0,68.1511435,0.332557841
21-05-2023,4,Sequin Party Dress,20,1270.940143,2.913442298,1,1,0,0,68.1511435,0.332557841
21-05-2023,5,Summer Maxi Dress,21,1270.940143,2.913442298,1,1,0,0,68.1511435,0.332557841
21-05-2023,6,Bridal Gown,95,1270.940143,2.913442298,1,1,0,0,68.1511435,0.332557841
21-05-2023,7,Traditional Ethnic Dress,22,1270.940143,2.913442298,1,1,0,0,68.1511435,0.332557841
21-05-2023,8,Maternity Nursing Dress,40,1270.940143,2.913442298,1,1,0,0,68.1511435,0.332557841
21-05-2023,9,Sporty Athleisure Dress,21,1270.940143,2.913442298,1,1,0,0,68.1511435,0.332557841
21-05-2023,10,Customizable Dress,48,1270.940143,2.913442298,1,1,0,0,68.1511435,0.332557841
22-05-2023,1,Floral Sundress,15,1302.685698,2.322787796,1,1,0,0,57.54380772,0.493659174
22-05-2023,2,Evening Gown,11,1302.685698,2.322787796,1,1,0,0,57.54380772,0.493659174
22-05-2023,3,Business Casual Dress,12,1302.685698,2.322787796,1,1,0,0,57.54380772,0.493659174
22-05-2023,4,Sequin Party Dress,35,1302.685698,2.322787796,1,1,0,0,57.54380772,0.493659174
22-05-2023,5,Summer Maxi Dress,18,1302.685698,2.322787796,1,1,0,0,57.54380772,0.493659174
22-05-2023,6,Bridal Gown,13,1302.685698,2.322787796,1,1,0,0,57.54380772,0.493659174
22-05-2023,7,Traditional Ethnic Dress,30,1302.685698,2.322787796,1,1,0,0,57.54380772,0.493659174
22-05-2023,8,Maternity Nursing Dress,74,1302.685698,2.322787796,1,1,0,0,57.54380772,0.493659174
22-05-2023,9,Sporty Athleisure Dress,94,1302.685698,2.322787796,1,1,0,0,57.54380772,0.493659174
22-05-2023,10,Customizable Dress,58,1302.685698,2.322787796,1,1,0,0,57.54380772,0.493659174
23-05-2023,1,Floral Sundress,61,1741.499771,4.722077292,0,1,0,0,75.80489308,0.82836803
23-05-2023,2,Evening Gown,58,1741.499771,4.722077292,0,1,0,0,75.80489308,0.82836803
23-05-2023,3,Business Casual Dress,95,1741.499771,4.722077292,0,1,0,0,75.80489308,0.82836803
23-05-2023,4,Sequin Party Dress,87,1741.499771,4.722077292,0,1,0,0,75.80489308,0.82836803
23-05-2023,5,Summer Maxi Dress,14,1741.499771,4.722077292,0,1,0,0,75.80489308,0.82836803
23-05-2023,6,Bridal Gown,94,1741.499771,4.722077292,0,1,0,0,75.80489308,0.82836803
23-05-2023,7,Traditional Ethnic Dress,79,1741.499771,4.722077292,0,1,0,0,75.80489308,0.82836803
23-05-2023,8,Maternity Nursing Dress,54,1741.499771,4.722077292,0,1,0,0,75.80489308,0.82836803
23-05-2023,9,Sporty Athleisure Dress,18,1741.499771,4.722077292,0,1,0,0,75.80489308,0.82836803
23-05-2023,10,Customizable Dress,64,1741.499771,4.722077292,0,1,0,0,75.80489308,0.82836803
24-05-2023,1,Floral Sundress,14,1929.263793,4.462630627,0,0,0,0,78.8376138,0.466594217
24-05-2023,2,Evening Gown,71,1929.263793,4.462630627,0,0,0,0,78.8376138,0.466594217
24-05-2023,3,Business Casual Dress,12,1929.263793,4.462630627,0,0,0,0,78.8376138,0.466594217
24-05-2023,4,Sequin Party Dress,54,1929.263793,4.462630627,0,0,0,0,78.8376138,0.466594217
24-05-2023,5,Summer Maxi Dress,86,1929.263793,4.462630627,0,0,0,0,78.8376138,0.466594217
24-05-2023,6,Bridal Gown,60,1929.263793,4.462630627,0,0,0,0,78.8376138,0.466594217
24-05-2023,7,Traditional Ethnic Dress,80,1929.263793,4.462630627,0,0,0,0,78.8376138,0.466594217
24-05-2023,8,Maternity Nursing Dress,94,1929.263793,4.462630627,0,0,0,0,78.8376138,0.466594217
24-05-2023,9,Sporty Athleisure Dress,13,1929.263793,4.462630627,0,0,0,0,78.8376138,0.466594217
24-05-2023,10,Customizable Dress,79,1929.263793,4.462630627,0,0,0,0,78.8376138,0.466594217
25-05-2023,1,Floral Sundress,95,1123.16001,2.159640675,1,1,0,0,74.57597368,0.07033226
25-05-2023,2,Evening Gown,18,1123.16001,2.159640675,1,1,0,0,74.57597368,0.07033226
25-05-2023,3,Business Casual Dress,79,1123.16001,2.159640675,1,1,0,0,74.57597368,0.07033226
25-05-2023,4,Sequin Party Dress,10,1123.16001,2.159640675,1,1,0,0,74.57597368,0.07033226
25-05-2023,5,Summer Maxi Dress,83,1123.16001,2.159640675,1,1,0,0,74.57597368,0.07033226
25-05-2023,6,Bridal Gown,80,1123.16001,2.159640675,1,1,0,0,74.57597368,0.07033226
25-05-2023,7,Traditional Ethnic Dress,75,1123.16001,2.159640675,1,1,0,0,74.57597368,0.07033226
25-05-2023,8,Maternity Nursing Dress,59,1123.16001,2.159640675,1,1,0,0,74.57597368,0.07033226
25-05-2023,9,Sporty Athleisure Dress,17,1123.16001,2.159640675,1,1,0,0,74.57597368,0.07033226
25-05-2023,10,Customizable Dress,99,1123.16001,2.159640675,1,1,0,0,74.57597368,0.07033226
26-05-2023,1,Floral Sundress,91,1856.609257,1.890925536,1,1,0,0,85.41787108,0.852138472
26-05-2023,2,Evening Gown,59,1856.609257,1.890925536,1,1,0,0,85.41787108,0.852138472
26-05-2023,3,Business Casual Dress,25,1856.609257,1.890925536,1,1,0,0,85.41787108,0.852138472
26-05-2023,4,Sequin Party Dress,58,1856.609257,1.890925536,1,1,0,0,85.41787108,0.852138472
26-05-2023,5,Summer Maxi Dress,49,1856.609257,1.890925536,1,1,0,0,85.41787108,0.852138472
26-05-2023,6,Bridal Gown,58,1856.609257,1.890925536,1,1,0,0,85.41787108,0.852138472
26-05-2023,7,Traditional Ethnic Dress,16,1856.609257,1.890925536,1,1,0,0,85.41787108,0.852138472
26-05-2023,8,Maternity Nursing Dress,37,1856.609257,1.890925536,1,1,0,0,85.41787108,0.852138472
26-05-2023,9,Sporty Athleisure Dress,66,1856.609257,1.890925536,1,1,0,0,85.41787108,0.852138472
26-05-2023,10,Customizable Dress,48,1856.609257,1.890925536,1,1,0,0,85.41787108,0.852138472
27-05-2023,1,Floral Sundress,38,1170.806498,3.193711566,1,1,0,0,71.40061878,0.229367418
27-05-2023,2,Evening Gown,68,1170.806498,3.193711566,1,1,0,0,71.40061878,0.229367418
27-05-2023,3,Business Casual Dress,19,1170.806498,3.193711566,1,1,0,0,71.40061878,0.229367418
27-05-2023,4,Sequin Party Dress,46,1170.806498,3.193711566,1,1,0,0,71.40061878,0.229367418
27-05-2023,5,Summer Maxi Dress,29,1170.806498,3.193711566,1,1,0,0,71.40061878,0.229367418
27-05-2023,6,Bridal Gown,55,1170.806498,3.193711566,1,1,0,0,71.40061878,0.229367418
27-05-2023,7,Traditional Ethnic Dress,14,1170.806498,3.193711566,1,1,0,0,71.40061878,0.229367418
27-05-2023,8,Maternity Nursing Dress,28,1170.806498,3.193711566,1,1,0,0,71.40061878,0.229367418
27-05-2023,9,Sporty Athleisure Dress,43,1170.806498,3.193711566,1,1,0,0,71.40061878,0.229367418
27-05-2023,10,Customizable Dress,65,1170.806498,3.193711566,1,1,0,0,71.40061878,0.229367418
28-05-2023,1,Floral Sundress,92,1766.670104,3.656003554,1,1,0,0,87.24098623,0.302741201
28-05-2023,2,Evening Gown,41,1766.670104,3.656003554,1,1,0,0,87.24098623,0.302741201
28-05-2023,3,Business Casual Dress,18,1766.670104,3.656003554,1,1,0,0,87.24098623,0.302741201
28-05-2023,4,Sequin Party Dress,20,1766.670104,3.656003554,1,1,0,0,87.24098623,0.302741201
28-05-2023,5,Summer Maxi Dress,66,1766.670104,3.656003554,1,1,0,0,87.24098623,0.302741201
28-05-2023,6,Bridal Gown,81,1766.670104,3.656003554,1,1,0,0,87.24098623,0.302741201
28-05-2023,7,Traditional Ethnic Dress,58,1766.670104,3.656003554,1,1,0,0,87.24098623,0.302741201
28-05-2023,8,Maternity Nursing Dress,76,1766.670104,3.656003554,1,1,0,0,87.24098623,0.302741201
28-05-2023,9,Sporty Athleisure Dress,55,1766.670104,3.656003554,1,1,0,0,87.24098623,0.302741201
28-05-2023,10,Customizable Dress,36,1766.670104,3.656003554,1,1,0,0,87.24098623,0.302741201
29-05-2023,1,Floral Sundress,38,1005.054147,3.282823698,0,0,0,0,65.94214207,0.648811333
29-05-2023,2,Evening Gown,98,1005.054147,3.282823698,0,0,0,0,65.94214207,0.648811333
29-05-2023,3,Business Casual Dress,31,1005.054147,3.282823698,0,0,0,0,65.94214207,0.648811333
29-05-2023,4,Sequin Party Dress,80,1005.054147,3.282823698,0,0,0,0,65.94214207,0.648811333
29-05-2023,5,Summer Maxi Dress,21,1005.054147,3.282823698,0,0,0,0,65.94214207,0.648811333
29-05-2023,6,Bridal Gown,41,1005.054147,3.282823698,0,0,0,0,65.94214207,0.648811333
29-05-2023,7,Traditional Ethnic Dress,49,1005.054147,3.282823698,0,0,0,0,65.94214207,0.648811333
29-05-2023,8,Maternity Nursing Dress,67,1005.054147,3.282823698,0,0,0,0,65.94214207,0.648811333
29-05-2023,9,Sporty Athleisure Dress,60,1005.054147,3.282823698,0,0,0,0,65.94214207,0.648811333
29-05-2023,10,Customizable Dress,73,1005.054147,3.282823698,0,0,0,0,65.94214207,0.648811333
30-05-2023,1,Floral Sundress,19,1623.395431,1.286104752,0,1,0,0,88.04133391,0.508639325
30-05-2023,2,Evening Gown,66,1623.395431,1.286104752,0,1,0,0,88.04133391,0.508639325
30-05-2023,3,Business Casual Dress,50,1623.395431,1.286104752,0,1,0,0,88.04133391,0.508639325
30-05-2023,4,Sequin Party Dress,87,1623.395431,1.286104752,0,1,0,0,88.04133391,0.508639325
30-05-2023,5,Summer Maxi Dress,29,1623.395431,1.286104752,0,1,0,0,88.04133391,0.508639325
30-05-2023,6,Bridal Gown,50,1623.395431,1.286104752,0,1,0,0,88.04133391,0.508639325
30-05-2023,7,Traditional Ethnic Dress,27,1623.395431,1.286104752,0,1,0,0,88.04133391,0.508639325
30-05-2023,8,Maternity Nursing Dress,21,1623.395431,1.286104752,0,1,0,0,88.04133391,0.508639325
30-05-2023,9,Sporty Athleisure Dress,75,1623.395431,1.286104752,0,1,0,0,88.04133391,0.508639325
30-05-2023,10,Customizable Dress,71,1623.395431,1.286104752,0,1,0,0,88.04133391,0.508639325
31-05-2023,1,Floral Sundress,42,1714.82278,2.951178573,1,0,0,0,66.37079149,0.732775639
31-05-2023,2,Evening Gown,60,1714.82278,2.951178573,1,0,0,0,66.37079149,0.732775639
31-05-2023,3,Business Casual Dress,16,1714.82278,2.951178573,1,0,0,0,66.37079149,0.732775639
31-05-2023,4,Sequin Party Dress,90,1714.82278,2.951178573,1,0,0,0,66.37079149,0.732775639
31-05-2023,5,Summer Maxi Dress,74,1714.82278,2.951178573,1,0,0,0,66.37079149,0.732775639
31-05-2023,6,Bridal Gown,54,1714.82278,2.951178573,1,0,0,0,66.37079149,0.732775639
31-05-2023,7,Traditional Ethnic Dress,50,1714.82278,2.951178573,1,0,0,0,66.37079149,0.732775639
31-05-2023,8,Maternity Nursing Dress,13,1714.82278,2.951178573,1,0,0,0,66.37079149,0.732775639
31-05-2023,9,Sporty Athleisure Dress,32,1714.82278,2.951178573,1,0,0,0,66.37079149,0.732775639
31-05-2023,10,Customizable Dress,12,1714.82278,2.951178573,1,0,0,0,66.37079149,0.732775639
01-06-2023,1,Floral Sundress,11,1270.019033,4.21876556,1,1,0,0,89.55770183,0.331918261
01-06-2023,2,Evening Gown,94,1270.019033,4.21876556,1,1,0,0,89.55770183,0.331918261
01-06-2023,3,Business Casual Dress,54,1270.019033,4.21876556,1,1,0,0,89.55770183,0.331918261
01-06-2023,4,Sequin Party Dress,96,1270.019033,4.21876556,1,1,0,0,89.55770183,0.331918261
01-06-2023,5,Summer Maxi Dress,81,1270.019033,4.21876556,1,1,0,0,89.55770183,0.331918261
01-06-2023,6,Bridal Gown,44,1270.019033,4.21876556,1,1,0,0,89.55770183,0.331918261
01-06-2023,7,Traditional Ethnic Dress,34,1270.019033,4.21876556,1,1,0,0,89.55770183,0.331918261
01-06-2023,8,Maternity Nursing Dress,99,1270.019033,4.21876556,1,1,0,0,89.55770183,0.331918261
01-06-2023,9,Sporty Athleisure Dress,14,1270.019033,4.21876556,1,1,0,0,89.55770183,0.331918261
01-06-2023,10,Customizable Dress,65,1270.019033,4.21876556,1,1,0,0,89.55770183,0.331918261
02-06-2023,1,Floral Sundress,49,1633.591677,2.775765098,1,1,0,0,83.26084052,0.32102142
02-06-2023,2,Evening Gown,89,1633.591677,2.775765098,1,1,0,0,83.26084052,0.32102142
02-06-2023,3,Business Casual Dress,73,1633.591677,2.775765098,1,1,0,0,83.26084052,0.32102142
02-06-2023,4,Sequin Party Dress,57,1633.591677,2.775765098,1,1,0,0,83.26084052,0.32102142
02-06-2023,5,Summer Maxi Dress,56,1633.591677,2.775765098,1,1,0,0,83.26084052,0.32102142
02-06-2023,6,Bridal Gown,20,1633.591677,2.775765098,1,1,0,0,83.26084052,0.32102142
02-06-2023,7,Traditional Ethnic Dress,91,1633.591677,2.775765098,1,1,0,0,83.26084052,0.32102142
02-06-2023,8,Maternity Nursing Dress,73,1633.591677,2.775765098,1,1,0,0,83.26084052,0.32102142
02-06-2023,9,Sporty Athleisure Dress,96,1633.591677,2.775765098,1,1,0,0,83.26084052,0.32102142
02-06-2023,10,Customizable Dress,89,1633.591677,2.775765098,1,1,0,0,83.26084052,0.32102142
03-06-2023,1,Floral Sundress,24,1293.160516,3.227058753,1,1,0,0,74.25139159,0.823293158
03-06-2023,2,Evening Gown,78,1293.160516,3.227058753,1,1,0,0,74.25139159,0.823293158
03-06-2023,3,Business Casual Dress,95,1293.160516,3.227058753,1,1,0,0,74.25139159,0.823293158
03-06-2023,4,Sequin Party Dress,52,1293.160516,3.227058753,1,1,0,0,74.25139159,0.823293158
03-06-2023,5,Summer Maxi Dress,66,1293.160516,3.227058753,1,1,0,0,74.25139159,0.823293158
03-06-2023,6,Bridal Gown,46,1293.160516,3.227058753,1,1,0,0,74.25139159,0.823293158
03-06-2023,7,Traditional Ethnic Dress,93,1293.160516,3.227058753,1,1,0,0,74.25139159,0.823293158
03-06-2023,8,Maternity Nursing Dress,46,1293.160516,3.227058753,1,1,0,0,74.25139159,0.823293158
03-06-2023,9,Sporty Athleisure Dress,97,1293.160516,3.227058753,1,1,0,0,74.25139159,0.823293158
03-06-2023,10,Customizable Dress,95,1293.160516,3.227058753,1,1,0,0,74.25139159,0.823293158
04-06-2023,1,Floral Sundress,30,1152.592868,1.628637764,1,1,0,0,83.09737131,0.368251408
04-06-2023,2,Evening Gown,39,1152.592868,1.628637764,1,1,0,0,83.09737131,0.368251408
04-06-2023,3,Business Casual Dress,84,1152.592868,1.628637764,1,1,0,0,83.09737131,0.368251408
04-06-2023,4,Sequin Party Dress,90,1152.592868,1.628637764,1,1,0,0,83.09737131,0.368251408
04-06-2023,5,Summer Maxi Dress,17,1152.592868,1.628637764,1,1,0,0,83.09737131,0.368251408
04-06-2023,6,Bridal Gown,45,1152.592868,1.628637764,1,1,0,0,83.09737131,0.368251408
04-06-2023,7,Traditional Ethnic Dress,16,1152.592868,1.628637764,1,1,0,0,83.09737131,0.368251408
04-06-2023,8,Maternity Nursing Dress,69,1152.592868,1.628637764,1,1,0,0,83.09737131,0.368251408
04-06-2023,9,Sporty Athleisure Dress,45,1152.592868,1.628637764,1,1,0,0,83.09737131,0.368251408
04-06-2023,10,Customizable Dress,31,1152.592868,1.628637764,1,1,0,0,83.09737131,0.368251408
05-06-2023,1,Floral Sundress,19,1478.208078,3.853764415,0,1,0,0,56.84744996,0.83926704
05-06-2023,2,Evening Gown,18,1478.208078,3.853764415,0,1,0,0,56.84744996,0.83926704
05-06-2023,3,Business Casual Dress,54,1478.208078,3.853764415,0,1,0,0,56.84744996,0.83926704
05-06-2023,4,Sequin Party Dress,93,1478.208078,3.853764415,0,1,0,0,56.84744996,0.83926704
05-06-2023,5,Summer Maxi Dress,25,1478.208078,3.853764415,0,1,0,0,56.84744996,0.83926704
05-06-2023,6,Bridal Gown,92,1478.208078,3.853764415,0,1,0,0,56.84744996,0.83926704
05-06-2023,7,Traditional Ethnic Dress,23,1478.208078,3.853764415,0,1,0,0,56.84744996,0.83926704
05-06-2023,8,Maternity Nursing Dress,25,1478.208078,3.853764415,0,1,0,0,56.84744996,0.83926704
05-06-2023,9,Sporty Athleisure Dress,45,1478.208078,3.853764415,0,1,0,0,56.84744996,0.83926704
05-06-2023,10,Customizable Dress,38,1478.208078,3.853764415,0,1,0,0,56.84744996,0.83926704
06-06-2023,1,Floral Sundress,11,1272.532168,3.597768347,0,1,0,0,52.07422845,0.259149911
06-06-2023,2,Evening Gown,70,1272.532168,3.597768347,0,1,0,0,52.07422845,0.259149911
06-06-2023,3,Business Casual Dress,94,1272.532168,3.597768347,0,1,0,0,52.07422845,0.259149911
06-06-2023,4,Sequin Party Dress,40,1272.532168,3.597768347,0,1,0,0,52.07422845,0.259149911
06-06-2023,5,Summer Maxi Dress,76,1272.532168,3.597768347,0,1,0,0,52.07422845,0.259149911
06-06-2023,6,Bridal Gown,46,1272.532168,3.597768347,0,1,0,0,52.07422845,0.259149911
06-06-2023,7,Traditional Ethnic Dress,75,1272.532168,3.597768347,0,1,0,0,52.07422845,0.259149911
06-06-2023,8,Maternity Nursing Dress,33,1272.532168,3.597768347,0,1,0,0,52.07422845,0.259149911
06-06-2023,9,Sporty Athleisure Dress,48,1272.532168,3.597768347,0,1,0,0,52.07422845,0.259149911
06-06-2023,10,Customizable Dress,74,1272.532168,3.597768347,0,1,0,0,52.07422845,0.259149911
07-06-2023,1,Floral Sundress,60,1054.542954,2.086041919,0,0,0,0,85.47599711,0.077559247
07-06-2023,2,Evening Gown,22,1054.542954,2.086041919,0,0,0,0,85.47599711,0.077559247
07-06-2023,3,Business Casual Dress,75,1054.542954,2.086041919,0,0,0,0,85.47599711,0.077559247
07-06-2023,4,Sequin Party Dress,35,1054.542954,2.086041919,0,0,0,0,85.47599711,0.077559247
07-06-2023,5,Summer Maxi Dress,27,1054.542954,2.086041919,0,0,0,0,85.47599711,0.077559247
07-06-2023,6,Bridal Gown,95,1054.542954,2.086041919,0,0,0,0,85.47599711,0.077559247
07-06-2023,7,Traditional Ethnic Dress,12,1054.542954,2.086041919,0,0,0,0,85.47599711,0.077559247
07-06-2023,8,Maternity Nursing Dress,80,1054.542954,2.086041919,0,0,0,0,85.47599711,0.077559247
07-06-2023,9,Sporty Athleisure Dress,61,1054.542954,2.086041919,0,0,0,0,85.47599711,0.077559247
07-06-2023,10,Customizable Dress,87,1054.542954,2.086041919,0,0,0,0,85.47599711,0.077559247
08-06-2023,1,Floral Sundress,56,1299.946534,2.438860142,0,1,0,0,73.58590725,0.299486892
08-06-2023,2,Evening Gown,31,1299.946534,2.438860142,0,1,0,0,73.58590725,0.299486892
08-06-2023,3,Business Casual Dress,30,1299.946534,2.438860142,0,1,0,0,73.58590725,0.299486892
08-06-2023,4,Sequin Party Dress,83,1299.946534,2.438860142,0,1,0,0,73.58590725,0.299486892
08-06-2023,5,Summer Maxi Dress,83,1299.946534,2.438860142,0,1,0,0,73.58590725,0.299486892
08-06-2023,6,Bridal Gown,11,1299.946534,2.438860142,0,1,0,0,73.58590725,0.299486892
08-06-2023,7,Traditional Ethnic Dress,69,1299.946534,2.438860142,0,1,0,0,73.58590725,0.299486892
08-06-2023,8,Maternity Nursing Dress,17,1299.946534,2.438860142,0,1,0,0,73.58590725,0.299486892
08-06-2023,9,Sporty Athleisure Dress,22,1299.946534,2.438860142,0,1,0,0,73.58590725,0.299486892
08-06-2023,10,Customizable Dress,78,1299.946534,2.438860142,0,1,0,0,73.58590725,0.299486892
09-06-2023,1,Floral Sundress,78,1277.821175,4.491075437,0,0,0,0,73.23132119,0.07338858
09-06-2023,2,Evening Gown,62,1277.821175,4.491075437,0,0,0,0,73.23132119,0.07338858
09-06-2023,3,Business Casual Dress,53,1277.821175,4.491075437,0,0,0,0,73.23132119,0.07338858
09-06-2023,4,Sequin Party Dress,26,1277.821175,4.491075437,0,0,0,0,73.23132119,0.07338858
09-06-2023,5,Summer Maxi Dress,80,1277.821175,4.491075437,0,0,0,0,73.23132119,0.07338858
09-06-2023,6,Bridal Gown,51,1277.821175,4.491075437,0,0,0,0,73.23132119,0.07338858
09-06-2023,7,Traditional Ethnic Dress,93,1277.821175,4.491075437,0,0,0,0,73.23132119,0.07338858
09-06-2023,8,Maternity Nursing Dress,34,1277.821175,4.491075437,0,0,0,0,73.23132119,0.07338858
09-06-2023,9,Sporty Athleisure Dress,41,1277.821175,4.491075437,0,0,0,0,73.23132119,0.07338858
09-06-2023,10,Customizable Dress,30,1277.821175,4.491075437,0,0,0,0,73.23132119,0.07338858
10-06-2023,1,Floral Sundress,61,1153.234579,4.173997728,1,1,0,0,56.87450083,0.839957638
10-06-2023,2,Evening Gown,99,1153.234579,4.173997728,1,1,0,0,56.87450083,0.839957638
10-06-2023,3,Business Casual Dress,24,1153.234579,4.173997728,1,1,0,0,56.87450083,0.839957638
10-06-2023,4,Sequin Party Dress,15,1153.234579,4.173997728,1,1,0,0,56.87450083,0.839957638
10-06-2023,5,Summer Maxi Dress,79,1153.234579,4.173997728,1,1,0,0,56.87450083,0.839957638
10-06-2023,6,Bridal Gown,13,1153.234579,4.173997728,1,1,0,0,56.87450083,0.839957638
10-06-2023,7,Traditional Ethnic Dress,30,1153.234579,4.173997728,1,1,0,0,56.87450083,0.839957638
10-06-2023,8,Maternity Nursing Dress,92,1153.234579,4.173997728,1,1,0,0,56.87450083,0.839957638
10-06-2023,9,Sporty Athleisure Dress,26,1153.234579,4.173997728,1,1,0,0,56.87450083,0.839957638
10-06-2023,10,Customizable Dress,58,1153.234579,4.173997728,1,1,0,0,56.87450083,0.839957638
11-06-2023,1,Floral Sundress,99,1171.206781,1.970892999,1,1,0,0,72.7498977,0.16200049
11-06-2023,2,Evening Gown,77,1171.206781,1.970892999,1,1,0,0,72.7498977,0.16200049
11-06-2023,3,Business Casual Dress,70,1171.206781,1.970892999,1,1,0,0,72.7498977,0.16200049
11-06-2023,4,Sequin Party Dress,55,1171.206781,1.970892999,1,1,0,0,72.7498977,0.16200049
11-06-2023,5,Summer Maxi Dress,94,1171.206781,1.970892999,1,1,0,0,72.7498977,0.16200049
11-06-2023,6,Bridal Gown,11,1171.206781,1.970892999,1,1,0,0,72.7498977,0.16200049
11-06-2023,7,Traditional Ethnic Dress,92,1171.206781,1.970892999,1,1,0,0,72.7498977,0.16200049
11-06-2023,8,Maternity Nursing Dress,65,1171.206781,1.970892999,1,1,0,0,72.7498977,0.16200049
11-06-2023,9,Sporty Athleisure Dress,50,1171.206781,1.970892999,1,1,0,0,72.7498977,0.16200049
11-06-2023,10,Customizable Dress,44,1171.206781,1.970892999,1,1,0,0,72.7498977,0.16200049
12-06-2023,1,Floral Sundress,83,1071.367681,3.575869055,0,0,0,0,58.56445211,0.09272848
12-06-2023,2,Evening Gown,12,1071.367681,3.575869055,0,0,0,0,58.56445211,0.09272848
12-06-2023,3,Business Casual Dress,82,1071.367681,3.575869055,0,0,0,0,58.56445211,0.09272848
12-06-2023,4,Sequin Party Dress,79,1071.367681,3.575869055,0,0,0,0,58.56445211,0.09272848
12-06-2023,5,Summer Maxi Dress,72,1071.367681,3.575869055,0,0,0,0,58.56445211,0.09272848
12-06-2023,6,Bridal Gown,58,1071.367681,3.575869055,0,0,0,0,58.56445211,0.09272848
12-06-2023,7,Traditional Ethnic Dress,89,1071.367681,3.575869055,0,0,0,0,58.56445211,0.09272848
12-06-2023,8,Maternity Nursing Dress,20,1071.367681,3.575869055,0,0,0,0,58.56445211,0.09272848
12-06-2023,9,Sporty Athleisure Dress,56,1071.367681,3.575869055,0,0,0,0,58.56445211,0.09272848
12-06-2023,10,Customizable Dress,84,1071.367681,3.575869055,0,0,0,0,58.56445211,0.09272848
13-06-2023,1,Floral Sundress,16,1666.839322,2.49951749,1,0,0,0,87.11310917,0.409694645
13-06-2023,2,Evening Gown,71,1666.839322,2.49951749,1,0,0,0,87.11310917,0.409694645
13-06-2023,3,Business Casual Dress,98,1666.839322,2.49951749,1,0,0,0,87.11310917,0.409694645
13-06-2023,4,Sequin Party Dress,13,1666.839322,2.49951749,1,0,0,0,87.11310917,0.409694645
13-06-2023,5,Summer Maxi Dress,22,1666.839322,2.49951749,1,0,0,0,87.11310917,0.409694645
13-06-2023,6,Bridal Gown,59,1666.839322,2.49951749,1,0,0,0,87.11310917,0.409694645
13-06-2023,7,Traditional Ethnic Dress,11,1666.839322,2.49951749,1,0,0,0,87.11310917,0.409694645
13-06-2023,8,Maternity Nursing Dress,46,1666.839322,2.49951749,1,0,0,0,87.11310917,0.409694645
13-06-2023,9,Sporty Athleisure Dress,90,1666.839322,2.49951749,1,0,0,0,87.11310917,0.409694645
13-06-2023,10,Customizable Dress,64,1666.839322,2.49951749,1,0,0,0,87.11310917,0.409694645
14-06-2023,1,Floral Sundress,32,1628.411402,2.901883016,1,0,0,0,51.57624134,0.738507145
14-06-2023,2,Evening Gown,92,1628.411402,2.901883016,1,0,0,0,51.57624134,0.738507145
14-06-2023,3,Business Casual Dress,60,1628.411402,2.901883016,1,0,0,0,51.57624134,0.738507145
14-06-2023,4,Sequin Party Dress,34,1628.411402,2.901883016,1,0,0,0,51.57624134,0.738507145
14-06-2023,5,Summer Maxi Dress,33,1628.411402,2.901883016,1,0,0,0,51.57624134,0.738507145
14-06-2023,6,Bridal Gown,19,1628.411402,2.901883016,1,0,0,0,51.57624134,0.738507145
14-06-2023,7,Traditional Ethnic Dress,81,1628.411402,2.901883016,1,0,0,0,51.57624134,0.738507145
14-06-2023,8,Maternity Nursing Dress,47,1628.411402,2.901883016,1,0,0,0,51.57624134,0.738507145
14-06-2023,9,Sporty Athleisure Dress,67,1628.411402,2.901883016,1,0,0,0,51.57624134,0.738507145
14-06-2023,10,Customizable Dress,68,1628.411402,2.901883016,1,0,0,0,51.57624134,0.738507145
15-06-2023,1,Floral Sundress,57,1312.591838,3.501108073,1,1,0,0,65.30641366,0.928677874
15-06-2023,2,Evening Gown,68,1312.591838,3.501108073,1,1,0,0,65.30641366,0.928677874
15-06-2023,3,Business Casual Dress,38,1312.591838,3.501108073,1,1,0,0,65.30641366,0.928677874
15-06-2023,4,Sequin Party Dress,39,1312.591838,3.501108073,1,1,0,0,65.30641366,0.928677874
15-06-2023,5,Summer Maxi Dress,17,1312.591838,3.501108073,1,1,0,0,65.30641366,0.928677874
15-06-2023,6,Bridal Gown,25,1312.591838,3.501108073,1,1,0,0,65.30641366,0.928677874
15-06-2023,7,Traditional Ethnic Dress,39,1312.591838,3.501108073,1,1,0,0,65.30641366,0.928677874
15-06-2023,8,Maternity Nursing Dress,52,1312.591838,3.501108073,1,1,0,0,65.30641366,0.928677874
15-06-2023,9,Sporty Athleisure Dress,85,1312.591838,3.501108073,1,1,0,0,65.30641366,0.928677874
15-06-2023,10,Customizable Dress,93,1312.591838,3.501108073,1,1,0,0,65.30641366,0.928677874
16-06-2023,1,Floral Sundress,76,1456.515111,3.281292616,1,1,0,0,73.7831222,0.388319693
16-06-2023,2,Evening Gown,56,1456.515111,3.281292616,1,1,0,0,73.7831222,0.388319693
16-06-2023,3,Business Casual Dress,17,1456.515111,3.281292616,1,1,0,0,73.7831222,0.388319693
16-06-2023,4,Sequin Party Dress,43,1456.515111,3.281292616,1,1,0,0,73.7831222,0.388319693
16-06-2023,5,Summer Maxi Dress,35,1456.515111,3.281292616,1,1,0,0,73.7831222,0.388319693
16-06-2023,6,Bridal Gown,66,1456.515111,3.281292616,1,1,0,0,73.7831222,0.388319693
16-06-2023,7,Traditional Ethnic Dress,51,1456.515111,3.281292616,1,1,0,0,73.7831222,0.388319693
16-06-2023,8,Maternity Nursing Dress,49,1456.515111,3.281292616,1,1,0,0,73.7831222,0.388319693
16-06-2023,9,Sporty Athleisure Dress,68,1456.515111,3.281292616,1,1,0,0,73.7831222,0.388319693
16-06-2023,10,Customizable Dress,35,1456.515111,3.281292616,1,1,0,0,73.7831222,0.388319693
17-06-2023,1,Floral Sundress,30,1403.033552,4.257776226,0,1,0,0,63.16080974,0.563553996
17-06-2023,2,Evening Gown,80,1403.033552,4.257776226,0,1,0,0,63.16080974,0.563553996
17-06-2023,3,Business Casual Dress,57,1403.033552,4.257776226,0,1,0,0,63.16080974,0.563553996
17-06-2023,4,Sequin Party Dress,86,1403.033552,4.257776226,0,1,0,0,63.16080974,0.563553996
17-06-2023,5,Summer Maxi Dress,17,1403.033552,4.257776226,0,1,0,0,63.16080974,0.563553996
17-06-2023,6,Bridal Gown,22,1403.033552,4.257776226,0,1,0,0,63.16080974,0.563553996
17-06-2023,7,Traditional Ethnic Dress,71,1403.033552,4.257776226,0,1,0,0,63.16080974,0.563553996
17-06-2023,8,Maternity Nursing Dress,10,1403.033552,4.257776226,0,1,0,0,63.16080974,0.563553996
17-06-2023,9,Sporty Athleisure Dress,48,1403.033552,4.257776226,0,1,0,0,63.16080974,0.563553996
17-06-2023,10,Customizable Dress,21,1403.033552,4.257776226,0,1,0,0,63.16080974,0.563553996
18-06-2023,1,Floral Sundress,45,1097.482899,2.307306328,0,1,0,0,86.17957165,0.473570656
18-06-2023,2,Evening Gown,50,1097.482899,2.307306328,0,1,0,0,86.17957165,0.473570656
18-06-2023,3,Business Casual Dress,57,1097.482899,2.307306328,0,1,0,0,86.17957165,0.473570656
18-06-2023,4,Sequin Party Dress,31,1097.482899,2.307306328,0,1,0,0,86.17957165,0.473570656
18-06-2023,5,Summer Maxi Dress,69,1097.482899,2.307306328,0,1,0,0,86.17957165,0.473570656
18-06-2023,6,Bridal Gown,18,1097.482899,2.307306328,0,1,0,0,86.17957165,0.473570656
18-06-2023,7,Traditional Ethnic Dress,90,1097.482899,2.307306328,0,1,0,0,86.17957165,0.473570656
18-06-2023,8,Maternity Nursing Dress,88,1097.482899,2.307306328,0,1,0,0,86.17957165,0.473570656
18-06-2023,9,Sporty Athleisure Dress,63,1097.482899,2.307306328,0,1,0,0,86.17957165,0.473570656
18-06-2023,10,Customizable Dress,83,1097.482899,2.307306328,0,1,0,0,86.17957165,0.473570656
19-06-2023,1,Floral Sundress,74,1498.172236,2.104316003,1,0,0,0,64.23971,0.626766549
19-06-2023,2,Evening Gown,83,1498.172236,2.104316003,1,0,0,0,64.23971,0.626766549
19-06-2023,3,Business Casual Dress,64,1498.172236,2.104316003,1,0,0,0,64.23971,0.626766549
19-06-2023,4,Sequin Party Dress,14,1498.172236,2.104316003,1,0,0,0,64.23971,0.626766549
19-06-2023,5,Summer Maxi Dress,99,1498.172236,2.104316003,1,0,0,0,64.23971,0.626766549
19-06-2023,6,Bridal Gown,44,1498.172236,2.104316003,1,0,0,0,64.23971,0.626766549
19-06-2023,7,Traditional Ethnic Dress,15,1498.172236,2.104316003,1,0,0,0,64.23971,0.626766549
19-06-2023,8,Maternity Nursing Dress,95,1498.172236,2.104316003,1,0,0,0,64.23971,0.626766549
19-06-2023,9,Sporty Athleisure Dress,99,1498.172236,2.104316003,1,0,0,0,64.23971,0.626766549
19-06-2023,10,Customizable Dress,21,1498.172236,2.104316003,1,0,0,0,64.23971,0.626766549
20-06-2023,1,Floral Sundress,93,1155.615268,4.364733725,1,0,0,0,82.8977664,0.260436004
20-06-2023,2,Evening Gown,88,1155.615268,4.364733725,1,0,0,0,82.8977664,0.260436004
20-06-2023,3,Business Casual Dress,61,1155.615268,4.364733725,1,0,0,0,82.8977664,0.260436004
20-06-2023,4,Sequin Party Dress,55,1155.615268,4.364733725,1,0,0,0,82.8977664,0.260436004
20-06-2023,5,Summer Maxi Dress,12,1155.615268,4.364733725,1,0,0,0,82.8977664,0.260436004
20-06-2023,6,Bridal Gown,77,1155.615268,4.364733725,1,0,0,0,82.8977664,0.260436004
20-06-2023,7,Traditional Ethnic Dress,25,1155.615268,4.364733725,1,0,0,0,82.8977664,0.260436004
20-06-2023,8,Maternity Nursing Dress,71,1155.615268,4.364733725,1,0,0,0,82.8977664,0.260436004
20-06-2023,9,Sporty Athleisure Dress,95,1155.615268,4.364733725,1,0,0,0,82.8977664,0.260436004
20-06-2023,10,Customizable Dress,47,1155.615268,4.364733725,1,0,0,0,82.8977664,0.260436004
21-06-2023,1,Floral Sundress,86,1655.925059,2.640632393,1,1,0,0,71.63002344,0.145535404
21-06-2023,2,Evening Gown,16,1655.925059,2.640632393,1,1,0,0,71.63002344,0.145535404
21-06-2023,3,Business Casual Dress,41,1655.925059,2.640632393,1,1,0,0,71.63002344,0.145535404
21-06-2023,4,Sequin Party Dress,50,1655.925059,2.640632393,1,1,0,0,71.63002344,0.145535404
21-06-2023,5,Summer Maxi Dress,87,1655.925059,2.640632393,1,1,0,0,71.63002344,0.145535404
21-06-2023,6,Bridal Gown,53,1655.925059,2.640632393,1,1,0,0,71.63002344,0.145535404
21-06-2023,7,Traditional Ethnic Dress,59,1655.925059,2.640632393,1,1,0,0,71.63002344,0.145535404
21-06-2023,8,Maternity Nursing Dress,46,1655.925059,2.640632393,1,1,0,0,71.63002344,0.145535404
21-06-2023,9,Sporty Athleisure Dress,43,1655.925059,2.640632393,1,1,0,0,71.63002344,0.145535404
21-06-2023,10,Customizable Dress,47,1655.925059,2.640632393,1,1,0,0,71.63002344,0.145535404
22-06-2023,1,Floral Sundress,41,1649.076329,2.484613589,1,0,0,0,52.86346793,0.512542939
22-06-2023,2,Evening Gown,92,1649.076329,2.484613589,1,0,0,0,52.86346793,0.512542939
22-06-2023,3,Business Casual Dress,55,1649.076329,2.484613589,1,0,0,0,52.86346793,0.512542939
22-06-2023,4,Sequin Party Dress,36,1649.076329,2.484613589,1,0,0,0,52.86346793,0.512542939
22-06-2023,5,Summer Maxi Dress,68,1649.076329,2.484613589,1,0,0,0,52.86346793,0.512542939
22-06-2023,6,Bridal Gown,67,1649.076329,2.484613589,1,0,0,0,52.86346793,0.512542939
22-06-2023,7,Traditional Ethnic Dress,63,1649.076329,2.484613589,1,0,0,0,52.86346793,0.512542939
22-06-2023,8,Maternity Nursing Dress,66,1649.076329,2.484613589,1,0,0,0,52.86346793,0.512542939
22-06-2023,9,Sporty Athleisure Dress,60,1649.076329,2.484613589,1,0,0,0,52.86346793,0.512542939
22-06-2023,10,Customizable Dress,97,1649.076329,2.484613589,1,0,0,0,52.86346793,0.512542939
23-06-2023,1,Floral Sundress,11,1938.31173,2.886094674,1,1,0,0,51.50638993,0.887839202
23-06-2023,2,Evening Gown,81,1938.31173,2.886094674,1,1,0,0,51.50638993,0.887839202
23-06-2023,3,Business Casual Dress,50,1938.31173,2.886094674,1,1,0,0,51.50638993,0.887839202
23-06-2023,4,Sequin Party Dress,11,1938.31173,2.886094674,1,1,0,0,51.50638993,0.887839202
23-06-2023,5,Summer Maxi Dress,44,1938.31173,2.886094674,1,1,0,0,51.50638993,0.887839202
23-06-2023,6,Bridal Gown,78,1938.31173,2.886094674,1,1,0,0,51.50638993,0.887839202
23-06-2023,7,Traditional Ethnic Dress,84,1938.31173,2.886094674,1,1,0,0,51.50638993,0.887839202
23-06-2023,8,Maternity Nursing Dress,88,1938.31173,2.886094674,1,1,0,0,51.50638993,0.887839202
23-06-2023,9,Sporty Athleisure Dress,41,1938.31173,2.886094674,1,1,0,0,51.50638993,0.887839202
23-06-2023,10,Customizable Dress,66,1938.31173,2.886094674,1,1,0,0,51.50638993,0.887839202
24-06-2023,1,Floral Sundress,59,1282.412533,2.069748895,0,1,0,0,81.89737613,0.836528117
24-06-2023,2,Evening Gown,25,1282.412533,2.069748895,0,1,0,0,81.89737613,0.836528117
24-06-2023,3,Business Casual Dress,16,1282.412533,2.069748895,0,1,0,0,81.89737613,0.836528117
24-06-2023,4,Sequin Party Dress,41,1282.412533,2.069748895,0,1,0,0,81.89737613,0.836528117
24-06-2023,5,Summer Maxi Dress,26,1282.412533,2.069748895,0,1,0,0,81.89737613,0.836528117
24-06-2023,6,Bridal Gown,86,1282.412533,2.069748895,0,1,0,0,81.89737613,0.836528117
24-06-2023,7,Traditional Ethnic Dress,54,1282.412533,2.069748895,0,1,0,0,81.89737613,0.836528117
24-06-2023,8,Maternity Nursing Dress,88,1282.412533,2.069748895,0,1,0,0,81.89737613,0.836528117
24-06-2023,9,Sporty Athleisure Dress,23,1282.412533,2.069748895,0,1,0,0,81.89737613,0.836528117
24-06-2023,10,Customizable Dress,52,1282.412533,2.069748895,0,1,0,0,81.89737613,0.836528117
25-06-2023,1,Floral Sundress,99,1719.734616,3.154838053,0,1,0,0,78.56267989,0.932855893
25-06-2023,2,Evening Gown,93,1719.734616,3.154838053,0,1,0,0,78.56267989,0.932855893
25-06-2023,3,Business Casual Dress,66,1719.734616,3.154838053,0,1,0,0,78.56267989,0.932855893
25-06-2023,4,Sequin Party Dress,87,1719.734616,3.154838053,0,1,0,0,78.56267989,0.932855893
25-06-2023,5,Summer Maxi Dress,99,1719.734616,3.154838053,0,1,0,0,78.56267989,0.932855893
25-06-2023,6,Bridal Gown,32,1719.734616,3.154838053,0,1,0,0,78.56267989,0.932855893
25-06-2023,7,Traditional Ethnic Dress,94,1719.734616,3.154838053,0,1,0,0,78.56267989,0.932855893
25-06-2023,8,Maternity Nursing Dress,63,1719.734616,3.154838053,0,1,0,0,78.56267989,0.932855893
25-06-2023,9,Sporty Athleisure Dress,92,1719.734616,3.154838053,0,1,0,0,78.56267989,0.932855893
25-06-2023,10,Customizable Dress,69,1719.734616,3.154838053,0,1,0,0,78.56267989,0.932855893
26-06-2023,1,Floral Sundress,77,1450.426922,2.554713613,0,1,0,0,83.34573687,0.988699913
26-06-2023,2,Evening Gown,83,1450.426922,2.554713613,0,1,0,0,83.34573687,0.988699913
26-06-2023,3,Business Casual Dress,88,1450.426922,2.554713613,0,1,0,0,83.34573687,0.988699913
26-06-2023,4,Sequin Party Dress,17,1450.426922,2.554713613,0,1,0,0,83.34573687,0.988699913
26-06-2023,5,Summer Maxi Dress,41,1450.426922,2.554713613,0,1,0,0,83.34573687,0.988699913
26-06-2023,6,Bridal Gown,81,1450.426922,2.554713613,0,1,0,0,83.34573687,0.988699913
26-06-2023,7,Traditional Ethnic Dress,44,1450.426922,2.554713613,0,1,0,0,83.34573687,0.988699913
26-06-2023,8,Maternity Nursing Dress,65,1450.426922,2.554713613,0,1,0,0,83.34573687,0.988699913
26-06-2023,9,Sporty Athleisure Dress,24,1450.426922,2.554713613,0,1,0,0,83.34573687,0.988699913
26-06-2023,10,Customizable Dress,85,1450.426922,2.554713613,0,1,0,0,83.34573687,0.988699913
27-06-2023,1,Floral Sundress,16,1374.354542,1.470791201,0,1,0,0,61.07329282,0.185052511
27-06-2023,2,Evening Gown,12,1374.354542,1.470791201,0,1,0,0,61.07329282,0.185052511
27-06-2023,3,Business Casual Dress,94,1374.354542,1.470791201,0,1,0,0,61.07329282,0.185052511
27-06-2023,4,Sequin Party Dress,21,1374.354542,1.470791201,0,1,0,0,61.07329282,0.185052511
27-06-2023,5,Summer Maxi Dress,85,1374.354542,1.470791201,0,1,0,0,61.07329282,0.185052511
27-06-2023,6,Bridal Gown,71,1374.354542,1.470791201,0,1,0,0,61.07329282,0.185052511
27-06-2023,7,Traditional Ethnic Dress,12,1374.354542,1.470791201,0,1,0,0,61.07329282,0.185052511
27-06-2023,8,Maternity Nursing Dress,98,1374.354542,1.470791201,0,1,0,0,61.07329282,0.185052511
27-06-2023,9,Sporty Athleisure Dress,80,1374.354542,1.470791201,0,1,0,0,61.07329282,0.185052511
27-06-2023,10,Customizable Dress,40,1374.354542,1.470791201,0,1,0,0,61.07329282,0.185052511
28-06-2023,1,Floral Sundress,91,1532.667139,4.821949637,0,1,0,0,89.26615419,0.275750262
28-06-2023,2,Evening Gown,43,1532.667139,4.821949637,0,1,0,0,89.26615419,0.275750262
28-06-2023,3,Business Casual Dress,97,1532.667139,4.821949637,0,1,0,0,89.26615419,0.275750262
28-06-2023,4,Sequin Party Dress,17,1532.667139,4.821949637,0,1,0,0,89.26615419,0.275750262
28-06-2023,5,Summer Maxi Dress,77,1532.667139,4.821949637,0,1,0,0,89.26615419,0.275750262
28-06-2023,6,Bridal Gown,79,1532.667139,4.821949637,0,1,0,0,89.26615419,0.275750262
28-06-2023,7,Traditional Ethnic Dress,34,1532.667139,4.821949637,0,1,0,0,89.26615419,0.275750262
28-06-2023,8,Maternity Nursing Dress,79,1532.667139,4.821949637,0,1,0,0,89.26615419,0.275750262
28-06-2023,9,Sporty Athleisure Dress,12,1532.667139,4.821949637,0,1,0,0,89.26615419,0.275750262
28-06-2023,10,Customizable Dress,53,1532.667139,4.821949637,0,1,0,0,89.26615419,0.275750262
29-06-2023,1,Floral Sundress,50,1638.414318,2.054335464,1,1,0,0,57.39454638,0.410001983
29-06-2023,2,Evening Gown,42,1638.414318,2.054335464,1,1,0,0,57.39454638,0.410001983
29-06-2023,3,Business Casual Dress,96,1638.414318,2.054335464,1,1,0,0,57.39454638,0.410001983
29-06-2023,4,Sequin Party Dress,84,1638.414318,2.054335464,1,1,0,0,57.39454638,0.410001983
29-06-2023,5,Summer Maxi Dress,55,1638.414318,2.054335464,1,1,0,0,57.39454638,0.410001983
29-06-2023,6,Bridal Gown,78,1638.414318,2.054335464,1,1,0,0,57.39454638,0.410001983
29-06-2023,7,Traditional Ethnic Dress,73,1638.414318,2.054335464,1,1,0,0,57.39454638,0.410001983
29-06-2023,8,Maternity Nursing Dress,52,1638.414318,2.054335464,1,1,0,0,57.39454638,0.410001983
29-06-2023,9,Sporty Athleisure Dress,24,1638.414318,2.054335464,1,1,0,0,57.39454638,0.410001983
29-06-2023,10,Customizable Dress,30,1638.414318,2.054335464,1,1,0,0,57.39454638,0.410001983
30-06-2023,1,Floral Sundress,74,1054.451054,2.002004829,1,1,0,0,89.32737216,0.059628898
30-06-2023,2,Evening Gown,80,1054.451054,2.002004829,1,1,0,0,89.32737216,0.059628898
30-06-2023,3,Business Casual Dress,94,1054.451054,2.002004829,1,1,0,0,89.32737216,0.059628898
30-06-2023,4,Sequin Party Dress,90,1054.451054,2.002004829,1,1,0,0,89.32737216,0.059628898
30-06-2023,5,Summer Maxi Dress,72,1054.451054,2.002004829,1,1,0,0,89.32737216,0.059628898
30-06-2023,6,Bridal Gown,97,1054.451054,2.002004829,1,1,0,0,89.32737216,0.059628898
30-06-2023,7,Traditional Ethnic Dress,98,1054.451054,2.002004829,1,1,0,0,89.32737216,0.059628898
30-06-2023,8,Maternity Nursing Dress,59,1054.451054,2.002004829,1,1,0,0,89.32737216,0.059628898
30-06-2023,9,Sporty Athleisure Dress,57,1054.451054,2.002004829,1,1,0,0,89.32737216,0.059628898
30-06-2023,10,Customizable Dress,83,1054.451054,2.002004829,1,1,0,0,89.32737216,0.059628898
01-07-2023,1,Floral Sundress,81,1802.972916,4.071919384,0,0,0,0,67.28911963,0.698577964
01-07-2023,2,Evening Gown,35,1802.972916,4.071919384,0,0,0,0,67.28911963,0.698577964
01-07-2023,3,Business Casual Dress,38,1802.972916,4.071919384,0,0,0,0,67.28911963,0.698577964
01-07-2023,4,Sequin Party Dress,79,1802.972916,4.071919384,0,0,0,0,67.28911963,0.698577964
01-07-2023,5,Summer Maxi Dress,57,1802.972916,4.071919384,0,0,0,0,67.28911963,0.698577964
01-07-2023,6,Bridal Gown,95,1802.972916,4.071919384,0,0,0,0,67.28911963,0.698577964
01-07-2023,7,Traditional Ethnic Dress,41,1802.972916,4.071919384,0,0,0,0,67.28911963,0.698577964
01-07-2023,8,Maternity Nursing Dress,79,1802.972916,4.071919384,0,0,0,0,67.28911963,0.698577964
01-07-2023,9,Sporty Athleisure Dress,11,1802.972916,4.071919384,0,0,0,0,67.28911963,0.698577964
01-07-2023,10,Customizable Dress,35,1802.972916,4.071919384,0,0,0,0,67.28911963,0.698577964
02-07-2023,1,Floral Sundress,81,1468.091022,3.80460457,1,1,0,0,69.65295551,0.634370337
02-07-2023,2,Evening Gown,24,1468.091022,3.80460457,1,1,0,0,69.65295551,0.634370337
02-07-2023,3,Business Casual Dress,22,1468.091022,3.80460457,1,1,0,0,69.65295551,0.634370337
02-07-2023,4,Sequin Party Dress,33,1468.091022,3.80460457,1,1,0,0,69.65295551,0.634370337
02-07-2023,5,Summer Maxi Dress,82,1468.091022,3.80460457,1,1,0,0,69.65295551,0.634370337
02-07-2023,6,Bridal Gown,12,1468.091022,3.80460457,1,1,0,0,69.65295551,0.634370337
02-07-2023,7,Traditional Ethnic Dress,17,1468.091022,3.80460457,1,1,0,0,69.65295551,0.634370337
02-07-2023,8,Maternity Nursing Dress,82,1468.091022,3.80460457,1,1,0,0,69.65295551,0.634370337
02-07-2023,9,Sporty Athleisure Dress,74,1468.091022,3.80460457,1,1,0,0,69.65295551,0.634370337
02-07-2023,10,Customizable Dress,62,1468.091022,3.80460457,1,1,0,0,69.65295551,0.634370337
03-07-2023,1,Floral Sundress,34,1263.499309,3.102718262,1,0,0,0,74.05411667,0.68091974
03-07-2023,2,Evening Gown,70,1263.499309,3.102718262,1,0,0,0,74.05411667,0.68091974
03-07-2023,3,Business Casual Dress,55,1263.499309,3.102718262,1,0,0,0,74.05411667,0.68091974
03-07-2023,4,Sequin Party Dress,92,1263.499309,3.102718262,1,0,0,0,74.05411667,0.68091974
03-07-2023,5,Summer Maxi Dress,30,1263.499309,3.102718262,1,0,0,0,74.05411667,0.68091974
03-07-2023,6,Bridal Gown,25,1263.499309,3.102718262,1,0,0,0,74.05411667,0.68091974
03-07-2023,7,Traditional Ethnic Dress,62,1263.499309,3.102718262,1,0,0,0,74.05411667,0.68091974
03-07-2023,8,Maternity Nursing Dress,69,1263.499309,3.102718262,1,0,0,0,74.05411667,0.68091974
03-07-2023,9,Sporty Athleisure Dress,59,1263.499309,3.102718262,1,0,0,0,74.05411667,0.68091974
03-07-2023,10,Customizable Dress,43,1263.499309,3.102718262,1,0,0,0,74.05411667,0.68091974
04-07-2023,1,Floral Sundress,64,1899.804776,3.053117965,0,0,0,0,70.60768915,0.51993957
04-07-2023,2,Evening Gown,23,1899.804776,3.053117965,0,0,0,0,70.60768915,0.51993957
04-07-2023,3,Business Casual Dress,36,1899.804776,3.053117965,0,0,0,0,70.60768915,0.51993957
04-07-2023,4,Sequin Party Dress,53,1899.804776,3.053117965,0,0,0,0,70.60768915,0.51993957
04-07-2023,5,Summer Maxi Dress,10,1899.804776,3.053117965,0,0,0,0,70.60768915,0.51993957
04-07-2023,6,Bridal Gown,62,1899.804776,3.053117965,0,0,0,0,70.60768915,0.51993957
04-07-2023,7,Traditional Ethnic Dress,10,1899.804776,3.053117965,0,0,0,0,70.60768915,0.51993957
04-07-2023,8,Maternity Nursing Dress,80,1899.804776,3.053117965,0,0,0,0,70.60768915,0.51993957
04-07-2023,9,Sporty Athleisure Dress,89,1899.804776,3.053117965,0,0,0,0,70.60768915,0.51993957
04-07-2023,10,Customizable Dress,63,1899.804776,3.053117965,0,0,0,0,70.60768915,0.51993957
05-07-2023,1,Floral Sundress,78,1470.572775,3.49928572,1,0,0,0,88.43896814,0.26881794
05-07-2023,2,Evening Gown,19,1470.572775,3.49928572,1,0,0,0,88.43896814,0.26881794
05-07-2023,3,Business Casual Dress,47,1470.572775,3.49928572,1,0,0,0,88.43896814,0.26881794
05-07-2023,4,Sequin Party Dress,77,1470.572775,3.49928572,1,0,0,0,88.43896814,0.26881794
05-07-2023,5,Summer Maxi Dress,71,1470.572775,3.49928572,1,0,0,0,88.43896814,0.26881794
05-07-2023,6,Bridal Gown,82,1470.572775,3.49928572,1,0,0,0,88.43896814,0.26881794
05-07-2023,7,Traditional Ethnic Dress,56,1470.572775,3.49928572,1,0,0,0,88.43896814,0.26881794
05-07-2023,8,Maternity Nursing Dress,58,1470.572775,3.49928572,1,0,0,0,88.43896814,0.26881794
05-07-2023,9,Sporty Athleisure Dress,54,1470.572775,3.49928572,1,0,0,0,88.43896814,0.26881794
05-07-2023,10,Customizable Dress,57,1470.572775,3.49928572,1,0,0,0,88.43896814,0.26881794
06-07-2023,1,Floral Sundress,13,1755.268145,3.937592116,0,0,0,0,62.13943106,0.393541918
06-07-2023,2,Evening Gown,16,1755.268145,3.937592116,0,0,0,0,62.13943106,0.393541918
06-07-2023,3,Business Casual Dress,89,1755.268145,3.937592116,0,0,0,0,62.13943106,0.393541918
06-07-2023,4,Sequin Party Dress,29,1755.268145,3.937592116,0,0,0,0,62.13943106,0.393541918
06-07-2023,5,Summer Maxi Dress,75,1755.268145,3.937592116,0,0,0,0,62.13943106,0.393541918
06-07-2023,6,Bridal Gown,89,1755.268145,3.937592116,0,0,0,0,62.13943106,0.393541918
06-07-2023,7,Traditional Ethnic Dress,45,1755.268145,3.937592116,0,0,0,0,62.13943106,0.393541918
06-07-2023,8,Maternity Nursing Dress,83,1755.268145,3.937592116,0,0,0,0,62.13943106,0.393541918
06-07-2023,9,Sporty Athleisure Dress,51,1755.268145,3.937592116,0,0,0,0,62.13943106,0.393541918
06-07-2023,10,Customizable Dress,68,1755.268145,3.937592116,0,0,0,0,62.13943106,0.393541918
07-07-2023,1,Floral Sundress,27,1964.991403,2.223068848,0,1,0,0,86.09458932,0.219277431
07-07-2023,2,Evening Gown,47,1964.991403,2.223068848,0,1,0,0,86.09458932,0.219277431
07-07-2023,3,Business Casual Dress,42,1964.991403,2.223068848,0,1,0,0,86.09458932,0.219277431
07-07-2023,4,Sequin Party Dress,37,1964.991403,2.223068848,0,1,0,0,86.09458932,0.219277431
07-07-2023,5,Summer Maxi Dress,59,1964.991403,2.223068848,0,1,0,0,86.09458932,0.219277431
07-07-2023,6,Bridal Gown,80,1964.991403,2.223068848,0,1,0,0,86.09458932,0.219277431
07-07-2023,7,Traditional Ethnic Dress,93,1964.991403,2.223068848,0,1,0,0,86.09458932,0.219277431
07-07-2023,8,Maternity Nursing Dress,35,1964.991403,2.223068848,0,1,0,0,86.09458932,0.219277431
07-07-2023,9,Sporty Athleisure Dress,96,1964.991403,2.223068848,0,1,0,0,86.09458932,0.219277431
07-07-2023,10,Customizable Dress,34,1964.991403,2.223068848,0,1,0,0,86.09458932,0.219277431
08-07-2023,1,Floral Sundress,92,1198.67349,1.831727894,1,0,0,0,71.25049007,0.012560842
08-07-2023,2,Evening Gown,87,1198.67349,1.831727894,1,0,0,0,71.25049007,0.012560842
08-07-2023,3,Business Casual Dress,24,1198.67349,1.831727894,1,0,0,0,71.25049007,0.012560842
08-07-2023,4,Sequin Party Dress,62,1198.67349,1.831727894,1,0,0,0,71.25049007,0.012560842
08-07-2023,5,Summer Maxi Dress,49,1198.67349,1.831727894,1,0,0,0,71.25049007,0.012560842
08-07-2023,6,Bridal Gown,34,1198.67349,1.831727894,1,0,0,0,71.25049007,0.012560842
08-07-2023,7,Traditional Ethnic Dress,84,1198.67349,1.831727894,1,0,0,0,71.25049007,0.012560842
08-07-2023,8,Maternity Nursing Dress,13,1198.67349,1.831727894,1,0,0,0,71.25049007,0.012560842
08-07-2023,9,Sporty Athleisure Dress,20,1198.67349,1.831727894,1,0,0,0,71.25049007,0.012560842
08-07-2023,10,Customizable Dress,88,1198.67349,1.831727894,1,0,0,0,71.25049007,0.012560842
09-07-2023,1,Floral Sundress,92,1534.758311,4.847855303,1,1,0,0,64.75395888,0.499035285
09-07-2023,2,Evening Gown,19,1534.758311,4.847855303,1,1,0,0,64.75395888,0.499035285
09-07-2023,3,Business Casual Dress,22,1534.758311,4.847855303,1,1,0,0,64.75395888,0.499035285
09-07-2023,4,Sequin Party Dress,25,1534.758311,4.847855303,1,1,0,0,64.75395888,0.499035285
09-07-2023,5,Summer Maxi Dress,84,1534.758311,4.847855303,1,1,0,0,64.75395888,0.499035285
09-07-2023,6,Bridal Gown,47,1534.758311,4.847855303,1,1,0,0,64.75395888,0.499035285
09-07-2023,7,Traditional Ethnic Dress,36,1534.758311,4.847855303,1,1,0,0,64.75395888,0.499035285
09-07-2023,8,Maternity Nursing Dress,53,1534.758311,4.847855303,1,1,0,0,64.75395888,0.499035285
09-07-2023,9,Sporty Athleisure Dress,25,1534.758311,4.847855303,1,1,0,0,64.75395888,0.499035285
09-07-2023,10,Customizable Dress,96,1534.758311,4.847855303,1,1,0,0,64.75395888,0.499035285
10-07-2023,1,Floral Sundress,61,1026.137249,1.080847745,1,1,0,0,74.14389654,0.648768721
10-07-2023,2,Evening Gown,87,1026.137249,1.080847745,1,1,0,0,74.14389654,0.648768721
10-07-2023,3,Business Casual Dress,57,1026.137249,1.080847745,1,1,0,0,74.14389654,0.648768721
10-07-2023,4,Sequin Party Dress,45,1026.137249,1.080847745,1,1,0,0,74.14389654,0.648768721
10-07-2023,5,Summer Maxi Dress,48,1026.137249,1.080847745,1,1,0,0,74.14389654,0.648768721
10-07-2023,6,Bridal Gown,53,1026.137249,1.080847745,1,1,0,0,74.14389654,0.648768721
10-07-2023,7,Traditional Ethnic Dress,69,1026.137249,1.080847745,1,1,0,0,74.14389654,0.648768721
10-07-2023,8,Maternity Nursing Dress,83,1026.137249,1.080847745,1,1,0,0,74.14389654,0.648768721
10-07-2023,9,Sporty Athleisure Dress,68,1026.137249,1.080847745,1,1,0,0,74.14389654,0.648768721
10-07-2023,10,Customizable Dress,56,1026.137249,1.080847745,1,1,0,0,74.14389654,0.648768721
11-07-2023,1,Floral Sundress,12,1848.005818,3.978363802,1,0,0,0,60.27438387,0.647754867
11-07-2023,2,Evening Gown,96,1848.005818,3.978363802,1,0,0,0,60.27438387,0.647754867
11-07-2023,3,Business Casual Dress,32,1848.005818,3.978363802,1,0,0,0,60.27438387,0.647754867
11-07-2023,4,Sequin Party Dress,91,1848.005818,3.978363802,1,0,0,0,60.27438387,0.647754867
11-07-2023,5,Summer Maxi Dress,66,1848.005818,3.978363802,1,0,0,0,60.27438387,0.647754867
11-07-2023,6,Bridal Gown,68,1848.005818,3.978363802,1,0,0,0,60.27438387,0.647754867
11-07-2023,7,Traditional Ethnic Dress,77,1848.005818,3.978363802,1,0,0,0,60.27438387,0.647754867
11-07-2023,8,Maternity Nursing Dress,11,1848.005818,3.978363802,1,0,0,0,60.27438387,0.647754867
11-07-2023,9,Sporty Athleisure Dress,57,1848.005818,3.978363802,1,0,0,0,60.27438387,0.647754867
11-07-2023,10,Customizable Dress,38,1848.005818,3.978363802,1,0,0,0,60.27438387,0.647754867
12-07-2023,1,Floral Sundress,10,1296.207117,3.057384894,1,1,0,0,60.99665733,0.044496957
12-07-2023,2,Evening Gown,55,1296.207117,3.057384894,1,1,0,0,60.99665733,0.044496957
12-07-2023,3,Business Casual Dress,63,1296.207117,3.057384894,1,1,0,0,60.99665733,0.044496957
12-07-2023,4,Sequin Party Dress,86,1296.207117,3.057384894,1,1,0,0,60.99665733,0.044496957
12-07-2023,5,Summer Maxi Dress,39,1296.207117,3.057384894,1,1,0,0,60.99665733,0.044496957
12-07-2023,6,Bridal Gown,15,1296.207117,3.057384894,1,1,0,0,60.99665733,0.044496957
12-07-2023,7,Traditional Ethnic Dress,69,1296.207117,3.057384894,1,1,0,0,60.99665733,0.044496957
12-07-2023,8,Maternity Nursing Dress,27,1296.207117,3.057384894,1,1,0,0,60.99665733,0.044496957
12-07-2023,9,Sporty Athleisure Dress,85,1296.207117,3.057384894,1,1,0,0,60.99665733,0.044496957
12-07-2023,10,Customizable Dress,73,1296.207117,3.057384894,1,1,0,0,60.99665733,0.044496957
13-07-2023,1,Floral Sundress,63,1422.361204,1.604203495,1,1,0,0,73.8759393,0.45814698
13-07-2023,2,Evening Gown,94,1422.361204,1.604203495,1,1,0,0,73.8759393,0.45814698
13-07-2023,3,Business Casual Dress,11,1422.361204,1.604203495,1,1,0,0,73.8759393,0.45814698
13-07-2023,4,Sequin Party Dress,69,1422.361204,1.604203495,1,1,0,0,73.8759393,0.45814698
13-07-2023,5,Summer Maxi Dress,47,1422.361204,1.604203495,1,1,0,0,73.8759393,0.45814698
13-07-2023,6,Bridal Gown,11,1422.361204,1.604203495,1,1,0,0,73.8759393,0.45814698
13-07-2023,7,Traditional Ethnic Dress,42,1422.361204,1.604203495,1,1,0,0,73.8759393,0.45814698
13-07-2023,8,Maternity Nursing Dress,40,1422.361204,1.604203495,1,1,0,0,73.8759393,0.45814698
13-07-2023,9,Sporty Athleisure Dress,80,1422.361204,1.604203495,1,1,0,0,73.8759393,0.45814698
13-07-2023,10,Customizable Dress,36,1422.361204,1.604203495,1,1,0,0,73.8759393,0.45814698
14-07-2023,1,Floral Sundress,18,1661.539675,1.371332917,0,0,0,0,55.60140467,0.640388868
14-07-2023,2,Evening Gown,73,1661.539675,1.371332917,0,0,0,0,55.60140467,0.640388868
14-07-2023,3,Business Casual Dress,49,1661.539675,1.371332917,0,0,0,0,55.60140467,0.640388868
14-07-2023,4,Sequin Party Dress,38,1661.539675,1.371332917,0,0,0,0,55.60140467,0.640388868
14-07-2023,5,Summer Maxi Dress,65,1661.539675,1.371332917,0,0,0,0,55.60140467,0.640388868
14-07-2023,6,Bridal Gown,69,1661.539675,1.371332917,0,0,0,0,55.60140467,0.640388868
14-07-2023,7,Traditional Ethnic Dress,50,1661.539675,1.371332917,0,0,0,0,55.60140467,0.640388868
14-07-2023,8,Maternity Nursing Dress,73,1661.539675,1.371332917,0,0,0,0,55.60140467,0.640388868
14-07-2023,9,Sporty Athleisure Dress,34,1661.539675,1.371332917,0,0,0,0,55.60140467,0.640388868
14-07-2023,10,Customizable Dress,41,1661.539675,1.371332917,0,0,0,0,55.60140467,0.640388868
15-07-2023,1,Floral Sundress,82,1091.496965,2.836502269,1,0,0,0,63.23960647,0.465782842
15-07-2023,2,Evening Gown,57,1091.496965,2.836502269,1,0,0,0,63.23960647,0.465782842
15-07-2023,3,Business Casual Dress,15,1091.496965,2.836502269,1,0,0,0,63.23960647,0.465782842
15-07-2023,4,Sequin Party Dress,94,1091.496965,2.836502269,1,0,0,0,63.23960647,0.465782842
15-07-2023,5,Summer Maxi Dress,18,1091.496965,2.836502269,1,0,0,0,63.23960647,0.465782842
15-07-2023,6,Bridal Gown,37,1091.496965,2.836502269,1,0,0,0,63.23960647,0.465782842
15-07-2023,7,Traditional Ethnic Dress,11,1091.496965,2.836502269,1,0,0,0,63.23960647,0.465782842
15-07-2023,8,Maternity Nursing Dress,34,1091.496965,2.836502269,1,0,0,0,63.23960647,0.465782842
15-07-2023,9,Sporty Athleisure Dress,81,1091.496965,2.836502269,1,0,0,0,63.23960647,0.465782842
15-07-2023,10,Customizable Dress,18,1091.496965,2.836502269,1,0,0,0,63.23960647,0.465782842
16-07-2023,1,Floral Sundress,87,1378.628329,4.573568016,1,0,0,0,60.61045841,0.030758047
16-07-2023,2,Evening Gown,10,1378.628329,4.573568016,1,0,0,0,60.61045841,0.030758047
16-07-2023,3,Business Casual Dress,61,1378.628329,4.573568016,1,0,0,0,60.61045841,0.030758047
16-07-2023,4,Sequin Party Dress,60,1378.628329,4.573568016,1,0,0,0,60.61045841,0.030758047
16-07-2023,5,Summer Maxi Dress,54,1378.628329,4.573568016,1,0,0,0,60.61045841,0.030758047
16-07-2023,6,Bridal Gown,94,1378.628329,4.573568016,1,0,0,0,60.61045841,0.030758047
16-07-2023,7,Traditional Ethnic Dress,66,1378.628329,4.573568016,1,0,0,0,60.61045841,0.030758047
16-07-2023,8,Maternity Nursing Dress,99,1378.628329,4.573568016,1,0,0,0,60.61045841,0.030758047
16-07-2023,9,Sporty Athleisure Dress,97,1378.628329,4.573568016,1,0,0,0,60.61045841,0.030758047
16-07-2023,10,Customizable Dress,93,1378.628329,4.573568016,1,0,0,0,60.61045841,0.030758047
17-07-2023,1,Floral Sundress,14,1530.84906,1.750454787,1,0,0,0,74.69383589,0.793023464
17-07-2023,2,Evening Gown,40,1530.84906,1.750454787,1,0,0,0,74.69383589,0.793023464
17-07-2023,3,Business Casual Dress,48,1530.84906,1.750454787,1,0,0,0,74.69383589,0.793023464
17-07-2023,4,Sequin Party Dress,10,1530.84906,1.750454787,1,0,0,0,74.69383589,0.793023464
17-07-2023,5,Summer Maxi Dress,24,1530.84906,1.750454787,1,0,0,0,74.69383589,0.793023464
17-07-2023,6,Bridal Gown,40,1530.84906,1.750454787,1,0,0,0,74.69383589,0.793023464
17-07-2023,7,Traditional Ethnic Dress,81,1530.84906,1.750454787,1,0,0,0,74.69383589,0.793023464
17-07-2023,8,Maternity Nursing Dress,11,1530.84906,1.750454787,1,0,0,0,74.69383589,0.793023464
17-07-2023,9,Sporty Athleisure Dress,63,1530.84906,1.750454787,1,0,0,0,74.69383589,0.793023464
17-07-2023,10,Customizable Dress,63,1530.84906,1.750454787,1,0,0,0,74.69383589,0.793023464
18-07-2023,1,Floral Sundress,17,1732.378807,3.297405054,0,1,0,0,87.46897521,0.975637905
18-07-2023,2,Evening Gown,68,1732.378807,3.297405054,0,1,0,0,87.46897521,0.975637905
18-07-2023,3,Business Casual Dress,23,1732.378807,3.297405054,0,1,0,0,87.46897521,0.975637905
18-07-2023,4,Sequin Party Dress,98,1732.378807,3.297405054,0,1,0,0,87.46897521,0.975637905
18-07-2023,5,Summer Maxi Dress,96,1732.378807,3.297405054,0,1,0,0,87.46897521,0.975637905
18-07-2023,6,Bridal Gown,70,1732.378807,3.297405054,0,1,0,0,87.46897521,0.975637905
18-07-2023,7,Traditional Ethnic Dress,87,1732.378807,3.297405054,0,1,0,0,87.46897521,0.975637905
18-07-2023,8,Maternity Nursing Dress,48,1732.378807,3.297405054,0,1,0,0,87.46897521,0.975637905
18-07-2023,9,Sporty Athleisure Dress,79,1732.378807,3.297405054,0,1,0,0,87.46897521,0.975637905
18-07-2023,10,Customizable Dress,27,1732.378807,3.297405054,0,1,0,0,87.46897521,0.975637905
19-07-2023,1,Floral Sundress,23,1443.173019,2.410662346,1,1,0,0,68.06041608,0.155777137
19-07-2023,2,Evening Gown,47,1443.173019,2.410662346,1,1,0,0,68.06041608,0.155777137
19-07-2023,3,Business Casual Dress,96,1443.173019,2.410662346,1,1,0,0,68.06041608,0.155777137
19-07-2023,4,Sequin Party Dress,64,1443.173019,2.410662346,1,1,0,0,68.06041608,0.155777137
19-07-2023,5,Summer Maxi Dress,82,1443.173019,2.410662346,1,1,0,0,68.06041608,0.155777137
19-07-2023,6,Bridal Gown,61,1443.173019,2.410662346,1,1,0,0,68.06041608,0.155777137
19-07-2023,7,Traditional Ethnic Dress,12,1443.173019,2.410662346,1,1,0,0,68.06041608,0.155777137
19-07-2023,8,Maternity Nursing Dress,53,1443.173019,2.410662346,1,1,0,0,68.06041608,0.155777137
19-07-2023,9,Sporty Athleisure Dress,90,1443.173019,2.410662346,1,1,0,0,68.06041608,0.155777137
19-07-2023,10,Customizable Dress,93,1443.173019,2.410662346,1,1,0,0,68.06041608,0.155777137
20-07-2023,1,Floral Sundress,23,1310.717917,4.023591359,0,1,0,0,52.36302396,0.818459662
20-07-2023,2,Evening Gown,19,1310.717917,4.023591359,0,1,0,0,52.36302396,0.818459662
20-07-2023,3,Business Casual Dress,56,1310.717917,4.023591359,0,1,0,0,52.36302396,0.818459662
20-07-2023,4,Sequin Party Dress,73,1310.717917,4.023591359,0,1,0,0,52.36302396,0.818459662
20-07-2023,5,Summer Maxi Dress,69,1310.717917,4.023591359,0,1,0,0,52.36302396,0.818459662
20-07-2023,6,Bridal Gown,80,1310.717917,4.023591359,0,1,0,0,52.36302396,0.818459662
20-07-2023,7,Traditional Ethnic Dress,86,1310.717917,4.023591359,0,1,0,0,52.36302396,0.818459662
20-07-2023,8,Maternity Nursing Dress,46,1310.717917,4.023591359,0,1,0,0,52.36302396,0.818459662
20-07-2023,9,Sporty Athleisure Dress,28,1310.717917,4.023591359,0,1,0,0,52.36302396,0.818459662
20-07-2023,10,Customizable Dress,63,1310.717917,4.023591359,0,1,0,0,52.36302396,0.818459662
21-07-2023,1,Floral Sundress,58,1409.873895,4.20471631,0,0,0,0,75.00922584,0.287617094
21-07-2023,2,Evening Gown,43,1409.873895,4.20471631,0,0,0,0,75.00922584,0.287617094
21-07-2023,3,Business Casual Dress,95,1409.873895,4.20471631,0,0,0,0,75.00922584,0.287617094
21-07-2023,4,Sequin Party Dress,10,1409.873895,4.20471631,0,0,0,0,75.00922584,0.287617094
21-07-2023,5,Summer Maxi Dress,56,1409.873895,4.20471631,0,0,0,0,75.00922584,0.287617094
21-07-2023,6,Bridal Gown,83,1409.873895,4.20471631,0,0,0,0,75.00922584,0.287617094
21-07-2023,7,Traditional Ethnic Dress,61,1409.873895,4.20471631,0,0,0,0,75.00922584,0.287617094
21-07-2023,8,Maternity Nursing Dress,97,1409.873895,4.20471631,0,0,0,0,75.00922584,0.287617094
21-07-2023,9,Sporty Athleisure Dress,64,1409.873895,4.20471631,0,0,0,0,75.00922584,0.287617094
21-07-2023,10,Customizable Dress,88,1409.873895,4.20471631,0,0,0,0,75.00922584,0.287617094
22-07-2023,1,Floral Sundress,96,1577.316153,1.772557185,0,0,0,0,80.10908666,0.436989682
22-07-2023,2,Evening Gown,48,1577.316153,1.772557185,0,0,0,0,80.10908666,0.436989682
22-07-2023,3,Business Casual Dress,57,1577.316153,1.772557185,0,0,0,0,80.10908666,0.436989682
22-07-2023,4,Sequin Party Dress,95,1577.316153,1.772557185,0,0,0,0,80.10908666,0.436989682
22-07-2023,5,Summer Maxi Dress,19,1577.316153,1.772557185,0,0,0,0,80.10908666,0.436989682
22-07-2023,6,Bridal Gown,35,1577.316153,1.772557185,0,0,0,0,80.10908666,0.436989682
22-07-2023,7,Traditional Ethnic Dress,53,1577.316153,1.772557185,0,0,0,0,80.10908666,0.436989682
22-07-2023,8,Maternity Nursing Dress,96,1577.316153,1.772557185,0,0,0,0,80.10908666,0.436989682
22-07-2023,9,Sporty Athleisure Dress,34,1577.316153,1.772557185,0,0,0,0,80.10908666,0.436989682
22-07-2023,10,Customizable Dress,55,1577.316153,1.772557185,0,0,0,0,80.10908666,0.436989682
23-07-2023,1,Floral Sundress,19,1505.807539,3.073719963,1,0,0,0,63.60313172,0.334299235
23-07-2023,2,Evening Gown,50,1505.807539,3.073719963,1,0,0,0,63.60313172,0.334299235
23-07-2023,3,Business Casual Dress,37,1505.807539,3.073719963,1,0,0,0,63.60313172,0.334299235
23-07-2023,4,Sequin Party Dress,17,1505.807539,3.073719963,1,0,0,0,63.60313172,0.334299235
23-07-2023,5,Summer Maxi Dress,29,1505.807539,3.073719963,1,0,0,0,63.60313172,0.334299235
23-07-2023,6,Bridal Gown,34,1505.807539,3.073719963,1,0,0,0,63.60313172,0.334299235
23-07-2023,7,Traditional Ethnic Dress,74,1505.807539,3.073719963,1,0,0,0,63.60313172,0.334299235
23-07-2023,8,Maternity Nursing Dress,74,1505.807539,3.073719963,1,0,0,0,63.60313172,0.334299235
23-07-2023,9,Sporty Athleisure Dress,61,1505.807539,3.073719963,1,0,0,0,63.60313172,0.334299235
23-07-2023,10,Customizable Dress,96,1505.807539,3.073719963,1,0,0,0,63.60313172,0.334299235
24-07-2023,1,Floral Sundress,41,1986.618626,3.436730561,1,1,0,0,75.45233916,0.634823474
24-07-2023,2,Evening Gown,16,1986.618626,3.436730561,1,1,0,0,75.45233916,0.634823474
24-07-2023,3,Business Casual Dress,23,1986.618626,3.436730561,1,1,0,0,75.45233916,0.634823474
24-07-2023,4,Sequin Party Dress,92,1986.618626,3.436730561,1,1,0,0,75.45233916,0.634823474
24-07-2023,5,Summer Maxi Dress,20,1986.618626,3.436730561,1,1,0,0,75.45233916,0.634823474
24-07-2023,6,Bridal Gown,58,1986.618626,3.436730561,1,1,0,0,75.45233916,0.634823474
24-07-2023,7,Traditional Ethnic Dress,17,1986.618626,3.436730561,1,1,0,0,75.45233916,0.634823474
24-07-2023,8,Maternity Nursing Dress,16,1986.618626,3.436730561,1,1,0,0,75.45233916,0.634823474
24-07-2023,9,Sporty Athleisure Dress,68,1986.618626,3.436730561,1,1,0,0,75.45233916,0.634823474
24-07-2023,10,Customizable Dress,35,1986.618626,3.436730561,1,1,0,0,75.45233916,0.634823474
25-07-2023,1,Floral Sundress,17,1247.655298,2.365662285,0,1,0,0,58.9183107,0.075846524
25-07-2023,2,Evening Gown,83,1247.655298,2.365662285,0,1,0,0,58.9183107,0.075846524
25-07-2023,3,Business Casual Dress,20,1247.655298,2.365662285,0,1,0,0,58.9183107,0.075846524
25-07-2023,4,Sequin Party Dress,97,1247.655298,2.365662285,0,1,0,0,58.9183107,0.075846524
25-07-2023,5,Summer Maxi Dress,92,1247.655298,2.365662285,0,1,0,0,58.9183107,0.075846524
25-07-2023,6,Bridal Gown,73,1247.655298,2.365662285,0,1,0,0,58.9183107,0.075846524
25-07-2023,7,Traditional Ethnic Dress,58,1247.655298,2.365662285,0,1,0,0,58.9183107,0.075846524
25-07-2023,8,Maternity Nursing Dress,92,1247.655298,2.365662285,0,1,0,0,58.9183107,0.075846524
25-07-2023,9,Sporty Athleisure Dress,82,1247.655298,2.365662285,0,1,0,0,58.9183107,0.075846524
25-07-2023,10,Customizable Dress,83,1247.655298,2.365662285,0,1,0,0,58.9183107,0.075846524
26-07-2023,1,Floral Sundress,84,1851.3473,2.019808284,0,1,0,0,59.63448551,0.215593106
26-07-2023,2,Evening Gown,87,1851.3473,2.019808284,0,1,0,0,59.63448551,0.215593106
26-07-2023,3,Business Casual Dress,68,1851.3473,2.019808284,0,1,0,0,59.63448551,0.215593106
26-07-2023,4,Sequin Party Dress,13,1851.3473,2.019808284,0,1,0,0,59.63448551,0.215593106
26-07-2023,5,Summer Maxi Dress,45,1851.3473,2.019808284,0,1,0,0,59.63448551,0.215593106
26-07-2023,6,Bridal Gown,30,1851.3473,2.019808284,0,1,0,0,59.63448551,0.215593106
26-07-2023,7,Traditional Ethnic Dress,92,1851.3473,2.019808284,0,1,0,0,59.63448551,0.215593106
26-07-2023,8,Maternity Nursing Dress,19,1851.3473,2.019808284,0,1,0,0,59.63448551,0.215593106
26-07-2023,9,Sporty Athleisure Dress,30,1851.3473,2.019808284,0,1,0,0,59.63448551,0.215593106
26-07-2023,10,Customizable Dress,84,1851.3473,2.019808284,0,1,0,0,59.63448551,0.215593106
27-07-2023,1,Floral Sundress,35,1435.218144,2.449645758,1,0,0,0,50.36685826,0.66436396
27-07-2023,2,Evening Gown,31,1435.218144,2.449645758,1,0,0,0,50.36685826,0.66436396
27-07-2023,3,Business Casual Dress,16,1435.218144,2.449645758,1,0,0,0,50.36685826,0.66436396
27-07-2023,4,Sequin Party Dress,73,1435.218144,2.449645758,1,0,0,0,50.36685826,0.66436396
27-07-2023,5,Summer Maxi Dress,17,1435.218144,2.449645758,1,0,0,0,50.36685826,0.66436396
27-07-2023,6,Bridal Gown,68,1435.218144,2.449645758,1,0,0,0,50.36685826,0.66436396
27-07-2023,7,Traditional Ethnic Dress,57,1435.218144,2.449645758,1,0,0,0,50.36685826,0.66436396
27-07-2023,8,Maternity Nursing Dress,21,1435.218144,2.449645758,1,0,0,0,50.36685826,0.66436396
27-07-2023,9,Sporty Athleisure Dress,13,1435.218144,2.449645758,1,0,0,0,50.36685826,0.66436396
27-07-2023,10,Customizable Dress,71,1435.218144,2.449645758,1,0,0,0,50.36685826,0.66436396
28-07-2023,1,Floral Sundress,59,1925.194933,1.056647857,1,0,0,0,87.7078811,0.080747071
28-07-2023,2,Evening Gown,24,1925.194933,1.056647857,1,0,0,0,87.7078811,0.080747071
28-07-2023,3,Business Casual Dress,69,1925.194933,1.056647857,1,0,0,0,87.7078811,0.080747071
28-07-2023,4,Sequin Party Dress,19,1925.194933,1.056647857,1,0,0,0,87.7078811,0.080747071
28-07-2023,5,Summer Maxi Dress,44,1925.194933,1.056647857,1,0,0,0,87.7078811,0.080747071
28-07-2023,6,Bridal Gown,47,1925.194933,1.056647857,1,0,0,0,87.7078811,0.080747071
28-07-2023,7,Traditional Ethnic Dress,77,1925.194933,1.056647857,1,0,0,0,87.7078811,0.080747071
28-07-2023,8,Maternity Nursing Dress,25,1925.194933,1.056647857,1,0,0,0,87.7078811,0.080747071
28-07-2023,9,Sporty Athleisure Dress,83,1925.194933,1.056647857,1,0,0,0,87.7078811,0.080747071
28-07-2023,10,Customizable Dress,25,1925.194933,1.056647857,1,0,0,0,87.7078811,0.080747071
29-07-2023,1,Floral Sundress,68,1928.72852,3.169529743,0,1,0,0,84.75333963,0.963289178
29-07-2023,2,Evening Gown,21,1928.72852,3.169529743,0,1,0,0,84.75333963,0.963289178
29-07-2023,3,Business Casual Dress,67,1928.72852,3.169529743,0,1,0,0,84.75333963,0.963289178
29-07-2023,4,Sequin Party Dress,90,1928.72852,3.169529743,0,1,0,0,84.75333963,0.963289178
29-07-2023,5,Summer Maxi Dress,31,1928.72852,3.169529743,0,1,0,0,84.75333963,0.963289178
29-07-2023,6,Bridal Gown,28,1928.72852,3.169529743,0,1,0,0,84.75333963,0.963289178
29-07-2023,7,Traditional Ethnic Dress,64,1928.72852,3.169529743,0,1,0,0,84.75333963,0.963289178
29-07-2023,8,Maternity Nursing Dress,95,1928.72852,3.169529743,0,1,0,0,84.75333963,0.963289178
29-07-2023,9,Sporty Athleisure Dress,25,1928.72852,3.169529743,0,1,0,0,84.75333963,0.963289178
29-07-2023,10,Customizable Dress,56,1928.72852,3.169529743,0,1,0,0,84.75333963,0.963289178
30-07-2023,1,Floral Sundress,36,1195.922243,3.373538309,1,0,0,0,77.72560035,0.079125842
30-07-2023,2,Evening Gown,93,1195.922243,3.373538309,1,0,0,0,77.72560035,0.079125842
30-07-2023,3,Business Casual Dress,54,1195.922243,3.373538309,1,0,0,0,77.72560035,0.079125842
30-07-2023,4,Sequin Party Dress,39,1195.922243,3.373538309,1,0,0,0,77.72560035,0.079125842
30-07-2023,5,Summer Maxi Dress,59,1195.922243,3.373538309,1,0,0,0,77.72560035,0.079125842
30-07-2023,6,Bridal Gown,17,1195.922243,3.373538309,1,0,0,0,77.72560035,0.079125842
30-07-2023,7,Traditional Ethnic Dress,59,1195.922243,3.373538309,1,0,0,0,77.72560035,0.079125842
30-07-2023,8,Maternity Nursing Dress,58,1195.922243,3.373538309,1,0,0,0,77.72560035,0.079125842
30-07-2023,9,Sporty Athleisure Dress,25,1195.922243,3.373538309,1,0,0,0,77.72560035,0.079125842
30-07-2023,10,Customizable Dress,23,1195.922243,3.373538309,1,0,0,0,77.72560035,0.079125842
31-07-2023,1,Floral Sundress,32,1449.127439,2.930988215,1,1,0,0,79.8210726,0.083847965
31-07-2023,2,Evening Gown,59,1449.127439,2.930988215,1,1,0,0,79.8210726,0.083847965
31-07-2023,3,Business Casual Dress,78,1449.127439,2.930988215,1,1,0,0,79.8210726,0.083847965
31-07-2023,4,Sequin Party Dress,92,1449.127439,2.930988215,1,1,0,0,79.8210726,0.083847965
31-07-2023,5,Summer Maxi Dress,19,1449.127439,2.930988215,1,1,0,0,79.8210726,0.083847965
31-07-2023,6,Bridal Gown,20,1449.127439,2.930988215,1,1,0,0,79.8210726,0.083847965
31-07-2023,7,Traditional Ethnic Dress,90,1449.127439,2.930988215,1,1,0,0,79.8210726,0.083847965
31-07-2023,8,Maternity Nursing Dress,27,1449.127439,2.930988215,1,1,0,0,79.8210726,0.083847965
31-07-2023,9,Sporty Athleisure Dress,27,1449.127439,2.930988215,1,1,0,0,79.8210726,0.083847965
31-07-2023,10,Customizable Dress,14,1449.127439,2.930988215,1,1,0,0,79.8210726,0.083847965
01-08-2023,1,Floral Sundress,17,1825.363011,1.305154626,1,0,0,0,52.14632648,0.433414022
01-08-2023,2,Evening Gown,47,1825.363011,1.305154626,1,0,0,0,52.14632648,0.433414022
01-08-2023,3,Business Casual Dress,56,1825.363011,1.305154626,1,0,0,0,52.14632648,0.433414022
01-08-2023,4,Sequin Party Dress,18,1825.363011,1.305154626,1,0,0,0,52.14632648,0.433414022
01-08-2023,5,Summer Maxi Dress,14,1825.363011,1.305154626,1,0,0,0,52.14632648,0.433414022
01-08-2023,6,Bridal Gown,85,1825.363011,1.305154626,1,0,0,0,52.14632648,0.433414022
01-08-2023,7,Traditional Ethnic Dress,29,1825.363011,1.305154626,1,0,0,0,52.14632648,0.433414022
01-08-2023,8,Maternity Nursing Dress,75,1825.363011,1.305154626,1,0,0,0,52.14632648,0.433414022
01-08-2023,9,Sporty Athleisure Dress,85,1825.363011,1.305154626,1,0,0,0,52.14632648,0.433414022
01-08-2023,10,Customizable Dress,28,1825.363011,1.305154626,1,0,0,0,52.14632648,0.433414022
02-08-2023,1,Floral Sundress,50,1698.73514,2.387000532,0,1,0,0,53.06819325,0.757708902
02-08-2023,2,Evening Gown,57,1698.73514,2.387000532,0,1,0,0,53.06819325,0.757708902
02-08-2023,3,Business Casual Dress,19,1698.73514,2.387000532,0,1,0,0,53.06819325,0.757708902
02-08-2023,4,Sequin Party Dress,97,1698.73514,2.387000532,0,1,0,0,53.06819325,0.757708902
02-08-2023,5,Summer Maxi Dress,10,1698.73514,2.387000532,0,1,0,0,53.06819325,0.757708902
02-08-2023,6,Bridal Gown,36,1698.73514,2.387000532,0,1,0,0,53.06819325,0.757708902
02-08-2023,7,Traditional Ethnic Dress,59,1698.73514,2.387000532,0,1,0,0,53.06819325,0.757708902
02-08-2023,8,Maternity Nursing Dress,33,1698.73514,2.387000532,0,1,0,0,53.06819325,0.757708902
02-08-2023,9,Sporty Athleisure Dress,66,1698.73514,2.387000532,0,1,0,0,53.06819325,0.757708902
02-08-2023,10,Customizable Dress,85,1698.73514,2.387000532,0,1,0,0,53.06819325,0.757708902
03-08-2023,1,Floral Sundress,27,1048.781212,3.009749942,1,0,0,0,76.19674278,0.417361373
03-08-2023,2,Evening Gown,17,1048.781212,3.009749942,1,0,0,0,76.19674278,0.417361373
03-08-2023,3,Business Casual Dress,90,1048.781212,3.009749942,1,0,0,0,76.19674278,0.417361373
03-08-2023,4,Sequin Party Dress,84,1048.781212,3.009749942,1,0,0,0,76.19674278,0.417361373
03-08-2023,5,Summer Maxi Dress,21,1048.781212,3.009749942,1,0,0,0,76.19674278,0.417361373
03-08-2023,6,Bridal Gown,69,1048.781212,3.009749942,1,0,0,0,76.19674278,0.417361373
03-08-2023,7,Traditional Ethnic Dress,77,1048.781212,3.009749942,1,0,0,0,76.19674278,0.417361373
03-08-2023,8,Maternity Nursing Dress,90,1048.781212,3.009749942,1,0,0,0,76.19674278,0.417361373
03-08-2023,9,Sporty Athleisure Dress,79,1048.781212,3.009749942,1,0,0,0,76.19674278,0.417361373
03-08-2023,10,Customizable Dress,45,1048.781212,3.009749942,1,0,0,0,76.19674278,0.417361373
04-08-2023,1,Floral Sundress,36,1154.33125,4.704123903,0,0,0,0,77.27274894,0.016063515
04-08-2023,2,Evening Gown,58,1154.33125,4.704123903,0,0,0,0,77.27274894,0.016063515
04-08-2023,3,Business Casual Dress,45,1154.33125,4.704123903,0,0,0,0,77.27274894,0.016063515
04-08-2023,4,Sequin Party Dress,38,1154.33125,4.704123903,0,0,0,0,77.27274894,0.016063515
04-08-2023,5,Summer Maxi Dress,89,1154.33125,4.704123903,0,0,0,0,77.27274894,0.016063515
04-08-2023,6,Bridal Gown,29,1154.33125,4.704123903,0,0,0,0,77.27274894,0.016063515
04-08-2023,7,Traditional Ethnic Dress,18,1154.33125,4.704123903,0,0,0,0,77.27274894,0.016063515
04-08-2023,8,Maternity Nursing Dress,26,1154.33125,4.704123903,0,0,0,0,77.27274894,0.016063515
04-08-2023,9,Sporty Athleisure Dress,97,1154.33125,4.704123903,0,0,0,0,77.27274894,0.016063515
04-08-2023,10,Customizable Dress,73,1154.33125,4.704123903,0,0,0,0,77.27274894,0.016063515
05-08-2023,1,Floral Sundress,72,1365.018983,1.473661192,1,1,0,0,58.77516316,0.817910993
05-08-2023,2,Evening Gown,71,1365.018983,1.473661192,1,1,0,0,58.77516316,0.817910993
05-08-2023,3,Business Casual Dress,80,1365.018983,1.473661192,1,1,0,0,58.77516316,0.817910993
05-08-2023,4,Sequin Party Dress,53,1365.018983,1.473661192,1,1,0,0,58.77516316,0.817910993
05-08-2023,5,Summer Maxi Dress,64,1365.018983,1.473661192,1,1,0,0,58.77516316,0.817910993
05-08-2023,6,Bridal Gown,62,1365.018983,1.473661192,1,1,0,0,58.77516316,0.817910993
05-08-2023,7,Traditional Ethnic Dress,60,1365.018983,1.473661192,1,1,0,0,58.77516316,0.817910993
05-08-2023,8,Maternity Nursing Dress,29,1365.018983,1.473661192,1,1,0,0,58.77516316,0.817910993
05-08-2023,9,Sporty Athleisure Dress,35,1365.018983,1.473661192,1,1,0,0,58.77516316,0.817910993
05-08-2023,10,Customizable Dress,16,1365.018983,1.473661192,1,1,0,0,58.77516316,0.817910993
06-08-2023,1,Floral Sundress,59,1349.787434,4.084339766,1,1,0,0,85.29591029,0.937477771
06-08-2023,2,Evening Gown,55,1349.787434,4.084339766,1,1,0,0,85.29591029,0.937477771
06-08-2023,3,Business Casual Dress,68,1349.787434,4.084339766,1,1,0,0,85.29591029,0.937477771
06-08-2023,4,Sequin Party Dress,57,1349.787434,4.084339766,1,1,0,0,85.29591029,0.937477771
06-08-2023,5,Summer Maxi Dress,87,1349.787434,4.084339766,1,1,0,0,85.29591029,0.937477771
06-08-2023,6,Bridal Gown,46,1349.787434,4.084339766,1,1,0,0,85.29591029,0.937477771
06-08-2023,7,Traditional Ethnic Dress,45,1349.787434,4.084339766,1,1,0,0,85.29591029,0.937477771
06-08-2023,8,Maternity Nursing Dress,93,1349.787434,4.084339766,1,1,0,0,85.29591029,0.937477771
06-08-2023,9,Sporty Athleisure Dress,46,1349.787434,4.084339766,1,1,0,0,85.29591029,0.937477771
06-08-2023,10,Customizable Dress,21,1349.787434,4.084339766,1,1,0,0,85.29591029,0.937477771
07-08-2023,1,Floral Sundress,15,1091.119436,4.282874686,0,0,0,0,86.58909511,0.965404733
07-08-2023,2,Evening Gown,55,1091.119436,4.282874686,0,0,0,0,86.58909511,0.965404733
07-08-2023,3,Business Casual Dress,51,1091.119436,4.282874686,0,0,0,0,86.58909511,0.965404733
07-08-2023,4,Sequin Party Dress,76,1091.119436,4.282874686,0,0,0,0,86.58909511,0.965404733
07-08-2023,5,Summer Maxi Dress,68,1091.119436,4.282874686,0,0,0,0,86.58909511,0.965404733
07-08-2023,6,Bridal Gown,35,1091.119436,4.282874686,0,0,0,0,86.58909511,0.965404733
07-08-2023,7,Traditional Ethnic Dress,35,1091.119436,4.282874686,0,0,0,0,86.58909511,0.965404733
07-08-2023,8,Maternity Nursing Dress,84,1091.119436,4.282874686,0,0,0,0,86.58909511,0.965404733
07-08-2023,9,Sporty Athleisure Dress,78,1091.119436,4.282874686,0,0,0,0,86.58909511,0.965404733
07-08-2023,10,Customizable Dress,93,1091.119436,4.282874686,0,0,0,0,86.58909511,0.965404733
08-08-2023,1,Floral Sundress,53,1811.531064,4.810197513,0,1,0,0,62.25153274,0.455503455
08-08-2023,2,Evening Gown,96,1811.531064,4.810197513,0,1,0,0,62.25153274,0.455503455
08-08-2023,3,Business Casual Dress,37,1811.531064,4.810197513,0,1,0,0,62.25153274,0.455503455
08-08-2023,4,Sequin Party Dress,80,1811.531064,4.810197513,0,1,0,0,62.25153274,0.455503455
08-08-2023,5,Summer Maxi Dress,89,1811.531064,4.810197513,0,1,0,0,62.25153274,0.455503455
08-08-2023,6,Bridal Gown,27,1811.531064,4.810197513,0,1,0,0,62.25153274,0.455503455
08-08-2023,7,Traditional Ethnic Dress,91,1811.531064,4.810197513,0,1,0,0,62.25153274,0.455503455
08-08-2023,8,Maternity Nursing Dress,99,1811.531064,4.810197513,0,1,0,0,62.25153274,0.455503455
08-08-2023,9,Sporty Athleisure Dress,55,1811.531064,4.810197513,0,1,0,0,62.25153274,0.455503455
08-08-2023,10,Customizable Dress,10,1811.531064,4.810197513,0,1,0,0,62.25153274,0.455503455
09-08-2023,1,Floral Sundress,82,1819.376958,1.337800281,1,1,0,0,62.71582895,0.835674787
09-08-2023,2,Evening Gown,92,1819.376958,1.337800281,1,1,0,0,62.71582895,0.835674787
09-08-2023,3,Business Casual Dress,29,1819.376958,1.337800281,1,1,0,0,62.71582895,0.835674787
09-08-2023,4,Sequin Party Dress,43,1819.376958,1.337800281,1,1,0,0,62.71582895,0.835674787
09-08-2023,5,Summer Maxi Dress,62,1819.376958,1.337800281,1,1,0,0,62.71582895,0.835674787
09-08-2023,6,Bridal Gown,71,1819.376958,1.337800281,1,1,0,0,62.71582895,0.835674787
09-08-2023,7,Traditional Ethnic Dress,76,1819.376958,1.337800281,1,1,0,0,62.71582895,0.835674787
09-08-2023,8,Maternity Nursing Dress,92,1819.376958,1.337800281,1,1,0,0,62.71582895,0.835674787
09-08-2023,9,Sporty Athleisure Dress,71,1819.376958,1.337800281,1,1,0,0,62.71582895,0.835674787
09-08-2023,10,Customizable Dress,73,1819.376958,1.337800281,1,1,0,0,62.71582895,0.835674787
10-08-2023,1,Floral Sundress,73,1236.291658,2.385455269,1,0,0,0,76.38724868,0.640103443
10-08-2023,2,Evening Gown,90,1236.291658,2.385455269,1,0,0,0,76.38724868,0.640103443
10-08-2023,3,Business Casual Dress,78,1236.291658,2.385455269,1,0,0,0,76.38724868,0.640103443
10-08-2023,4,Sequin Party Dress,26,1236.291658,2.385455269,1,0,0,0,76.38724868,0.640103443
10-08-2023,5,Summer Maxi Dress,30,1236.291658,2.385455269,1,0,0,0,76.38724868,0.640103443
10-08-2023,6,Bridal Gown,27,1236.291658,2.385455269,1,0,0,0,76.38724868,0.640103443
10-08-2023,7,Traditional Ethnic Dress,60,1236.291658,2.385455269,1,0,0,0,76.38724868,0.640103443
10-08-2023,8,Maternity Nursing Dress,69,1236.291658,2.385455269,1,0,0,0,76.38724868,0.640103443
10-08-2023,9,Sporty Athleisure Dress,90,1236.291658,2.385455269,1,0,0,0,76.38724868,0.640103443
10-08-2023,10,Customizable Dress,97,1236.291658,2.385455269,1,0,0,0,76.38724868,0.640103443
11-08-2023,1,Floral Sundress,43,1181.940605,2.675912964,1,1,0,0,80.77425967,0.09139047
11-08-2023,2,Evening Gown,61,1181.940605,2.675912964,1,1,0,0,80.77425967,0.09139047
11-08-2023,3,Business Casual Dress,79,1181.940605,2.675912964,1,1,0,0,80.77425967,0.09139047
11-08-2023,4,Sequin Party Dress,30,1181.940605,2.675912964,1,1,0,0,80.77425967,0.09139047
11-08-2023,5,Summer Maxi Dress,99,1181.940605,2.675912964,1,1,0,0,80.77425967,0.09139047
11-08-2023,6,Bridal Gown,69,1181.940605,2.675912964,1,1,0,0,80.77425967,0.09139047
11-08-2023,7,Traditional Ethnic Dress,44,1181.940605,2.675912964,1,1,0,0,80.77425967,0.09139047
11-08-2023,8,Maternity Nursing Dress,11,1181.940605,2.675912964,1,1,0,0,80.77425967,0.09139047
11-08-2023,9,Sporty Athleisure Dress,14,1181.940605,2.675912964,1,1,0,0,80.77425967,0.09139047
11-08-2023,10,Customizable Dress,57,1181.940605,2.675912964,1,1,0,0,80.77425967,0.09139047
12-08-2023,1,Floral Sundress,55,1795.742179,1.990103883,0,1,0,0,69.95401065,0.488596188
12-08-2023,2,Evening Gown,21,1795.742179,1.990103883,0,1,0,0,69.95401065,0.488596188
12-08-2023,3,Business Casual Dress,93,1795.742179,1.990103883,0,1,0,0,69.95401065,0.488596188
12-08-2023,4,Sequin Party Dress,13,1795.742179,1.990103883,0,1,0,0,69.95401065,0.488596188
12-08-2023,5,Summer Maxi Dress,68,1795.742179,1.990103883,0,1,0,0,69.95401065,0.488596188
12-08-2023,6,Bridal Gown,35,1795.742179,1.990103883,0,1,0,0,69.95401065,0.488596188
12-08-2023,7,Traditional Ethnic Dress,81,1795.742179,1.990103883,0,1,0,0,69.95401065,0.488596188
12-08-2023,8,Maternity Nursing Dress,63,1795.742179,1.990103883,0,1,0,0,69.95401065,0.488596188
12-08-2023,9,Sporty Athleisure Dress,72,1795.742179,1.990103883,0,1,0,0,69.95401065,0.488596188
12-08-2023,10,Customizable Dress,44,1795.742179,1.990103883,0,1,0,0,69.95401065,0.488596188
13-08-2023,1,Floral Sundress,23,1835.660368,4.543512438,1,0,0,0,89.02414137,0.88660504
13-08-2023,2,Evening Gown,19,1835.660368,4.543512438,1,0,0,0,89.02414137,0.88660504
13-08-2023,3,Business Casual Dress,81,1835.660368,4.543512438,1,0,0,0,89.02414137,0.88660504
13-08-2023,4,Sequin Party Dress,17,1835.660368,4.543512438,1,0,0,0,89.02414137,0.88660504
13-08-2023,5,Summer Maxi Dress,58,1835.660368,4.543512438,1,0,0,0,89.02414137,0.88660504
13-08-2023,6,Bridal Gown,50,1835.660368,4.543512438,1,0,0,0,89.02414137,0.88660504
13-08-2023,7,Traditional Ethnic Dress,92,1835.660368,4.543512438,1,0,0,0,89.02414137,0.88660504
13-08-2023,8,Maternity Nursing Dress,25,1835.660368,4.543512438,1,0,0,0,89.02414137,0.88660504
13-08-2023,9,Sporty Athleisure Dress,47,1835.660368,4.543512438,1,0,0,0,89.02414137,0.88660504
13-08-2023,10,Customizable Dress,37,1835.660368,4.543512438,1,0,0,0,89.02414137,0.88660504
14-08-2023,1,Floral Sundress,93,1435.275502,2.624215033,0,1,0,0,69.2578498,0.820478475
14-08-2023,2,Evening Gown,91,1435.275502,2.624215033,0,1,0,0,69.2578498,0.820478475
14-08-2023,3,Business Casual Dress,89,1435.275502,2.624215033,0,1,0,0,69.2578498,0.820478475
14-08-2023,4,Sequin Party Dress,40,1435.275502,2.624215033,0,1,0,0,69.2578498,0.820478475
14-08-2023,5,Summer Maxi Dress,57,1435.275502,2.624215033,0,1,0,0,69.2578498,0.820478475
14-08-2023,6,Bridal Gown,68,1435.275502,2.624215033,0,1,0,0,69.2578498,0.820478475
14-08-2023,7,Traditional Ethnic Dress,24,1435.275502,2.624215033,0,1,0,0,69.2578498,0.820478475
14-08-2023,8,Maternity Nursing Dress,89,1435.275502,2.624215033,0,1,0,0,69.2578498,0.820478475
14-08-2023,9,Sporty Athleisure Dress,58,1435.275502,2.624215033,0,1,0,0,69.2578498,0.820478475
14-08-2023,10,Customizable Dress,11,1435.275502,2.624215033,0,1,0,0,69.2578498,0.820478475
15-08-2023,1,Floral Sundress,16,1548.846864,3.230451943,0,1,0,0,83.75248795,0.076756285
15-08-2023,2,Evening Gown,89,1548.846864,3.230451943,0,1,0,0,83.75248795,0.076756285
15-08-2023,3,Business Casual Dress,91,1548.846864,3.230451943,0,1,0,0,83.75248795,0.076756285
15-08-2023,4,Sequin Party Dress,26,1548.846864,3.230451943,0,1,0,0,83.75248795,0.076756285
15-08-2023,5,Summer Maxi Dress,57,1548.846864,3.230451943,0,1,0,0,83.75248795,0.076756285
15-08-2023,6,Bridal Gown,36,1548.846864,3.230451943,0,1,0,0,83.75248795,0.076756285
15-08-2023,7,Traditional Ethnic Dress,65,1548.846864,3.230451943,0,1,0,0,83.75248795,0.076756285
15-08-2023,8,Maternity Nursing Dress,65,1548.846864,3.230451943,0,1,0,0,83.75248795,0.076756285
15-08-2023,9,Sporty Athleisure Dress,36,1548.846864,3.230451943,0,1,0,0,83.75248795,0.076756285
15-08-2023,10,Customizable Dress,62,1548.846864,3.230451943,0,1,0,0,83.75248795,0.076756285
16-08-2023,1,Floral Sundress,98,1162.645314,4.014957616,1,0,0,0,88.3376965,0.181476947
16-08-2023,2,Evening Gown,18,1162.645314,4.014957616,1,0,0,0,88.3376965,0.181476947
16-08-2023,3,Business Casual Dress,63,1162.645314,4.014957616,1,0,0,0,88.3376965,0.181476947
16-08-2023,4,Sequin Party Dress,93,1162.645314,4.014957616,1,0,0,0,88.3376965,0.181476947
16-08-2023,5,Summer Maxi Dress,84,1162.645314,4.014957616,1,0,0,0,88.3376965,0.181476947
16-08-2023,6,Bridal Gown,51,1162.645314,4.014957616,1,0,0,0,88.3376965,0.181476947
16-08-2023,7,Traditional Ethnic Dress,59,1162.645314,4.014957616,1,0,0,0,88.3376965,0.181476947
16-08-2023,8,Maternity Nursing Dress,71,1162.645314,4.014957616,1,0,0,0,88.3376965,0.181476947
16-08-2023,9,Sporty Athleisure Dress,92,1162.645314,4.014957616,1,0,0,0,88.3376965,0.181476947
16-08-2023,10,Customizable Dress,13,1162.645314,4.014957616,1,0,0,0,88.3376965,0.181476947
17-08-2023,1,Floral Sundress,92,1299.179465,2.528474527,1,0,0,0,54.44259816,0.257091227
17-08-2023,2,Evening Gown,67,1299.179465,2.528474527,1,0,0,0,54.44259816,0.257091227
17-08-2023,3,Business Casual Dress,59,1299.179465,2.528474527,1,0,0,0,54.44259816,0.257091227
17-08-2023,4,Sequin Party Dress,62,1299.179465,2.528474527,1,0,0,0,54.44259816,0.257091227
17-08-2023,5,Summer Maxi Dress,33,1299.179465,2.528474527,1,0,0,0,54.44259816,0.257091227
17-08-2023,6,Bridal Gown,97,1299.179465,2.528474527,1,0,0,0,54.44259816,0.257091227
17-08-2023,7,Traditional Ethnic Dress,66,1299.179465,2.528474527,1,0,0,0,54.44259816,0.257091227
17-08-2023,8,Maternity Nursing Dress,28,1299.179465,2.528474527,1,0,0,0,54.44259816,0.257091227
17-08-2023,9,Sporty Athleisure Dress,44,1299.179465,2.528474527,1,0,0,0,54.44259816,0.257091227
17-08-2023,10,Customizable Dress,65,1299.179465,2.528474527,1,0,0,0,54.44259816,0.257091227
18-08-2023,1,Floral Sundress,56,1893.260924,4.476968765,1,0,0,0,86.05601319,0.471264335
18-08-2023,2,Evening Gown,47,1893.260924,4.476968765,1,0,0,0,86.05601319,0.471264335
18-08-2023,3,Business Casual Dress,59,1893.260924,4.476968765,1,0,0,0,86.05601319,0.471264335
18-08-2023,4,Sequin Party Dress,49,1893.260924,4.476968765,1,0,0,0,86.05601319,0.471264335
18-08-2023,5,Summer Maxi Dress,86,1893.260924,4.476968765,1,0,0,0,86.05601319,0.471264335
18-08-2023,6,Bridal Gown,12,1893.260924,4.476968765,1,0,0,0,86.05601319,0.471264335
18-08-2023,7,Traditional Ethnic Dress,84,1893.260924,4.476968765,1,0,0,0,86.05601319,0.471264335
18-08-2023,8,Maternity Nursing Dress,17,1893.260924,4.476968765,1,0,0,0,86.05601319,0.471264335
18-08-2023,9,Sporty Athleisure Dress,94,1893.260924,4.476968765,1,0,0,0,86.05601319,0.471264335
18-08-2023,10,Customizable Dress,28,1893.260924,4.476968765,1,0,0,0,86.05601319,0.471264335
19-08-2023,1,Floral Sundress,70,1858.926452,1.879343089,0,1,0,0,64.17308568,0.486097687
19-08-2023,2,Evening Gown,59,1858.926452,1.879343089,0,1,0,0,64.17308568,0.486097687
19-08-2023,3,Business Casual Dress,49,1858.926452,1.879343089,0,1,0,0,64.17308568,0.486097687
19-08-2023,4,Sequin Party Dress,60,1858.926452,1.879343089,0,1,0,0,64.17308568,0.486097687
19-08-2023,5,Summer Maxi Dress,99,1858.926452,1.879343089,0,1,0,0,64.17308568,0.486097687
19-08-2023,6,Bridal Gown,21,1858.926452,1.879343089,0,1,0,0,64.17308568,0.486097687
19-08-2023,7,Traditional Ethnic Dress,34,1858.926452,1.879343089,0,1,0,0,64.17308568,0.486097687
19-08-2023,8,Maternity Nursing Dress,75,1858.926452,1.879343089,0,1,0,0,64.17308568,0.486097687
19-08-2023,9,Sporty Athleisure Dress,44,1858.926452,1.879343089,0,1,0,0,64.17308568,0.486097687
19-08-2023,10,Customizable Dress,54,1858.926452,1.879343089,0,1,0,0,64.17308568,0.486097687
20-08-2023,1,Floral Sundress,11,1874.437562,1.813846216,0,0,0,0,78.01551306,0.612084138
20-08-2023,2,Evening Gown,32,1874.437562,1.813846216,0,0,0,0,78.01551306,0.612084138
20-08-2023,3,Business Casual Dress,64,1874.437562,1.813846216,0,0,0,0,78.01551306,0.612084138
20-08-2023,4,Sequin Party Dress,67,1874.437562,1.813846216,0,0,0,0,78.01551306,0.612084138
20-08-2023,5,Summer Maxi Dress,52,1874.437562,1.813846216,0,0,0,0,78.01551306,0.612084138
20-08-2023,6,Bridal Gown,18,1874.437562,1.813846216,0,0,0,0,78.01551306,0.612084138
20-08-2023,7,Traditional Ethnic Dress,13,1874.437562,1.813846216,0,0,0,0,78.01551306,0.612084138
20-08-2023,8,Maternity Nursing Dress,81,1874.437562,1.813846216,0,0,0,0,78.01551306,0.612084138
20-08-2023,9,Sporty Athleisure Dress,95,1874.437562,1.813846216,0,0,0,0,78.01551306,0.612084138
20-08-2023,10,Customizable Dress,99,1874.437562,1.813846216,0,0,0,0,78.01551306,0.612084138
21-08-2023,1,Floral Sundress,83,1250.636714,2.475182079,0,0,0,0,56.71013172,0.972402555
21-08-2023,2,Evening Gown,50,1250.636714,2.475182079,0,0,0,0,56.71013172,0.972402555
21-08-2023,3,Business Casual Dress,84,1250.636714,2.475182079,0,0,0,0,56.71013172,0.972402555
21-08-2023,4,Sequin Party Dress,64,1250.636714,2.475182079,0,0,0,0,56.71013172,0.972402555
21-08-2023,5,Summer Maxi Dress,70,1250.636714,2.475182079,0,0,0,0,56.71013172,0.972402555
21-08-2023,6,Bridal Gown,30,1250.636714,2.475182079,0,0,0,0,56.71013172,0.972402555
21-08-2023,7,Traditional Ethnic Dress,64,1250.636714,2.475182079,0,0,0,0,56.71013172,0.972402555
21-08-2023,8,Maternity Nursing Dress,96,1250.636714,2.475182079,0,0,0,0,56.71013172,0.972402555
21-08-2023,9,Sporty Athleisure Dress,93,1250.636714,2.475182079,0,0,0,0,56.71013172,0.972402555
21-08-2023,10,Customizable Dress,83,1250.636714,2.475182079,0,0,0,0,56.71013172,0.972402555
22-08-2023,1,Floral Sundress,55,1844.203015,2.635359144,1,1,0,0,80.99659051,0.766292425
22-08-2023,2,Evening Gown,45,1844.203015,2.635359144,1,1,0,0,80.99659051,0.766292425
22-08-2023,3,Business Casual Dress,86,1844.203015,2.635359144,1,1,0,0,80.99659051,0.766292425
22-08-2023,4,Sequin Party Dress,58,1844.203015,2.635359144,1,1,0,0,80.99659051,0.766292425
22-08-2023,5,Summer Maxi Dress,15,1844.203015,2.635359144,1,1,0,0,80.99659051,0.766292425
22-08-2023,6,Bridal Gown,49,1844.203015,2.635359144,1,1,0,0,80.99659051,0.766292425
22-08-2023,7,Traditional Ethnic Dress,72,1844.203015,2.635359144,1,1,0,0,80.99659051,0.766292425
22-08-2023,8,Maternity Nursing Dress,22,1844.203015,2.635359144,1,1,0,0,80.99659051,0.766292425
22-08-2023,9,Sporty Athleisure Dress,78,1844.203015,2.635359144,1,1,0,0,80.99659051,0.766292425
22-08-2023,10,Customizable Dress,77,1844.203015,2.635359144,1,1,0,0,80.99659051,0.766292425
23-08-2023,1,Floral Sundress,80,1143.864647,3.804356046,1,1,0,0,84.18520707,0.258615488
23-08-2023,2,Evening Gown,67,1143.864647,3.804356046,1,1,0,0,84.18520707,0.258615488
23-08-2023,3,Business Casual Dress,52,1143.864647,3.804356046,1,1,0,0,84.18520707,0.258615488
23-08-2023,4,Sequin Party Dress,38,1143.864647,3.804356046,1,1,0,0,84.18520707,0.258615488
23-08-2023,5,Summer Maxi Dress,45,1143.864647,3.804356046,1,1,0,0,84.18520707,0.258615488
23-08-2023,6,Bridal Gown,35,1143.864647,3.804356046,1,1,0,0,84.18520707,0.258615488
23-08-2023,7,Traditional Ethnic Dress,43,1143.864647,3.804356046,1,1,0,0,84.18520707,0.258615488
23-08-2023,8,Maternity Nursing Dress,48,1143.864647,3.804356046,1,1,0,0,84.18520707,0.258615488
23-08-2023,9,Sporty Athleisure Dress,59,1143.864647,3.804356046,1,1,0,0,84.18520707,0.258615488
23-08-2023,10,Customizable Dress,96,1143.864647,3.804356046,1,1,0,0,84.18520707,0.258615488
24-08-2023,1,Floral Sundress,39,1296.335276,3.198020714,1,1,0,0,89.50850628,0.793624535
24-08-2023,2,Evening Gown,14,1296.335276,3.198020714,1,1,0,0,89.50850628,0.793624535
24-08-2023,3,Business Casual Dress,31,1296.335276,3.198020714,1,1,0,0,89.50850628,0.793624535
24-08-2023,4,Sequin Party Dress,29,1296.335276,3.198020714,1,1,0,0,89.50850628,0.793624535
24-08-2023,5,Summer Maxi Dress,67,1296.335276,3.198020714,1,1,0,0,89.50850628,0.793624535
24-08-2023,6,Bridal Gown,25,1296.335276,3.198020714,1,1,0,0,89.50850628,0.793624535
24-08-2023,7,Traditional Ethnic Dress,93,1296.335276,3.198020714,1,1,0,0,89.50850628,0.793624535
24-08-2023,8,Maternity Nursing Dress,70,1296.335276,3.198020714,1,1,0,0,89.50850628,0.793624535
24-08-2023,9,Sporty Athleisure Dress,65,1296.335276,3.198020714,1,1,0,0,89.50850628,0.793624535
24-08-2023,10,Customizable Dress,27,1296.335276,3.198020714,1,1,0,0,89.50850628,0.793624535
25-08-2023,1,Floral Sundress,90,1007.256572,2.471761491,1,0,0,0,80.49801728,0.549826651
25-08-2023,2,Evening Gown,91,1007.256572,2.471761491,1,0,0,0,80.49801728,0.549826651
25-08-2023,3,Business Casual Dress,70,1007.256572,2.471761491,1,0,0,0,80.49801728,0.549826651
25-08-2023,4,Sequin Party Dress,76,1007.256572,2.471761491,1,0,0,0,80.49801728,0.549826651
25-08-2023,5,Summer Maxi Dress,95,1007.256572,2.471761491,1,0,0,0,80.49801728,0.549826651
25-08-2023,6,Bridal Gown,12,1007.256572,2.471761491,1,0,0,0,80.49801728,0.549826651
25-08-2023,7,Traditional Ethnic Dress,79,1007.256572,2.471761491,1,0,0,0,80.49801728,0.549826651
25-08-2023,8,Maternity Nursing Dress,56,1007.256572,2.471761491,1,0,0,0,80.49801728,0.549826651
25-08-2023,9,Sporty Athleisure Dress,16,1007.256572,2.471761491,1,0,0,0,80.49801728,0.549826651
25-08-2023,10,Customizable Dress,68,1007.256572,2.471761491,1,0,0,0,80.49801728,0.549826651
26-08-2023,1,Floral Sundress,68,1098.515938,4.789757063,0,1,0,0,84.26941412,0.415599258
26-08-2023,2,Evening Gown,25,1098.515938,4.789757063,0,1,0,0,84.26941412,0.415599258
26-08-2023,3,Business Casual Dress,74,1098.515938,4.789757063,0,1,0,0,84.26941412,0.415599258
26-08-2023,4,Sequin Party Dress,15,1098.515938,4.789757063,0,1,0,0,84.26941412,0.415599258
26-08-2023,5,Summer Maxi Dress,40,1098.515938,4.789757063,0,1,0,0,84.26941412,0.415599258
26-08-2023,6,Bridal Gown,75,1098.515938,4.789757063,0,1,0,0,84.26941412,0.415599258
26-08-2023,7,Traditional Ethnic Dress,41,1098.515938,4.789757063,0,1,0,0,84.26941412,0.415599258
26-08-2023,8,Maternity Nursing Dress,99,1098.515938,4.789757063,0,1,0,0,84.26941412,0.415599258
26-08-2023,9,Sporty Athleisure Dress,14,1098.515938,4.789757063,0,1,0,0,84.26941412,0.415599258
26-08-2023,10,Customizable Dress,88,1098.515938,4.789757063,0,1,0,0,84.26941412,0.415599258
27-08-2023,1,Floral Sundress,88,1268.647671,3.741044762,0,0,0,0,62.66009736,0.1477172
27-08-2023,2,Evening Gown,41,1268.647671,3.741044762,0,0,0,0,62.66009736,0.1477172
27-08-2023,3,Business Casual Dress,13,1268.647671,3.741044762,0,0,0,0,62.66009736,0.1477172
27-08-2023,4,Sequin Party Dress,76,1268.647671,3.741044762,0,0,0,0,62.66009736,0.1477172
27-08-2023,5,Summer Maxi Dress,45,1268.647671,3.741044762,0,0,0,0,62.66009736,0.1477172
27-08-2023,6,Bridal Gown,42,1268.647671,3.741044762,0,0,0,0,62.66009736,0.1477172
27-08-2023,7,Traditional Ethnic Dress,17,1268.647671,3.741044762,0,0,0,0,62.66009736,0.1477172
27-08-2023,8,Maternity Nursing Dress,55,1268.647671,3.741044762,0,0,0,0,62.66009736,0.1477172
27-08-2023,9,Sporty Athleisure Dress,66,1268.647671,3.741044762,0,0,0,0,62.66009736,0.1477172
27-08-2023,10,Customizable Dress,64,1268.647671,3.741044762,0,0,0,0,62.66009736,0.1477172
28-08-2023,1,Floral Sundress,71,1157.55998,3.998077531,1,1,0,0,58.06445403,0.014450314
28-08-2023,2,Evening Gown,76,1157.55998,3.998077531,1,1,0,0,58.06445403,0.014450314
28-08-2023,3,Business Casual Dress,83,1157.55998,3.998077531,1,1,0,0,58.06445403,0.014450314
28-08-2023,4,Sequin Party Dress,14,1157.55998,3.998077531,1,1,0,0,58.06445403,0.014450314
28-08-2023,5,Summer Maxi Dress,62,1157.55998,3.998077531,1,1,0,0,58.06445403,0.014450314
28-08-2023,6,Bridal Gown,77,1157.55998,3.998077531,1,1,0,0,58.06445403,0.014450314
28-08-2023,7,Traditional Ethnic Dress,80,1157.55998,3.998077531,1,1,0,0,58.06445403,0.014450314
28-08-2023,8,Maternity Nursing Dress,37,1157.55998,3.998077531,1,1,0,0,58.06445403,0.014450314
28-08-2023,9,Sporty Athleisure Dress,50,1157.55998,3.998077531,1,1,0,0,58.06445403,0.014450314
28-08-2023,10,Customizable Dress,89,1157.55998,3.998077531,1,1,0,0,58.06445403,0.014450314
29-08-2023,1,Floral Sundress,16,1864.71539,3.282971573,0,0,0,0,82.5022456,0.50506876
29-08-2023,2,Evening Gown,17,1864.71539,3.282971573,0,0,0,0,82.5022456,0.50506876
29-08-2023,3,Business Casual Dress,61,1864.71539,3.282971573,0,0,0,0,82.5022456,0.50506876
29-08-2023,4,Sequin Party Dress,77,1864.71539,3.282971573,0,0,0,0,82.5022456,0.50506876
29-08-2023,5,Summer Maxi Dress,21,1864.71539,3.282971573,0,0,0,0,82.5022456,0.50506876
29-08-2023,6,Bridal Gown,37,1864.71539,3.282971573,0,0,0,0,82.5022456,0.50506876
29-08-2023,7,Traditional Ethnic Dress,78,1864.71539,3.282971573,0,0,0,0,82.5022456,0.50506876
29-08-2023,8,Maternity Nursing Dress,57,1864.71539,3.282971573,0,0,0,0,82.5022456,0.50506876
29-08-2023,9,Sporty Athleisure Dress,26,1864.71539,3.282971573,0,0,0,0,82.5022456,0.50506876
29-08-2023,10,Customizable Dress,68,1864.71539,3.282971573,0,0,0,0,82.5022456,0.50506876
30-08-2023,1,Floral Sundress,45,1373.009184,2.517593707,0,1,0,0,75.40738239,0.759957198
30-08-2023,2,Evening Gown,89,1373.009184,2.517593707,0,1,0,0,75.40738239,0.759957198
30-08-2023,3,Business Casual Dress,83,1373.009184,2.517593707,0,1,0,0,75.40738239,0.759957198
30-08-2023,4,Sequin Party Dress,11,1373.009184,2.517593707,0,1,0,0,75.40738239,0.759957198
30-08-2023,5,Summer Maxi Dress,84,1373.009184,2.517593707,0,1,0,0,75.40738239,0.759957198
30-08-2023,6,Bridal Gown,56,1373.009184,2.517593707,0,1,0,0,75.40738239,0.759957198
30-08-2023,7,Traditional Ethnic Dress,62,1373.009184,2.517593707,0,1,0,0,75.40738239,0.759957198
30-08-2023,8,Maternity Nursing Dress,61,1373.009184,2.517593707,0,1,0,0,75.40738239,0.759957198
30-08-2023,9,Sporty Athleisure Dress,27,1373.009184,2.517593707,0,1,0,0,75.40738239,0.759957198
30-08-2023,10,Customizable Dress,17,1373.009184,2.517593707,0,1,0,0,75.40738239,0.759957198
31-08-2023,1,Floral Sundress,75,1690.675362,1.591878256,0,0,0,0,53.71712118,0.992753871
31-08-2023,2,Evening Gown,49,1690.675362,1.591878256,0,0,0,0,53.71712118,0.992753871
31-08-2023,3,Business Casual Dress,77,1690.675362,1.591878256,0,0,0,0,53.71712118,0.992753871
31-08-2023,4,Sequin Party Dress,51,1690.675362,1.591878256,0,0,0,0,53.71712118,0.992753871
31-08-2023,5,Summer Maxi Dress,46,1690.675362,1.591878256,0,0,0,0,53.71712118,0.992753871
31-08-2023,6,Bridal Gown,61,1690.675362,1.591878256,0,0,0,0,53.71712118,0.992753871
31-08-2023,7,Traditional Ethnic Dress,68,1690.675362,1.591878256,0,0,0,0,53.71712118,0.992753871
31-08-2023,8,Maternity Nursing Dress,36,1690.675362,1.591878256,0,0,0,0,53.71712118,0.992753871
31-08-2023,9,Sporty Athleisure Dress,78,1690.675362,1.591878256,0,0,0,0,53.71712118,0.992753871
31-08-2023,10,Customizable Dress,28,1690.675362,1.591878256,0,0,0,0,53.71712118,0.992753871
01-09-2023,1,Floral Sundress,63,1262.507912,3.525363895,0,0,0,0,66.20449485,0.666926129
01-09-2023,2,Evening Gown,28,1262.507912,3.525363895,0,0,0,0,66.20449485,0.666926129
01-09-2023,3,Business Casual Dress,97,1262.507912,3.525363895,0,0,0,0,66.20449485,0.666926129
01-09-2023,4,Sequin Party Dress,24,1262.507912,3.525363895,0,0,0,0,66.20449485,0.666926129
01-09-2023,5,Summer Maxi Dress,29,1262.507912,3.525363895,0,0,0,0,66.20449485,0.666926129
01-09-2023,6,Bridal Gown,32,1262.507912,3.525363895,0,0,0,0,66.20449485,0.666926129
01-09-2023,7,Traditional Ethnic Dress,95,1262.507912,3.525363895,0,0,0,0,66.20449485,0.666926129
01-09-2023,8,Maternity Nursing Dress,20,1262.507912,3.525363895,0,0,0,0,66.20449485,0.666926129
01-09-2023,9,Sporty Athleisure Dress,23,1262.507912,3.525363895,0,0,0,0,66.20449485,0.666926129
01-09-2023,10,Customizable Dress,21,1262.507912,3.525363895,0,0,0,0,66.20449485,0.666926129
02-09-2023,1,Floral Sundress,40,1703.891232,3.866819938,0,1,0,0,77.70363274,0.968866563
02-09-2023,2,Evening Gown,98,1703.891232,3.866819938,0,1,0,0,77.70363274,0.968866563
02-09-2023,3,Business Casual Dress,52,1703.891232,3.866819938,0,1,0,0,77.70363274,0.968866563
02-09-2023,4,Sequin Party Dress,59,1703.891232,3.866819938,0,1,0,0,77.70363274,0.968866563
02-09-2023,5,Summer Maxi Dress,44,1703.891232,3.866819938,0,1,0,0,77.70363274,0.968866563
02-09-2023,6,Bridal Gown,49,1703.891232,3.866819938,0,1,0,0,77.70363274,0.968866563
02-09-2023,7,Traditional Ethnic Dress,10,1703.891232,3.866819938,0,1,0,0,77.70363274,0.968866563
02-09-2023,8,Maternity Nursing Dress,60,1703.891232,3.866819938,0,1,0,0,77.70363274,0.968866563
02-09-2023,9,Sporty Athleisure Dress,46,1703.891232,3.866819938,0,1,0,0,77.70363274,0.968866563
02-09-2023,10,Customizable Dress,75,1703.891232,3.866819938,0,1,0,0,77.70363274,0.968866563
03-09-2023,1,Floral Sundress,15,1714.556082,4.233276609,0,1,0,0,71.27809415,0.07708039
03-09-2023,2,Evening Gown,50,1714.556082,4.233276609,0,1,0,0,71.27809415,0.07708039
03-09-2023,3,Business Casual Dress,30,1714.556082,4.233276609,0,1,0,0,71.27809415,0.07708039
03-09-2023,4,Sequin Party Dress,31,1714.556082,4.233276609,0,1,0,0,71.27809415,0.07708039
03-09-2023,5,Summer Maxi Dress,49,1714.556082,4.233276609,0,1,0,0,71.27809415,0.07708039
03-09-2023,6,Bridal Gown,47,1714.556082,4.233276609,0,1,0,0,71.27809415,0.07708039
03-09-2023,7,Traditional Ethnic Dress,33,1714.556082,4.233276609,0,1,0,0,71.27809415,0.07708039
03-09-2023,8,Maternity Nursing Dress,44,1714.556082,4.233276609,0,1,0,0,71.27809415,0.07708039
03-09-2023,9,Sporty Athleisure Dress,23,1714.556082,4.233276609,0,1,0,0,71.27809415,0.07708039
03-09-2023,10,Customizable Dress,52,1714.556082,4.233276609,0,1,0,0,71.27809415,0.07708039
04-09-2023,1,Floral Sundress,90,1843.671369,1.353119848,0,0,0,0,71.74603595,0.265569168
04-09-2023,2,Evening Gown,89,1843.671369,1.353119848,0,0,0,0,71.74603595,0.265569168
04-09-2023,3,Business Casual Dress,89,1843.671369,1.353119848,0,0,0,0,71.74603595,0.265569168
04-09-2023,4,Sequin Party Dress,25,1843.671369,1.353119848,0,0,0,0,71.74603595,0.265569168
04-09-2023,5,Summer Maxi Dress,65,1843.671369,1.353119848,0,0,0,0,71.74603595,0.265569168
04-09-2023,6,Bridal Gown,84,1843.671369,1.353119848,0,0,0,0,71.74603595,0.265569168
04-09-2023,7,Traditional Ethnic Dress,16,1843.671369,1.353119848,0,0,0,0,71.74603595,0.265569168
04-09-2023,8,Maternity Nursing Dress,38,1843.671369,1.353119848,0,0,0,0,71.74603595,0.265569168
04-09-2023,9,Sporty Athleisure Dress,51,1843.671369,1.353119848,0,0,0,0,71.74603595,0.265569168
04-09-2023,10,Customizable Dress,86,1843.671369,1.353119848,0,0,0,0,71.74603595,0.265569168
05-09-2023,1,Floral Sundress,69,1574.468393,3.849856645,1,1,0,0,81.31415677,0.598074632
05-09-2023,2,Evening Gown,79,1574.468393,3.849856645,1,1,0,0,81.31415677,0.598074632
05-09-2023,3,Business Casual Dress,47,1574.468393,3.849856645,1,1,0,0,81.31415677,0.598074632
05-09-2023,4,Sequin Party Dress,89,1574.468393,3.849856645,1,1,0,0,81.31415677,0.598074632
05-09-2023,5,Summer Maxi Dress,64,1574.468393,3.849856645,1,1,0,0,81.31415677,0.598074632
05-09-2023,6,Bridal Gown,41,1574.468393,3.849856645,1,1,0,0,81.31415677,0.598074632
05-09-2023,7,Traditional Ethnic Dress,33,1574.468393,3.849856645,1,1,0,0,81.31415677,0.598074632
05-09-2023,8,Maternity Nursing Dress,88,1574.468393,3.849856645,1,1,0,0,81.31415677,0.598074632
05-09-2023,9,Sporty Athleisure Dress,74,1574.468393,3.849856645,1,1,0,0,81.31415677,0.598074632
05-09-2023,10,Customizable Dress,36,1574.468393,3.849856645,1,1,0,0,81.31415677,0.598074632
06-09-2023,1,Floral Sundress,41,1306.396023,3.48906077,1,1,0,0,80.16710361,0.911534896
06-09-2023,2,Evening Gown,97,1306.396023,3.48906077,1,1,0,0,80.16710361,0.911534896
06-09-2023,3,Business Casual Dress,78,1306.396023,3.48906077,1,1,0,0,80.16710361,0.911534896
06-09-2023,4,Sequin Party Dress,43,1306.396023,3.48906077,1,1,0,0,80.16710361,0.911534896
06-09-2023,5,Summer Maxi Dress,14,1306.396023,3.48906077,1,1,0,0,80.16710361,0.911534896
06-09-2023,6,Bridal Gown,29,1306.396023,3.48906077,1,1,0,0,80.16710361,0.911534896
06-09-2023,7,Traditional Ethnic Dress,54,1306.396023,3.48906077,1,1,0,0,80.16710361,0.911534896
06-09-2023,8,Maternity Nursing Dress,21,1306.396023,3.48906077,1,1,0,0,80.16710361,0.911534896
06-09-2023,9,Sporty Athleisure Dress,71,1306.396023,3.48906077,1,1,0,0,80.16710361,0.911534896
06-09-2023,10,Customizable Dress,11,1306.396023,3.48906077,1,1,0,0,80.16710361,0.911534896
07-09-2023,1,Floral Sundress,28,1652.009621,2.649559421,1,1,0,0,67.83808662,0.421284801
07-09-2023,2,Evening Gown,78,1652.009621,2.649559421,1,1,0,0,67.83808662,0.421284801
07-09-2023,3,Business Casual Dress,91,1652.009621,2.649559421,1,1,0,0,67.83808662,0.421284801
07-09-2023,4,Sequin Party Dress,19,1652.009621,2.649559421,1,1,0,0,67.83808662,0.421284801
07-09-2023,5,Summer Maxi Dress,53,1652.009621,2.649559421,1,1,0,0,67.83808662,0.421284801
07-09-2023,6,Bridal Gown,74,1652.009621,2.649559421,1,1,0,0,67.83808662,0.421284801
07-09-2023,7,Traditional Ethnic Dress,89,1652.009621,2.649559421,1,1,0,0,67.83808662,0.421284801
07-09-2023,8,Maternity Nursing Dress,20,1652.009621,2.649559421,1,1,0,0,67.83808662,0.421284801
07-09-2023,9,Sporty Athleisure Dress,15,1652.009621,2.649559421,1,1,0,0,67.83808662,0.421284801
07-09-2023,10,Customizable Dress,46,1652.009621,2.649559421,1,1,0,0,67.83808662,0.421284801
08-09-2023,1,Floral Sundress,44,1156.939894,2.884628348,0,0,0,0,80.3576168,0.281838521
08-09-2023,2,Evening Gown,86,1156.939894,2.884628348,0,0,0,0,80.3576168,0.281838521
08-09-2023,3,Business Casual Dress,63,1156.939894,2.884628348,0,0,0,0,80.3576168,0.281838521
08-09-2023,4,Sequin Party Dress,90,1156.939894,2.884628348,0,0,0,0,80.3576168,0.281838521
08-09-2023,5,Summer Maxi Dress,93,1156.939894,2.884628348,0,0,0,0,80.3576168,0.281838521
08-09-2023,6,Bridal Gown,11,1156.939894,2.884628348,0,0,0,0,80.3576168,0.281838521
08-09-2023,7,Traditional Ethnic Dress,16,1156.939894,2.884628348,0,0,0,0,80.3576168,0.281838521
08-09-2023,8,Maternity Nursing Dress,71,1156.939894,2.884628348,0,0,0,0,80.3576168,0.281838521
08-09-2023,9,Sporty Athleisure Dress,39,1156.939894,2.884628348,0,0,0,0,80.3576168,0.281838521
08-09-2023,10,Customizable Dress,16,1156.939894,2.884628348,0,0,0,0,80.3576168,0.281838521
09-09-2023,1,Floral Sundress,57,1261.951073,1.823093025,0,1,0,0,55.44127295,0.901269717
09-09-2023,2,Evening Gown,53,1261.951073,1.823093025,0,1,0,0,55.44127295,0.901269717
09-09-2023,3,Business Casual Dress,45,1261.951073,1.823093025,0,1,0,0,55.44127295,0.901269717
09-09-2023,4,Sequin Party Dress,88,1261.951073,1.823093025,0,1,0,0,55.44127295,0.901269717
09-09-2023,5,Summer Maxi Dress,62,1261.951073,1.823093025,0,1,0,0,55.44127295,0.901269717
09-09-2023,6,Bridal Gown,66,1261.951073,1.823093025,0,1,0,0,55.44127295,0.901269717
09-09-2023,7,Traditional Ethnic Dress,93,1261.951073,1.823093025,0,1,0,0,55.44127295,0.901269717
09-09-2023,8,Maternity Nursing Dress,96,1261.951073,1.823093025,0,1,0,0,55.44127295,0.901269717
09-09-2023,9,Sporty Athleisure Dress,26,1261.951073,1.823093025,0,1,0,0,55.44127295,0.901269717
09-09-2023,10,Customizable Dress,75,1261.951073,1.823093025,0,1,0,0,55.44127295,0.901269717
10-09-2023,1,Floral Sundress,39,1765.066326,3.901964226,1,1,0,0,63.98351431,0.363844534
10-09-2023,2,Evening Gown,69,1765.066326,3.901964226,1,1,0,0,63.98351431,0.363844534
10-09-2023,3,Business Casual Dress,99,1765.066326,3.901964226,1,1,0,0,63.98351431,0.363844534
10-09-2023,4,Sequin Party Dress,51,1765.066326,3.901964226,1,1,0,0,63.98351431,0.363844534
10-09-2023,5,Summer Maxi Dress,96,1765.066326,3.901964226,1,1,0,0,63.98351431,0.363844534
10-09-2023,6,Bridal Gown,30,1765.066326,3.901964226,1,1,0,0,63.98351431,0.363844534
10-09-2023,7,Traditional Ethnic Dress,83,1765.066326,3.901964226,1,1,0,0,63.98351431,0.363844534
10-09-2023,8,Maternity Nursing Dress,32,1765.066326,3.901964226,1,1,0,0,63.98351431,0.363844534
10-09-2023,9,Sporty Athleisure Dress,23,1765.066326,3.901964226,1,1,0,0,63.98351431,0.363844534
10-09-2023,10,Customizable Dress,43,1765.066326,3.901964226,1,1,0,0,63.98351431,0.363844534
11-09-2023,1,Floral Sundress,13,1052.150832,3.71103858,1,1,0,0,73.08010643,0.077555564
11-09-2023,2,Evening Gown,69,1052.150832,3.71103858,1,1,0,0,73.08010643,0.077555564
11-09-2023,3,Business Casual Dress,46,1052.150832,3.71103858,1,1,0,0,73.08010643,0.077555564
11-09-2023,4,Sequin Party Dress,15,1052.150832,3.71103858,1,1,0,0,73.08010643,0.077555564
11-09-2023,5,Summer Maxi Dress,17,1052.150832,3.71103858,1,1,0,0,73.08010643,0.077555564
11-09-2023,6,Bridal Gown,59,1052.150832,3.71103858,1,1,0,0,73.08010643,0.077555564
11-09-2023,7,Traditional Ethnic Dress,32,1052.150832,3.71103858,1,1,0,0,73.08010643,0.077555564
11-09-2023,8,Maternity Nursing Dress,14,1052.150832,3.71103858,1,1,0,0,73.08010643,0.077555564
11-09-2023,9,Sporty Athleisure Dress,44,1052.150832,3.71103858,1,1,0,0,73.08010643,0.077555564
11-09-2023,10,Customizable Dress,48,1052.150832,3.71103858,1,1,0,0,73.08010643,0.077555564
12-09-2023,1,Floral Sundress,12,1632.308621,3.83437764,0,1,0,0,71.09241059,0.539436384
12-09-2023,2,Evening Gown,26,1632.308621,3.83437764,0,1,0,0,71.09241059,0.539436384
12-09-2023,3,Business Casual Dress,79,1632.308621,3.83437764,0,1,0,0,71.09241059,0.539436384
12-09-2023,4,Sequin Party Dress,24,1632.308621,3.83437764,0,1,0,0,71.09241059,0.539436384
12-09-2023,5,Summer Maxi Dress,47,1632.308621,3.83437764,0,1,0,0,71.09241059,0.539436384
12-09-2023,6,Bridal Gown,58,1632.308621,3.83437764,0,1,0,0,71.09241059,0.539436384
12-09-2023,7,Traditional Ethnic Dress,98,1632.308621,3.83437764,0,1,0,0,71.09241059,0.539436384
12-09-2023,8,Maternity Nursing Dress,96,1632.308621,3.83437764,0,1,0,0,71.09241059,0.539436384
12-09-2023,9,Sporty Athleisure Dress,77,1632.308621,3.83437764,0,1,0,0,71.09241059,0.539436384
12-09-2023,10,Customizable Dress,28,1632.308621,3.83437764,0,1,0,0,71.09241059,0.539436384
13-09-2023,1,Floral Sundress,39,1157.129994,3.894541599,0,1,0,0,52.6424651,0.672024569
13-09-2023,2,Evening Gown,13,1157.129994,3.894541599,0,1,0,0,52.6424651,0.672024569
13-09-2023,3,Business Casual Dress,87,1157.129994,3.894541599,0,1,0,0,52.6424651,0.672024569
13-09-2023,4,Sequin Party Dress,80,1157.129994,3.894541599,0,1,0,0,52.6424651,0.672024569
13-09-2023,5,Summer Maxi Dress,32,1157.129994,3.894541599,0,1,0,0,52.6424651,0.672024569
13-09-2023,6,Bridal Gown,90,1157.129994,3.894541599,0,1,0,0,52.6424651,0.672024569
13-09-2023,7,Traditional Ethnic Dress,46,1157.129994,3.894541599,0,1,0,0,52.6424651,0.672024569
13-09-2023,8,Maternity Nursing Dress,47,1157.129994,3.894541599,0,1,0,0,52.6424651,0.672024569
13-09-2023,9,Sporty Athleisure Dress,24,1157.129994,3.894541599,0,1,0,0,52.6424651,0.672024569
13-09-2023,10,Customizable Dress,90,1157.129994,3.894541599,0,1,0,0,52.6424651,0.672024569
14-09-2023,1,Floral Sundress,13,1792.437263,3.049317249,0,0,0,0,77.91284376,0.155934755
14-09-2023,2,Evening Gown,67,1792.437263,3.049317249,0,0,0,0,77.91284376,0.155934755
14-09-2023,3,Business Casual Dress,51,1792.437263,3.049317249,0,0,0,0,77.91284376,0.155934755
14-09-2023,4,Sequin Party Dress,45,1792.437263,3.049317249,0,0,0,0,77.91284376,0.155934755
14-09-2023,5,Summer Maxi Dress,78,1792.437263,3.049317249,0,0,0,0,77.91284376,0.155934755
14-09-2023,6,Bridal Gown,18,1792.437263,3.049317249,0,0,0,0,77.91284376,0.155934755
14-09-2023,7,Traditional Ethnic Dress,31,1792.437263,3.049317249,0,0,0,0,77.91284376,0.155934755
14-09-2023,8,Maternity Nursing Dress,32,1792.437263,3.049317249,0,0,0,0,77.91284376,0.155934755
14-09-2023,9,Sporty Athleisure Dress,67,1792.437263,3.049317249,0,0,0,0,77.91284376,0.155934755
14-09-2023,10,Customizable Dress,86,1792.437263,3.049317249,0,0,0,0,77.91284376,0.155934755
15-09-2023,1,Floral Sundress,56,1962.027195,4.951695585,0,0,0,0,65.13185021,0.064433126
15-09-2023,2,Evening Gown,40,1962.027195,4.951695585,0,0,0,0,65.13185021,0.064433126
15-09-2023,3,Business Casual Dress,72,1962.027195,4.951695585,0,0,0,0,65.13185021,0.064433126
15-09-2023,4,Sequin Party Dress,40,1962.027195,4.951695585,0,0,0,0,65.13185021,0.064433126
15-09-2023,5,Summer Maxi Dress,36,1962.027195,4.951695585,0,0,0,0,65.13185021,0.064433126
15-09-2023,6,Bridal Gown,54,1962.027195,4.951695585,0,0,0,0,65.13185021,0.064433126
15-09-2023,7,Traditional Ethnic Dress,62,1962.027195,4.951695585,0,0,0,0,65.13185021,0.064433126
15-09-2023,8,Maternity Nursing Dress,40,1962.027195,4.951695585,0,0,0,0,65.13185021,0.064433126
15-09-2023,9,Sporty Athleisure Dress,56,1962.027195,4.951695585,0,0,0,0,65.13185021,0.064433126
15-09-2023,10,Customizable Dress,91,1962.027195,4.951695585,0,0,0,0,65.13185021,0.064433126
16-09-2023,1,Floral Sundress,76,1072.579212,3.109148735,1,0,0,0,87.52924997,0.159867107
16-09-2023,2,Evening Gown,38,1072.579212,3.109148735,1,0,0,0,87.52924997,0.159867107
16-09-2023,3,Business Casual Dress,35,1072.579212,3.109148735,1,0,0,0,87.52924997,0.159867107
16-09-2023,4,Sequin Party Dress,98,1072.579212,3.109148735,1,0,0,0,87.52924997,0.159867107
16-09-2023,5,Summer Maxi Dress,34,1072.579212,3.109148735,1,0,0,0,87.52924997,0.159867107
16-09-2023,6,Bridal Gown,70,1072.579212,3.109148735,1,0,0,0,87.52924997,0.159867107
16-09-2023,7,Traditional Ethnic Dress,83,1072.579212,3.109148735,1,0,0,0,87.52924997,0.159867107
16-09-2023,8,Maternity Nursing Dress,64,1072.579212,3.109148735,1,0,0,0,87.52924997,0.159867107
16-09-2023,9,Sporty Athleisure Dress,32,1072.579212,3.109148735,1,0,0,0,87.52924997,0.159867107
16-09-2023,10,Customizable Dress,66,1072.579212,3.109148735,1,0,0,0,87.52924997,0.159867107
17-09-2023,1,Floral Sundress,60,1186.926826,2.284176101,0,0,0,0,53.5914792,0.42689759
17-09-2023,2,Evening Gown,71,1186.926826,2.284176101,0,0,0,0,53.5914792,0.42689759
17-09-2023,3,Business Casual Dress,99,1186.926826,2.284176101,0,0,0,0,53.5914792,0.42689759
17-09-2023,4,Sequin Party Dress,25,1186.926826,2.284176101,0,0,0,0,53.5914792,0.42689759
17-09-2023,5,Summer Maxi Dress,83,1186.926826,2.284176101,0,0,0,0,53.5914792,0.42689759
17-09-2023,6,Bridal Gown,34,1186.926826,2.284176101,0,0,0,0,53.5914792,0.42689759
17-09-2023,7,Traditional Ethnic Dress,46,1186.926826,2.284176101,0,0,0,0,53.5914792,0.42689759
17-09-2023,8,Maternity Nursing Dress,63,1186.926826,2.284176101,0,0,0,0,53.5914792,0.42689759
17-09-2023,9,Sporty Athleisure Dress,94,1186.926826,2.284176101,0,0,0,0,53.5914792,0.42689759
17-09-2023,10,Customizable Dress,55,1186.926826,2.284176101,0,0,0,0,53.5914792,0.42689759
18-09-2023,1,Floral Sundress,94,1993.650976,4.42093735,0,0,0,0,50.41978243,0.824347521
18-09-2023,2,Evening Gown,32,1993.650976,4.42093735,0,0,0,0,50.41978243,0.824347521
18-09-2023,3,Business Casual Dress,91,1993.650976,4.42093735,0,0,0,0,50.41978243,0.824347521
18-09-2023,4,Sequin Party Dress,80,1993.650976,4.42093735,0,0,0,0,50.41978243,0.824347521
18-09-2023,5,Summer Maxi Dress,26,1993.650976,4.42093735,0,0,0,0,50.41978243,0.824347521
18-09-2023,6,Bridal Gown,58,1993.650976,4.42093735,0,0,0,0,50.41978243,0.824347521
18-09-2023,7,Traditional Ethnic Dress,68,1993.650976,4.42093735,0,0,0,0,50.41978243,0.824347521
18-09-2023,8,Maternity Nursing Dress,40,1993.650976,4.42093735,0,0,0,0,50.41978243,0.824347521
18-09-2023,9,Sporty Athleisure Dress,42,1993.650976,4.42093735,0,0,0,0,50.41978243,0.824347521
18-09-2023,10,Customizable Dress,66,1993.650976,4.42093735,0,0,0,0,50.41978243,0.824347521
19-09-2023,1,Floral Sundress,85,1456.012366,1.410392348,1,0,0,0,66.26177933,0.093006287
19-09-2023,2,Evening Gown,53,1456.012366,1.410392348,1,0,0,0,66.26177933,0.093006287
19-09-2023,3,Business Casual Dress,20,1456.012366,1.410392348,1,0,0,0,66.26177933,0.093006287
19-09-2023,4,Sequin Party Dress,63,1456.012366,1.410392348,1,0,0,0,66.26177933,0.093006287
19-09-2023,5,Summer Maxi Dress,55,1456.012366,1.410392348,1,0,0,0,66.26177933,0.093006287
19-09-2023,6,Bridal Gown,84,1456.012366,1.410392348,1,0,0,0,66.26177933,0.093006287
19-09-2023,7,Traditional Ethnic Dress,10,1456.012366,1.410392348,1,0,0,0,66.26177933,0.093006287
19-09-2023,8,Maternity Nursing Dress,62,1456.012366,1.410392348,1,0,0,0,66.26177933,0.093006287
19-09-2023,9,Sporty Athleisure Dress,60,1456.012366,1.410392348,1,0,0,0,66.26177933,0.093006287
19-09-2023,10,Customizable Dress,93,1456.012366,1.410392348,1,0,0,0,66.26177933,0.093006287
20-09-2023,1,Floral Sundress,64,1755.871509,3.40153595,1,0,0,0,73.14222939,0.82214446
20-09-2023,2,Evening Gown,79,1755.871509,3.40153595,1,0,0,0,73.14222939,0.82214446
20-09-2023,3,Business Casual Dress,18,1755.871509,3.40153595,1,0,0,0,73.14222939,0.82214446
20-09-2023,4,Sequin Party Dress,54,1755.871509,3.40153595,1,0,0,0,73.14222939,0.82214446
20-09-2023,5,Summer Maxi Dress,55,1755.871509,3.40153595,1,0,0,0,73.14222939,0.82214446
20-09-2023,6,Bridal Gown,29,1755.871509,3.40153595,1,0,0,0,73.14222939,0.82214446
20-09-2023,7,Traditional Ethnic Dress,79,1755.871509,3.40153595,1,0,0,0,73.14222939,0.82214446
20-09-2023,8,Maternity Nursing Dress,28,1755.871509,3.40153595,1,0,0,0,73.14222939,0.82214446
20-09-2023,9,Sporty Athleisure Dress,24,1755.871509,3.40153595,1,0,0,0,73.14222939,0.82214446
20-09-2023,10,Customizable Dress,21,1755.871509,3.40153595,1,0,0,0,73.14222939,0.82214446
21-09-2023,1,Floral Sundress,42,1061.392385,1.503529351,1,1,0,0,66.05048138,0.291536297
21-09-2023,2,Evening Gown,20,1061.392385,1.503529351,1,1,0,0,66.05048138,0.291536297
21-09-2023,3,Business Casual Dress,57,1061.392385,1.503529351,1,1,0,0,66.05048138,0.291536297
21-09-2023,4,Sequin Party Dress,15,1061.392385,1.503529351,1,1,0,0,66.05048138,0.291536297
21-09-2023,5,Summer Maxi Dress,73,1061.392385,1.503529351,1,1,0,0,66.05048138,0.291536297
21-09-2023,6,Bridal Gown,56,1061.392385,1.503529351,1,1,0,0,66.05048138,0.291536297
21-09-2023,7,Traditional Ethnic Dress,53,1061.392385,1.503529351,1,1,0,0,66.05048138,0.291536297
21-09-2023,8,Maternity Nursing Dress,47,1061.392385,1.503529351,1,1,0,0,66.05048138,0.291536297
21-09-2023,9,Sporty Athleisure Dress,99,1061.392385,1.503529351,1,1,0,0,66.05048138,0.291536297
21-09-2023,10,Customizable Dress,95,1061.392385,1.503529351,1,1,0,0,66.05048138,0.291536297
22-09-2023,1,Floral Sundress,16,1591.982646,2.205782241,1,1,0,0,70.02136737,0.74285487
22-09-2023,2,Evening Gown,56,1591.982646,2.205782241,1,1,0,0,70.02136737,0.74285487
22-09-2023,3,Business Casual Dress,78,1591.982646,2.205782241,1,1,0,0,70.02136737,0.74285487
22-09-2023,4,Sequin Party Dress,42,1591.982646,2.205782241,1,1,0,0,70.02136737,0.74285487
22-09-2023,5,Summer Maxi Dress,24,1591.982646,2.205782241,1,1,0,0,70.02136737,0.74285487
22-09-2023,6,Bridal Gown,35,1591.982646,2.205782241,1,1,0,0,70.02136737,0.74285487
22-09-2023,7,Traditional Ethnic Dress,42,1591.982646,2.205782241,1,1,0,0,70.02136737,0.74285487
22-09-2023,8,Maternity Nursing Dress,68,1591.982646,2.205782241,1,1,0,0,70.02136737,0.74285487
22-09-2023,9,Sporty Athleisure Dress,50,1591.982646,2.205782241,1,1,0,0,70.02136737,0.74285487
22-09-2023,10,Customizable Dress,52,1591.982646,2.205782241,1,1,0,0,70.02136737,0.74285487
23-09-2023,1,Floral Sundress,43,1898.060106,2.312360182,0,1,0,0,62.38701317,0.478132475
23-09-2023,2,Evening Gown,83,1898.060106,2.312360182,0,1,0,0,62.38701317,0.478132475
23-09-2023,3,Business Casual Dress,69,1898.060106,2.312360182,0,1,0,0,62.38701317,0.478132475
23-09-2023,4,Sequin Party Dress,60,1898.060106,2.312360182,0,1,0,0,62.38701317,0.478132475
23-09-2023,5,Summer Maxi Dress,46,1898.060106,2.312360182,0,1,0,0,62.38701317,0.478132475
23-09-2023,6,Bridal Gown,49,1898.060106,2.312360182,0,1,0,0,62.38701317,0.478132475
23-09-2023,7,Traditional Ethnic Dress,99,1898.060106,2.312360182,0,1,0,0,62.38701317,0.478132475
23-09-2023,8,Maternity Nursing Dress,67,1898.060106,2.312360182,0,1,0,0,62.38701317,0.478132475
23-09-2023,9,Sporty Athleisure Dress,83,1898.060106,2.312360182,0,1,0,0,62.38701317,0.478132475
23-09-2023,10,Customizable Dress,88,1898.060106,2.312360182,0,1,0,0,62.38701317,0.478132475
24-09-2023,1,Floral Sundress,35,1347.228185,3.716948067,1,0,0,0,54.45237521,0.149227789
24-09-2023,2,Evening Gown,36,1347.228185,3.716948067,1,0,0,0,54.45237521,0.149227789
24-09-2023,3,Business Casual Dress,62,1347.228185,3.716948067,1,0,0,0,54.45237521,0.149227789
24-09-2023,4,Sequin Party Dress,31,1347.228185,3.716948067,1,0,0,0,54.45237521,0.149227789
24-09-2023,5,Summer Maxi Dress,49,1347.228185,3.716948067,1,0,0,0,54.45237521,0.149227789
24-09-2023,6,Bridal Gown,10,1347.228185,3.716948067,1,0,0,0,54.45237521,0.149227789
24-09-2023,7,Traditional Ethnic Dress,63,1347.228185,3.716948067,1,0,0,0,54.45237521,0.149227789
24-09-2023,8,Maternity Nursing Dress,54,1347.228185,3.716948067,1,0,0,0,54.45237521,0.149227789
24-09-2023,9,Sporty Athleisure Dress,89,1347.228185,3.716948067,1,0,0,0,54.45237521,0.149227789
24-09-2023,10,Customizable Dress,31,1347.228185,3.716948067,1,0,0,0,54.45237521,0.149227789
25-09-2023,1,Floral Sundress,10,1177.143019,2.745196145,1,0,0,0,87.32290182,0.706614906
25-09-2023,2,Evening Gown,63,1177.143019,2.745196145,1,0,0,0,87.32290182,0.706614906
25-09-2023,3,Business Casual Dress,70,1177.143019,2.745196145,1,0,0,0,87.32290182,0.706614906
25-09-2023,4,Sequin Party Dress,90,1177.143019,2.745196145,1,0,0,0,87.32290182,0.706614906
25-09-2023,5,Summer Maxi Dress,35,1177.143019,2.745196145,1,0,0,0,87.32290182,0.706614906
25-09-2023,6,Bridal Gown,97,1177.143019,2.745196145,1,0,0,0,87.32290182,0.706614906
25-09-2023,7,Traditional Ethnic Dress,19,1177.143019,2.745196145,1,0,0,0,87.32290182,0.706614906
25-09-2023,8,Maternity Nursing Dress,75,1177.143019,2.745196145,1,0,0,0,87.32290182,0.706614906
25-09-2023,9,Sporty Athleisure Dress,23,1177.143019,2.745196145,1,0,0,0,87.32290182,0.706614906
25-09-2023,10,Customizable Dress,90,1177.143019,2.745196145,1,0,0,0,87.32290182,0.706614906
26-09-2023,1,Floral Sundress,91,1173.099354,3.265116268,0,1,0,0,80.63637377,0.680850959
26-09-2023,2,Evening Gown,82,1173.099354,3.265116268,0,1,0,0,80.63637377,0.680850959
26-09-2023,3,Business Casual Dress,10,1173.099354,3.265116268,0,1,0,0,80.63637377,0.680850959
26-09-2023,4,Sequin Party Dress,26,1173.099354,3.265116268,0,1,0,0,80.63637377,0.680850959
26-09-2023,5,Summer Maxi Dress,79,1173.099354,3.265116268,0,1,0,0,80.63637377,0.680850959
26-09-2023,6,Bridal Gown,92,1173.099354,3.265116268,0,1,0,0,80.63637377,0.680850959
26-09-2023,7,Traditional Ethnic Dress,55,1173.099354,3.265116268,0,1,0,0,80.63637377,0.680850959
26-09-2023,8,Maternity Nursing Dress,67,1173.099354,3.265116268,0,1,0,0,80.63637377,0.680850959
26-09-2023,9,Sporty Athleisure Dress,89,1173.099354,3.265116268,0,1,0,0,80.63637377,0.680850959
26-09-2023,10,Customizable Dress,37,1173.099354,3.265116268,0,1,0,0,80.63637377,0.680850959
27-09-2023,1,Floral Sundress,84,1149.079409,4.156049987,1,1,0,0,80.49085379,0.013333422
27-09-2023,2,Evening Gown,82,1149.079409,4.156049987,1,1,0,0,80.49085379,0.013333422
27-09-2023,3,Business Casual Dress,63,1149.079409,4.156049987,1,1,0,0,80.49085379,0.013333422
27-09-2023,4,Sequin Party Dress,93,1149.079409,4.156049987,1,1,0,0,80.49085379,0.013333422
27-09-2023,5,Summer Maxi Dress,57,1149.079409,4.156049987,1,1,0,0,80.49085379,0.013333422
27-09-2023,6,Bridal Gown,25,1149.079409,4.156049987,1,1,0,0,80.49085379,0.013333422
27-09-2023,7,Traditional Ethnic Dress,39,1149.079409,4.156049987,1,1,0,0,80.49085379,0.013333422
27-09-2023,8,Maternity Nursing Dress,77,1149.079409,4.156049987,1,1,0,0,80.49085379,0.013333422
27-09-2023,9,Sporty Athleisure Dress,14,1149.079409,4.156049987,1,1,0,0,80.49085379,0.013333422
27-09-2023,10,Customizable Dress,50,1149.079409,4.156049987,1,1,0,0,80.49085379,0.013333422
28-09-2023,1,Floral Sundress,89,1916.44579,2.578963179,1,1,0,0,51.87255773,0.55522814
28-09-2023,2,Evening Gown,55,1916.44579,2.578963179,1,1,0,0,51.87255773,0.55522814
28-09-2023,3,Business Casual Dress,39,1916.44579,2.578963179,1,1,0,0,51.87255773,0.55522814
28-09-2023,4,Sequin Party Dress,20,1916.44579,2.578963179,1,1,0,0,51.87255773,0.55522814
28-09-2023,5,Summer Maxi Dress,25,1916.44579,2.578963179,1,1,0,0,51.87255773,0.55522814
28-09-2023,6,Bridal Gown,43,1916.44579,2.578963179,1,1,0,0,51.87255773,0.55522814
28-09-2023,7,Traditional Ethnic Dress,29,1916.44579,2.578963179,1,1,0,0,51.87255773,0.55522814
28-09-2023,8,Maternity Nursing Dress,38,1916.44579,2.578963179,1,1,0,0,51.87255773,0.55522814
28-09-2023,9,Sporty Athleisure Dress,33,1916.44579,2.578963179,1,1,0,0,51.87255773,0.55522814
28-09-2023,10,Customizable Dress,11,1916.44579,2.578963179,1,1,0,0,51.87255773,0.55522814
29-09-2023,1,Floral Sundress,45,1517.334281,1.367077506,1,1,0,0,70.68723942,0.543999215
29-09-2023,2,Evening Gown,90,1517.334281,1.367077506,1,1,0,0,70.68723942,0.543999215
29-09-2023,3,Business Casual Dress,41,1517.334281,1.367077506,1,1,0,0,70.68723942,0.543999215
29-09-2023,4,Sequin Party Dress,98,1517.334281,1.367077506,1,1,0,0,70.68723942,0.543999215
29-09-2023,5,Summer Maxi Dress,82,1517.334281,1.367077506,1,1,0,0,70.68723942,0.543999215
29-09-2023,6,Bridal Gown,20,1517.334281,1.367077506,1,1,0,0,70.68723942,0.543999215
29-09-2023,7,Traditional Ethnic Dress,83,1517.334281,1.367077506,1,1,0,0,70.68723942,0.543999215
29-09-2023,8,Maternity Nursing Dress,39,1517.334281,1.367077506,1,1,0,0,70.68723942,0.543999215
29-09-2023,9,Sporty Athleisure Dress,96,1517.334281,1.367077506,1,1,0,0,70.68723942,0.543999215
29-09-2023,10,Customizable Dress,94,1517.334281,1.367077506,1,1,0,0,70.68723942,0.543999215
30-09-2023,1,Floral Sundress,11,1320.028557,2.48781102,0,1,0,0,77.95326935,0.671325243
30-09-2023,2,Evening Gown,66,1320.028557,2.48781102,0,1,0,0,77.95326935,0.671325243
30-09-2023,3,Business Casual Dress,70,1320.028557,2.48781102,0,1,0,0,77.95326935,0.671325243
30-09-2023,4,Sequin Party Dress,78,1320.028557,2.48781102,0,1,0,0,77.95326935,0.671325243
30-09-2023,5,Summer Maxi Dress,51,1320.028557,2.48781102,0,1,0,0,77.95326935,0.671325243
30-09-2023,6,Bridal Gown,49,1320.028557,2.48781102,0,1,0,0,77.95326935,0.671325243
30-09-2023,7,Traditional Ethnic Dress,84,1320.028557,2.48781102,0,1,0,0,77.95326935,0.671325243
30-09-2023,8,Maternity Nursing Dress,50,1320.028557,2.48781102,0,1,0,0,77.95326935,0.671325243
30-09-2023,9,Sporty Athleisure Dress,59,1320.028557,2.48781102,0,1,0,0,77.95326935,0.671325243
30-09-2023,10,Customizable Dress,81,1320.028557,2.48781102,0,1,0,0,77.95326935,0.671325243
01-10-2023,1,Floral Sundress,32,1508.155054,2.097631514,1,1,0,0,81.1238539,0.120209055
01-10-2023,2,Evening Gown,15,1508.155054,2.097631514,1,1,0,0,81.1238539,0.120209055
01-10-2023,3,Business Casual Dress,31,1508.155054,2.097631514,1,1,0,0,81.1238539,0.120209055
01-10-2023,4,Sequin Party Dress,76,1508.155054,2.097631514,1,1,0,0,81.1238539,0.120209055
01-10-2023,5,Summer Maxi Dress,26,1508.155054,2.097631514,1,1,0,0,81.1238539,0.120209055
01-10-2023,6,Bridal Gown,78,1508.155054,2.097631514,1,1,0,0,81.1238539,0.120209055
01-10-2023,7,Traditional Ethnic Dress,36,1508.155054,2.097631514,1,1,0,0,81.1238539,0.120209055
01-10-2023,8,Maternity Nursing Dress,15,1508.155054,2.097631514,1,1,0,0,81.1238539,0.120209055
01-10-2023,9,Sporty Athleisure Dress,22,1508.155054,2.097631514,1,1,0,0,81.1238539,0.120209055
01-10-2023,10,Customizable Dress,94,1508.155054,2.097631514,1,1,0,0,81.1238539,0.120209055
02-10-2023,1,Floral Sundress,54,1990.608234,1.023026395,0,0,0,0,51.92179664,0.065074507
02-10-2023,2,Evening Gown,25,1990.608234,1.023026395,0,0,0,0,51.92179664,0.065074507
02-10-2023,3,Business Casual Dress,21,1990.608234,1.023026395,0,0,0,0,51.92179664,0.065074507
02-10-2023,4,Sequin Party Dress,13,1990.608234,1.023026395,0,0,0,0,51.92179664,0.065074507
02-10-2023,5,Summer Maxi Dress,43,1990.608234,1.023026395,0,0,0,0,51.92179664,0.065074507
02-10-2023,6,Bridal Gown,93,1990.608234,1.023026395,0,0,0,0,51.92179664,0.065074507
02-10-2023,7,Traditional Ethnic Dress,60,1990.608234,1.023026395,0,0,0,0,51.92179664,0.065074507
02-10-2023,8,Maternity Nursing Dress,85,1990.608234,1.023026395,0,0,0,0,51.92179664,0.065074507
02-10-2023,9,Sporty Athleisure Dress,48,1990.608234,1.023026395,0,0,0,0,51.92179664,0.065074507
02-10-2023,10,Customizable Dress,36,1990.608234,1.023026395,0,0,0,0,51.92179664,0.065074507
03-10-2023,1,Floral Sundress,27,1473.51951,4.996485901,0,0,0,0,54.27645918,0.823127718
03-10-2023,2,Evening Gown,59,1473.51951,4.996485901,0,0,0,0,54.27645918,0.823127718
03-10-2023,3,Business Casual Dress,19,1473.51951,4.996485901,0,0,0,0,54.27645918,0.823127718
03-10-2023,4,Sequin Party Dress,88,1473.51951,4.996485901,0,0,0,0,54.27645918,0.823127718
03-10-2023,5,Summer Maxi Dress,65,1473.51951,4.996485901,0,0,0,0,54.27645918,0.823127718
03-10-2023,6,Bridal Gown,82,1473.51951,4.996485901,0,0,0,0,54.27645918,0.823127718
03-10-2023,7,Traditional Ethnic Dress,83,1473.51951,4.996485901,0,0,0,0,54.27645918,0.823127718
03-10-2023,8,Maternity Nursing Dress,76,1473.51951,4.996485901,0,0,0,0,54.27645918,0.823127718
03-10-2023,9,Sporty Athleisure Dress,72,1473.51951,4.996485901,0,0,0,0,54.27645918,0.823127718
03-10-2023,10,Customizable Dress,60,1473.51951,4.996485901,0,0,0,0,54.27645918,0.823127718
04-10-2023,1,Floral Sundress,65,1455.866732,4.582047686,1,1,0,0,83.85431408,0.359281817
04-10-2023,2,Evening Gown,41,1455.866732,4.582047686,1,1,0,0,83.85431408,0.359281817
04-10-2023,3,Business Casual Dress,14,1455.866732,4.582047686,1,1,0,0,83.85431408,0.359281817
04-10-2023,4,Sequin Party Dress,89,1455.866732,4.582047686,1,1,0,0,83.85431408,0.359281817
04-10-2023,5,Summer Maxi Dress,75,1455.866732,4.582047686,1,1,0,0,83.85431408,0.359281817
04-10-2023,6,Bridal Gown,62,1455.866732,4.582047686,1,1,0,0,83.85431408,0.359281817
04-10-2023,7,Traditional Ethnic Dress,97,1455.866732,4.582047686,1,1,0,0,83.85431408,0.359281817
04-10-2023,8,Maternity Nursing Dress,63,1455.866732,4.582047686,1,1,0,0,83.85431408,0.359281817
04-10-2023,9,Sporty Athleisure Dress,49,1455.866732,4.582047686,1,1,0,0,83.85431408,0.359281817
04-10-2023,10,Customizable Dress,39,1455.866732,4.582047686,1,1,0,0,83.85431408,0.359281817
05-10-2023,1,Floral Sundress,45,1772.614853,3.684357099,0,1,0,0,54.67151928,0.062944555
05-10-2023,2,Evening Gown,93,1772.614853,3.684357099,0,1,0,0,54.67151928,0.062944555
05-10-2023,3,Business Casual Dress,29,1772.614853,3.684357099,0,1,0,0,54.67151928,0.062944555
05-10-2023,4,Sequin Party Dress,17,1772.614853,3.684357099,0,1,0,0,54.67151928,0.062944555
05-10-2023,5,Summer Maxi Dress,72,1772.614853,3.684357099,0,1,0,0,54.67151928,0.062944555
05-10-2023,6,Bridal Gown,10,1772.614853,3.684357099,0,1,0,0,54.67151928,0.062944555
05-10-2023,7,Traditional Ethnic Dress,50,1772.614853,3.684357099,0,1,0,0,54.67151928,0.062944555
05-10-2023,8,Maternity Nursing Dress,29,1772.614853,3.684357099,0,1,0,0,54.67151928,0.062944555
05-10-2023,9,Sporty Athleisure Dress,97,1772.614853,3.684357099,0,1,0,0,54.67151928,0.062944555
05-10-2023,10,Customizable Dress,93,1772.614853,3.684357099,0,1,0,0,54.67151928,0.062944555
06-10-2023,1,Floral Sundress,54,1461.751894,1.256017733,1,0,0,0,88.60367315,0.35430072
06-10-2023,2,Evening Gown,27,1461.751894,1.256017733,1,0,0,0,88.60367315,0.35430072
06-10-2023,3,Business Casual Dress,23,1461.751894,1.256017733,1,0,0,0,88.60367315,0.35430072
06-10-2023,4,Sequin Party Dress,76,1461.751894,1.256017733,1,0,0,0,88.60367315,0.35430072
06-10-2023,5,Summer Maxi Dress,50,1461.751894,1.256017733,1,0,0,0,88.60367315,0.35430072
06-10-2023,6,Bridal Gown,53,1461.751894,1.256017733,1,0,0,0,88.60367315,0.35430072
06-10-2023,7,Traditional Ethnic Dress,25,1461.751894,1.256017733,1,0,0,0,88.60367315,0.35430072
06-10-2023,8,Maternity Nursing Dress,86,1461.751894,1.256017733,1,0,0,0,88.60367315,0.35430072
06-10-2023,9,Sporty Athleisure Dress,74,1461.751894,1.256017733,1,0,0,0,88.60367315,0.35430072
06-10-2023,10,Customizable Dress,14,1461.751894,1.256017733,1,0,0,0,88.60367315,0.35430072
07-10-2023,1,Floral Sundress,53,1076.211877,1.862231097,0,0,0,0,65.80097886,0.519484147
07-10-2023,2,Evening Gown,15,1076.211877,1.862231097,0,0,0,0,65.80097886,0.519484147
07-10-2023,3,Business Casual Dress,34,1076.211877,1.862231097,0,0,0,0,65.80097886,0.519484147
07-10-2023,4,Sequin Party Dress,57,1076.211877,1.862231097,0,0,0,0,65.80097886,0.519484147
07-10-2023,5,Summer Maxi Dress,53,1076.211877,1.862231097,0,0,0,0,65.80097886,0.519484147
07-10-2023,6,Bridal Gown,85,1076.211877,1.862231097,0,0,0,0,65.80097886,0.519484147
07-10-2023,7,Traditional Ethnic Dress,95,1076.211877,1.862231097,0,0,0,0,65.80097886,0.519484147
07-10-2023,8,Maternity Nursing Dress,49,1076.211877,1.862231097,0,0,0,0,65.80097886,0.519484147
07-10-2023,9,Sporty Athleisure Dress,60,1076.211877,1.862231097,0,0,0,0,65.80097886,0.519484147
07-10-2023,10,Customizable Dress,32,1076.211877,1.862231097,0,0,0,0,65.80097886,0.519484147
08-10-2023,1,Floral Sundress,70,1104.585617,1.849861377,1,0,0,0,70.93279048,0.543862021
08-10-2023,2,Evening Gown,10,1104.585617,1.849861377,1,0,0,0,70.93279048,0.543862021
08-10-2023,3,Business Casual Dress,51,1104.585617,1.849861377,1,0,0,0,70.93279048,0.543862021
08-10-2023,4,Sequin Party Dress,71,1104.585617,1.849861377,1,0,0,0,70.93279048,0.543862021
08-10-2023,5,Summer Maxi Dress,26,1104.585617,1.849861377,1,0,0,0,70.93279048,0.543862021
08-10-2023,6,Bridal Gown,19,1104.585617,1.849861377,1,0,0,0,70.93279048,0.543862021
08-10-2023,7,Traditional Ethnic Dress,77,1104.585617,1.849861377,1,0,0,0,70.93279048,0.543862021
08-10-2023,8,Maternity Nursing Dress,11,1104.585617,1.849861377,1,0,0,0,70.93279048,0.543862021
08-10-2023,9,Sporty Athleisure Dress,36,1104.585617,1.849861377,1,0,0,0,70.93279048,0.543862021
08-10-2023,10,Customizable Dress,79,1104.585617,1.849861377,1,0,0,0,70.93279048,0.543862021
09-10-2023,1,Floral Sundress,10,1650.329972,4.899491571,0,0,0,0,68.8854114,0.484114127
09-10-2023,2,Evening Gown,37,1650.329972,4.899491571,0,0,0,0,68.8854114,0.484114127
09-10-2023,3,Business Casual Dress,17,1650.329972,4.899491571,0,0,0,0,68.8854114,0.484114127
09-10-2023,4,Sequin Party Dress,47,1650.329972,4.899491571,0,0,0,0,68.8854114,0.484114127
09-10-2023,5,Summer Maxi Dress,21,1650.329972,4.899491571,0,0,0,0,68.8854114,0.484114127
09-10-2023,6,Bridal Gown,29,1650.329972,4.899491571,0,0,0,0,68.8854114,0.484114127
09-10-2023,7,Traditional Ethnic Dress,41,1650.329972,4.899491571,0,0,0,0,68.8854114,0.484114127
09-10-2023,8,Maternity Nursing Dress,73,1650.329972,4.899491571,0,0,0,0,68.8854114,0.484114127
09-10-2023,9,Sporty Athleisure Dress,91,1650.329972,4.899491571,0,0,0,0,68.8854114,0.484114127
09-10-2023,10,Customizable Dress,80,1650.329972,4.899491571,0,0,0,0,68.8854114,0.484114127
10-10-2023,1,Floral Sundress,83,1104.1618,4.640693239,1,0,0,0,76.59265031,0.21710711
10-10-2023,2,Evening Gown,48,1104.1618,4.640693239,1,0,0,0,76.59265031,0.21710711
10-10-2023,3,Business Casual Dress,33,1104.1618,4.640693239,1,0,0,0,76.59265031,0.21710711
10-10-2023,4,Sequin Party Dress,44,1104.1618,4.640693239,1,0,0,0,76.59265031,0.21710711
10-10-2023,5,Summer Maxi Dress,25,1104.1618,4.640693239,1,0,0,0,76.59265031,0.21710711
10-10-2023,6,Bridal Gown,39,1104.1618,4.640693239,1,0,0,0,76.59265031,0.21710711
10-10-2023,7,Traditional Ethnic Dress,44,1104.1618,4.640693239,1,0,0,0,76.59265031,0.21710711
10-10-2023,8,Maternity Nursing Dress,27,1104.1618,4.640693239,1,0,0,0,76.59265031,0.21710711
10-10-2023,9,Sporty Athleisure Dress,86,1104.1618,4.640693239,1,0,0,0,76.59265031,0.21710711
10-10-2023,10,Customizable Dress,92,1104.1618,4.640693239,1,0,0,0,76.59265031,0.21710711
11-10-2023,1,Floral Sundress,71,1152.427909,2.692735173,1,0,0,0,87.82879324,0.989129991
11-10-2023,2,Evening Gown,70,1152.427909,2.692735173,1,0,0,0,87.82879324,0.989129991
11-10-2023,3,Business Casual Dress,36,1152.427909,2.692735173,1,0,0,0,87.82879324,0.989129991
11-10-2023,4,Sequin Party Dress,75,1152.427909,2.692735173,1,0,0,0,87.82879324,0.989129991
11-10-2023,5,Summer Maxi Dress,73,1152.427909,2.692735173,1,0,0,0,87.82879324,0.989129991
11-10-2023,6,Bridal Gown,88,1152.427909,2.692735173,1,0,0,0,87.82879324,0.989129991
11-10-2023,7,Traditional Ethnic Dress,10,1152.427909,2.692735173,1,0,0,0,87.82879324,0.989129991
11-10-2023,8,Maternity Nursing Dress,35,1152.427909,2.692735173,1,0,0,0,87.82879324,0.989129991
11-10-2023,9,Sporty Athleisure Dress,77,1152.427909,2.692735173,1,0,0,0,87.82879324,0.989129991
11-10-2023,10,Customizable Dress,81,1152.427909,2.692735173,1,0,0,0,87.82879324,0.989129991
12-10-2023,1,Floral Sundress,87,1475.138268,4.080325584,1,0,0,0,52.56061343,0.387894137
12-10-2023,2,Evening Gown,30,1475.138268,4.080325584,1,0,0,0,52.56061343,0.387894137
12-10-2023,3,Business Casual Dress,14,1475.138268,4.080325584,1,0,0,0,52.56061343,0.387894137
12-10-2023,4,Sequin Party Dress,87,1475.138268,4.080325584,1,0,0,0,52.56061343,0.387894137
12-10-2023,5,Summer Maxi Dress,12,1475.138268,4.080325584,1,0,0,0,52.56061343,0.387894137
12-10-2023,6,Bridal Gown,30,1475.138268,4.080325584,1,0,0,0,52.56061343,0.387894137
12-10-2023,7,Traditional Ethnic Dress,70,1475.138268,4.080325584,1,0,0,0,52.56061343,0.387894137
12-10-2023,8,Maternity Nursing Dress,12,1475.138268,4.080325584,1,0,0,0,52.56061343,0.387894137
12-10-2023,9,Sporty Athleisure Dress,88,1475.138268,4.080325584,1,0,0,0,52.56061343,0.387894137
12-10-2023,10,Customizable Dress,16,1475.138268,4.080325584,1,0,0,0,52.56061343,0.387894137
13-10-2023,1,Floral Sundress,22,1650.433149,1.809923932,0,1,0,0,74.0234472,0.664965351
13-10-2023,2,Evening Gown,12,1650.433149,1.809923932,0,1,0,0,74.0234472,0.664965351
13-10-2023,3,Business Casual Dress,99,1650.433149,1.809923932,0,1,0,0,74.0234472,0.664965351
13-10-2023,4,Sequin Party Dress,86,1650.433149,1.809923932,0,1,0,0,74.0234472,0.664965351
13-10-2023,5,Summer Maxi Dress,39,1650.433149,1.809923932,0,1,0,0,74.0234472,0.664965351
13-10-2023,6,Bridal Gown,30,1650.433149,1.809923932,0,1,0,0,74.0234472,0.664965351
13-10-2023,7,Traditional Ethnic Dress,72,1650.433149,1.809923932,0,1,0,0,74.0234472,0.664965351
13-10-2023,8,Maternity Nursing Dress,56,1650.433149,1.809923932,0,1,0,0,74.0234472,0.664965351
13-10-2023,9,Sporty Athleisure Dress,22,1650.433149,1.809923932,0,1,0,0,74.0234472,0.664965351
13-10-2023,10,Customizable Dress,34,1650.433149,1.809923932,0,1,0,0,74.0234472,0.664965351
14-10-2023,1,Floral Sundress,64,1658.119247,1.608383497,1,0,0,0,71.51783333,0.192661643
14-10-2023,2,Evening Gown,29,1658.119247,1.608383497,1,0,0,0,71.51783333,0.192661643
14-10-2023,3,Business Casual Dress,63,1658.119247,1.608383497,1,0,0,0,71.51783333,0.192661643
14-10-2023,4,Sequin Party Dress,66,1658.119247,1.608383497,1,0,0,0,71.51783333,0.192661643
14-10-2023,5,Summer Maxi Dress,95,1658.119247,1.608383497,1,0,0,0,71.51783333,0.192661643
14-10-2023,6,Bridal Gown,96,1658.119247,1.608383497,1,0,0,0,71.51783333,0.192661643
14-10-2023,7,Traditional Ethnic Dress,52,1658.119247,1.608383497,1,0,0,0,71.51783333,0.192661643
14-10-2023,8,Maternity Nursing Dress,97,1658.119247,1.608383497,1,0,0,0,71.51783333,0.192661643
14-10-2023,9,Sporty Athleisure Dress,98,1658.119247,1.608383497,1,0,0,0,71.51783333,0.192661643
14-10-2023,10,Customizable Dress,76,1658.119247,1.608383497,1,0,0,0,71.51783333,0.192661643
15-10-2023,1,Floral Sundress,81,1956.814376,1.715766732,1,0,0,0,76.06178461,0.82900391
15-10-2023,2,Evening Gown,56,1956.814376,1.715766732,1,0,0,0,76.06178461,0.82900391
15-10-2023,3,Business Casual Dress,34,1956.814376,1.715766732,1,0,0,0,76.06178461,0.82900391
15-10-2023,4,Sequin Party Dress,79,1956.814376,1.715766732,1,0,0,0,76.06178461,0.82900391
15-10-2023,5,Summer Maxi Dress,47,1956.814376,1.715766732,1,0,0,0,76.06178461,0.82900391
15-10-2023,6,Bridal Gown,34,1956.814376,1.715766732,1,0,0,0,76.06178461,0.82900391
15-10-2023,7,Traditional Ethnic Dress,65,1956.814376,1.715766732,1,0,0,0,76.06178461,0.82900391
15-10-2023,8,Maternity Nursing Dress,31,1956.814376,1.715766732,1,0,0,0,76.06178461,0.82900391
15-10-2023,9,Sporty Athleisure Dress,37,1956.814376,1.715766732,1,0,0,0,76.06178461,0.82900391
15-10-2023,10,Customizable Dress,55,1956.814376,1.715766732,1,0,0,0,76.06178461,0.82900391
16-10-2023,1,Floral Sundress,96,1931.104399,4.18746867,1,1,0,0,52.37778139,0.007931413
16-10-2023,2,Evening Gown,34,1931.104399,4.18746867,1,1,0,0,52.37778139,0.007931413
16-10-2023,3,Business Casual Dress,71,1931.104399,4.18746867,1,1,0,0,52.37778139,0.007931413
16-10-2023,4,Sequin Party Dress,33,1931.104399,4.18746867,1,1,0,0,52.37778139,0.007931413
16-10-2023,5,Summer Maxi Dress,61,1931.104399,4.18746867,1,1,0,0,52.37778139,0.007931413
16-10-2023,6,Bridal Gown,48,1931.104399,4.18746867,1,1,0,0,52.37778139,0.007931413
16-10-2023,7,Traditional Ethnic Dress,81,1931.104399,4.18746867,1,1,0,0,52.37778139,0.007931413
16-10-2023,8,Maternity Nursing Dress,53,1931.104399,4.18746867,1,1,0,0,52.37778139,0.007931413
16-10-2023,9,Sporty Athleisure Dress,16,1931.104399,4.18746867,1,1,0,0,52.37778139,0.007931413
16-10-2023,10,Customizable Dress,34,1931.104399,4.18746867,1,1,0,0,52.37778139,0.007931413
17-10-2023,1,Floral Sundress,26,1764.853866,2.389624401,0,1,0,0,85.66905627,0.070180225
17-10-2023,2,Evening Gown,51,1764.853866,2.389624401,0,1,0,0,85.66905627,0.070180225
17-10-2023,3,Business Casual Dress,49,1764.853866,2.389624401,0,1,0,0,85.66905627,0.070180225
17-10-2023,4,Sequin Party Dress,47,1764.853866,2.389624401,0,1,0,0,85.66905627,0.070180225
17-10-2023,5,Summer Maxi Dress,32,1764.853866,2.389624401,0,1,0,0,85.66905627,0.070180225
17-10-2023,6,Bridal Gown,53,1764.853866,2.389624401,0,1,0,0,85.66905627,0.070180225
17-10-2023,7,Traditional Ethnic Dress,40,1764.853866,2.389624401,0,1,0,0,85.66905627,0.070180225
17-10-2023,8,Maternity Nursing Dress,61,1764.853866,2.389624401,0,1,0,0,85.66905627,0.070180225
17-10-2023,9,Sporty Athleisure Dress,74,1764.853866,2.389624401,0,1,0,0,85.66905627,0.070180225
17-10-2023,10,Customizable Dress,84,1764.853866,2.389624401,0,1,0,0,85.66905627,0.070180225
18-10-2023,1,Floral Sundress,72,1038.037135,3.375399861,0,1,0,0,80.83988874,0.201538246
18-10-2023,2,Evening Gown,25,1038.037135,3.375399861,0,1,0,0,80.83988874,0.201538246
18-10-2023,3,Business Casual Dress,44,1038.037135,3.375399861,0,1,0,0,80.83988874,0.201538246
18-10-2023,4,Sequin Party Dress,39,1038.037135,3.375399861,0,1,0,0,80.83988874,0.201538246
18-10-2023,5,Summer Maxi Dress,21,1038.037135,3.375399861,0,1,0,0,80.83988874,0.201538246
18-10-2023,6,Bridal Gown,14,1038.037135,3.375399861,0,1,0,0,80.83988874,0.201538246
18-10-2023,7,Traditional Ethnic Dress,97,1038.037135,3.375399861,0,1,0,0,80.83988874,0.201538246
18-10-2023,8,Maternity Nursing Dress,50,1038.037135,3.375399861,0,1,0,0,80.83988874,0.201538246
18-10-2023,9,Sporty Athleisure Dress,69,1038.037135,3.375399861,0,1,0,0,80.83988874,0.201538246
18-10-2023,10,Customizable Dress,43,1038.037135,3.375399861,0,1,0,0,80.83988874,0.201538246
19-10-2023,1,Floral Sundress,64,1901.820837,1.545610981,0,0,0,0,87.09357009,0.661898811
19-10-2023,2,Evening Gown,13,1901.820837,1.545610981,0,0,0,0,87.09357009,0.661898811
19-10-2023,3,Business Casual Dress,10,1901.820837,1.545610981,0,0,0,0,87.09357009,0.661898811
19-10-2023,4,Sequin Party Dress,66,1901.820837,1.545610981,0,0,0,0,87.09357009,0.661898811
19-10-2023,5,Summer Maxi Dress,38,1901.820837,1.545610981,0,0,0,0,87.09357009,0.661898811
19-10-2023,6,Bridal Gown,56,1901.820837,1.545610981,0,0,0,0,87.09357009,0.661898811
19-10-2023,7,Traditional Ethnic Dress,59,1901.820837,1.545610981,0,0,0,0,87.09357009,0.661898811
19-10-2023,8,Maternity Nursing Dress,61,1901.820837,1.545610981,0,0,0,0,87.09357009,0.661898811
19-10-2023,9,Sporty Athleisure Dress,28,1901.820837,1.545610981,0,0,0,0,87.09357009,0.661898811
19-10-2023,10,Customizable Dress,27,1901.820837,1.545610981,0,0,0,0,87.09357009,0.661898811
20-10-2023,1,Floral Sundress,44,1706.356773,4.33596927,0,1,0,0,63.84970094,0.94002354
20-10-2023,2,Evening Gown,45,1706.356773,4.33596927,0,1,0,0,63.84970094,0.94002354
20-10-2023,3,Business Casual Dress,12,1706.356773,4.33596927,0,1,0,0,63.84970094,0.94002354
20-10-2023,4,Sequin Party Dress,45,1706.356773,4.33596927,0,1,0,0,63.84970094,0.94002354
20-10-2023,5,Summer Maxi Dress,11,1706.356773,4.33596927,0,1,0,0,63.84970094,0.94002354
20-10-2023,6,Bridal Gown,31,1706.356773,4.33596927,0,1,0,0,63.84970094,0.94002354
20-10-2023,7,Traditional Ethnic Dress,12,1706.356773,4.33596927,0,1,0,0,63.84970094,0.94002354
20-10-2023,8,Maternity Nursing Dress,88,1706.356773,4.33596927,0,1,0,0,63.84970094,0.94002354
20-10-2023,9,Sporty Athleisure Dress,46,1706.356773,4.33596927,0,1,0,0,63.84970094,0.94002354
20-10-2023,10,Customizable Dress,67,1706.356773,4.33596927,0,1,0,0,63.84970094,0.94002354
21-10-2023,1,Floral Sundress,30,1736.774888,2.98510122,0,0,0,0,61.48546794,0.959934794
21-10-2023,2,Evening Gown,64,1736.774888,2.98510122,0,0,0,0,61.48546794,0.959934794
21-10-2023,3,Business Casual Dress,55,1736.774888,2.98510122,0,0,0,0,61.48546794,0.959934794
21-10-2023,4,Sequin Party Dress,98,1736.774888,2.98510122,0,0,0,0,61.48546794,0.959934794
21-10-2023,5,Summer Maxi Dress,84,1736.774888,2.98510122,0,0,0,0,61.48546794,0.959934794
21-10-2023,6,Bridal Gown,55,1736.774888,2.98510122,0,0,0,0,61.48546794,0.959934794
21-10-2023,7,Traditional Ethnic Dress,81,1736.774888,2.98510122,0,0,0,0,61.48546794,0.959934794
21-10-2023,8,Maternity Nursing Dress,62,1736.774888,2.98510122,0,0,0,0,61.48546794,0.959934794
21-10-2023,9,Sporty Athleisure Dress,31,1736.774888,2.98510122,0,0,0,0,61.48546794,0.959934794
21-10-2023,10,Customizable Dress,96,1736.774888,2.98510122,0,0,0,0,61.48546794,0.959934794
22-10-2023,1,Floral Sundress,75,1388.637205,1.915786088,0,1,0,0,72.10488912,0.222745137
22-10-2023,2,Evening Gown,60,1388.637205,1.915786088,0,1,0,0,72.10488912,0.222745137
22-10-2023,3,Business Casual Dress,20,1388.637205,1.915786088,0,1,0,0,72.10488912,0.222745137
22-10-2023,4,Sequin Party Dress,55,1388.637205,1.915786088,0,1,0,0,72.10488912,0.222745137
22-10-2023,5,Summer Maxi Dress,18,1388.637205,1.915786088,0,1,0,0,72.10488912,0.222745137
22-10-2023,6,Bridal Gown,74,1388.637205,1.915786088,0,1,0,0,72.10488912,0.222745137
22-10-2023,7,Traditional Ethnic Dress,13,1388.637205,1.915786088,0,1,0,0,72.10488912,0.222745137
22-10-2023,8,Maternity Nursing Dress,88,1388.637205,1.915786088,0,1,0,0,72.10488912,0.222745137
22-10-2023,9,Sporty Athleisure Dress,13,1388.637205,1.915786088,0,1,0,0,72.10488912,0.222745137
22-10-2023,10,Customizable Dress,14,1388.637205,1.915786088,0,1,0,0,72.10488912,0.222745137
23-10-2023,1,Floral Sundress,53,1169.003142,2.618684064,1,1,0,0,57.26458269,0.705857188
23-10-2023,2,Evening Gown,35,1169.003142,2.618684064,1,1,0,0,57.26458269,0.705857188
23-10-2023,3,Business Casual Dress,49,1169.003142,2.618684064,1,1,0,0,57.26458269,0.705857188
23-10-2023,4,Sequin Party Dress,18,1169.003142,2.618684064,1,1,0,0,57.26458269,0.705857188
23-10-2023,5,Summer Maxi Dress,80,1169.003142,2.618684064,1,1,0,0,57.26458269,0.705857188
23-10-2023,6,Bridal Gown,53,1169.003142,2.618684064,1,1,0,0,57.26458269,0.705857188
23-10-2023,7,Traditional Ethnic Dress,84,1169.003142,2.618684064,1,1,0,0,57.26458269,0.705857188
23-10-2023,8,Maternity Nursing Dress,35,1169.003142,2.618684064,1,1,0,0,57.26458269,0.705857188
23-10-2023,9,Sporty Athleisure Dress,97,1169.003142,2.618684064,1,1,0,0,57.26458269,0.705857188
23-10-2023,10,Customizable Dress,84,1169.003142,2.618684064,1,1,0,0,57.26458269,0.705857188
24-10-2023,1,Floral Sundress,78,1817.605536,2.012574823,1,1,0,0,68.47890337,0.880393416
24-10-2023,2,Evening Gown,51,1817.605536,2.012574823,1,1,0,0,68.47890337,0.880393416
24-10-2023,3,Business Casual Dress,47,1817.605536,2.012574823,1,1,0,0,68.47890337,0.880393416
24-10-2023,4,Sequin Party Dress,79,1817.605536,2.012574823,1,1,0,0,68.47890337,0.880393416
24-10-2023,5,Summer Maxi Dress,25,1817.605536,2.012574823,1,1,0,0,68.47890337,0.880393416
24-10-2023,6,Bridal Gown,15,1817.605536,2.012574823,1,1,0,0,68.47890337,0.880393416
24-10-2023,7,Traditional Ethnic Dress,44,1817.605536,2.012574823,1,1,0,0,68.47890337,0.880393416
24-10-2023,8,Maternity Nursing Dress,73,1817.605536,2.012574823,1,1,0,0,68.47890337,0.880393416
24-10-2023,9,Sporty Athleisure Dress,41,1817.605536,2.012574823,1,1,0,0,68.47890337,0.880393416
24-10-2023,10,Customizable Dress,14,1817.605536,2.012574823,1,1,0,0,68.47890337,0.880393416
25-10-2023,1,Floral Sundress,64,1798.357154,1.352445986,0,0,0,0,67.85595891,0.432984959
25-10-2023,2,Evening Gown,36,1798.357154,1.352445986,0,0,0,0,67.85595891,0.432984959
25-10-2023,3,Business Casual Dress,80,1798.357154,1.352445986,0,0,0,0,67.85595891,0.432984959
25-10-2023,4,Sequin Party Dress,84,1798.357154,1.352445986,0,0,0,0,67.85595891,0.432984959
25-10-2023,5,Summer Maxi Dress,69,1798.357154,1.352445986,0,0,0,0,67.85595891,0.432984959
25-10-2023,6,Bridal Gown,11,1798.357154,1.352445986,0,0,0,0,67.85595891,0.432984959
25-10-2023,7,Traditional Ethnic Dress,23,1798.357154,1.352445986,0,0,0,0,67.85595891,0.432984959
25-10-2023,8,Maternity Nursing Dress,61,1798.357154,1.352445986,0,0,0,0,67.85595891,0.432984959
25-10-2023,9,Sporty Athleisure Dress,77,1798.357154,1.352445986,0,0,0,0,67.85595891,0.432984959
25-10-2023,10,Customizable Dress,63,1798.357154,1.352445986,0,0,0,0,67.85595891,0.432984959
26-10-2023,1,Floral Sundress,76,1878.029557,3.26815845,1,1,0,0,63.62972748,0.114182634
26-10-2023,2,Evening Gown,32,1878.029557,3.26815845,1,1,0,0,63.62972748,0.114182634
26-10-2023,3,Business Casual Dress,72,1878.029557,3.26815845,1,1,0,0,63.62972748,0.114182634
26-10-2023,4,Sequin Party Dress,22,1878.029557,3.26815845,1,1,0,0,63.62972748,0.114182634
26-10-2023,5,Summer Maxi Dress,19,1878.029557,3.26815845,1,1,0,0,63.62972748,0.114182634
26-10-2023,6,Bridal Gown,31,1878.029557,3.26815845,1,1,0,0,63.62972748,0.114182634
26-10-2023,7,Traditional Ethnic Dress,52,1878.029557,3.26815845,1,1,0,0,63.62972748,0.114182634
26-10-2023,8,Maternity Nursing Dress,28,1878.029557,3.26815845,1,1,0,0,63.62972748,0.114182634
26-10-2023,9,Sporty Athleisure Dress,70,1878.029557,3.26815845,1,1,0,0,63.62972748,0.114182634
26-10-2023,10,Customizable Dress,76,1878.029557,3.26815845,1,1,0,0,63.62972748,0.114182634
27-10-2023,1,Floral Sundress,79,1713.784589,1.297303583,1,0,0,0,76.06189795,0.815609824
27-10-2023,2,Evening Gown,12,1713.784589,1.297303583,1,0,0,0,76.06189795,0.815609824
27-10-2023,3,Business Casual Dress,80,1713.784589,1.297303583,1,0,0,0,76.06189795,0.815609824
27-10-2023,4,Sequin Party Dress,17,1713.784589,1.297303583,1,0,0,0,76.06189795,0.815609824
27-10-2023,5,Summer Maxi Dress,32,1713.784589,1.297303583,1,0,0,0,76.06189795,0.815609824
27-10-2023,6,Bridal Gown,84,1713.784589,1.297303583,1,0,0,0,76.06189795,0.815609824
27-10-2023,7,Traditional Ethnic Dress,37,1713.784589,1.297303583,1,0,0,0,76.06189795,0.815609824
27-10-2023,8,Maternity Nursing Dress,69,1713.784589,1.297303583,1,0,0,0,76.06189795,0.815609824
27-10-2023,9,Sporty Athleisure Dress,73,1713.784589,1.297303583,1,0,0,0,76.06189795,0.815609824
27-10-2023,10,Customizable Dress,46,1713.784589,1.297303583,1,0,0,0,76.06189795,0.815609824
28-10-2023,1,Floral Sundress,45,1827.760345,1.367434474,1,0,0,0,79.73493292,0.711524832
28-10-2023,2,Evening Gown,53,1827.760345,1.367434474,1,0,0,0,79.73493292,0.711524832
28-10-2023,3,Business Casual Dress,75,1827.760345,1.367434474,1,0,0,0,79.73493292,0.711524832
28-10-2023,4,Sequin Party Dress,12,1827.760345,1.367434474,1,0,0,0,79.73493292,0.711524832
28-10-2023,5,Summer Maxi Dress,52,1827.760345,1.367434474,1,0,0,0,79.73493292,0.711524832
28-10-2023,6,Bridal Gown,78,1827.760345,1.367434474,1,0,0,0,79.73493292,0.711524832
28-10-2023,7,Traditional Ethnic Dress,44,1827.760345,1.367434474,1,0,0,0,79.73493292,0.711524832
28-10-2023,8,Maternity Nursing Dress,33,1827.760345,1.367434474,1,0,0,0,79.73493292,0.711524832
28-10-2023,9,Sporty Athleisure Dress,87,1827.760345,1.367434474,1,0,0,0,79.73493292,0.711524832
28-10-2023,10,Customizable Dress,69,1827.760345,1.367434474,1,0,0,0,79.73493292,0.711524832
29-10-2023,1,Floral Sundress,88,1498.678222,2.612081015,0,0,0,0,89.14948995,0.807147325
29-10-2023,2,Evening Gown,68,1498.678222,2.612081015,0,0,0,0,89.14948995,0.807147325
29-10-2023,3,Business Casual Dress,69,1498.678222,2.612081015,0,0,0,0,89.14948995,0.807147325
29-10-2023,4,Sequin Party Dress,37,1498.678222,2.612081015,0,0,0,0,89.14948995,0.807147325
29-10-2023,5,Summer Maxi Dress,77,1498.678222,2.612081015,0,0,0,0,89.14948995,0.807147325
29-10-2023,6,Bridal Gown,75,1498.678222,2.612081015,0,0,0,0,89.14948995,0.807147325
29-10-2023,7,Traditional Ethnic Dress,61,1498.678222,2.612081015,0,0,0,0,89.14948995,0.807147325
29-10-2023,8,Maternity Nursing Dress,37,1498.678222,2.612081015,0,0,0,0,89.14948995,0.807147325
29-10-2023,9,Sporty Athleisure Dress,94,1498.678222,2.612081015,0,0,0,0,89.14948995,0.807147325
29-10-2023,10,Customizable Dress,19,1498.678222,2.612081015,0,0,0,0,89.14948995,0.807147325
30-10-2023,1,Floral Sundress,42,1400.014744,1.229366589,1,1,0,0,59.33842871,0.528382418
30-10-2023,2,Evening Gown,80,1400.014744,1.229366589,1,1,0,0,59.33842871,0.528382418
30-10-2023,3,Business Casual Dress,58,1400.014744,1.229366589,1,1,0,0,59.33842871,0.528382418
30-10-2023,4,Sequin Party Dress,45,1400.014744,1.229366589,1,1,0,0,59.33842871,0.528382418
30-10-2023,5,Summer Maxi Dress,43,1400.014744,1.229366589,1,1,0,0,59.33842871,0.528382418
30-10-2023,6,Bridal Gown,92,1400.014744,1.229366589,1,1,0,0,59.33842871,0.528382418
30-10-2023,7,Traditional Ethnic Dress,84,1400.014744,1.229366589,1,1,0,0,59.33842871,0.528382418
30-10-2023,8,Maternity Nursing Dress,21,1400.014744,1.229366589,1,1,0,0,59.33842871,0.528382418
30-10-2023,9,Sporty Athleisure Dress,91,1400.014744,1.229366589,1,1,0,0,59.33842871,0.528382418
30-10-2023,10,Customizable Dress,34,1400.014744,1.229366589,1,1,0,0,59.33842871,0.528382418
31-10-2023,1,Floral Sundress,88,1460.381796,1.72144569,1,1,0,0,78.74883236,0.329371507
31-10-2023,2,Evening Gown,28,1460.381796,1.72144569,1,1,0,0,78.74883236,0.329371507
31-10-2023,3,Business Casual Dress,68,1460.381796,1.72144569,1,1,0,0,78.74883236,0.329371507
31-10-2023,4,Sequin Party Dress,72,1460.381796,1.72144569,1,1,0,0,78.74883236,0.329371507
31-10-2023,5,Summer Maxi Dress,93,1460.381796,1.72144569,1,1,0,0,78.74883236,0.329371507
31-10-2023,6,Bridal Gown,69,1460.381796,1.72144569,1,1,0,0,78.74883236,0.329371507
31-10-2023,7,Traditional Ethnic Dress,13,1460.381796,1.72144569,1,1,0,0,78.74883236,0.329371507
31-10-2023,8,Maternity Nursing Dress,81,1460.381796,1.72144569,1,1,0,0,78.74883236,0.329371507
31-10-2023,9,Sporty Athleisure Dress,73,1460.381796,1.72144569,1,1,0,0,78.74883236,0.329371507
31-10-2023,10,Customizable Dress,82,1460.381796,1.72144569,1,1,0,0,78.74883236,0.329371507
01-11-2023,1,Floral Sundress,87,1001.149358,2.073634948,1,1,0,0,86.91472408,0.951165351
01-11-2023,2,Evening Gown,59,1001.149358,2.073634948,1,1,0,0,86.91472408,0.951165351
01-11-2023,3,Business Casual Dress,19,1001.149358,2.073634948,1,1,0,0,86.91472408,0.951165351
01-11-2023,4,Sequin Party Dress,85,1001.149358,2.073634948,1,1,0,0,86.91472408,0.951165351
01-11-2023,5,Summer Maxi Dress,27,1001.149358,2.073634948,1,1,0,0,86.91472408,0.951165351
01-11-2023,6,Bridal Gown,22,1001.149358,2.073634948,1,1,0,0,86.91472408,0.951165351
01-11-2023,7,Traditional Ethnic Dress,21,1001.149358,2.073634948,1,1,0,0,86.91472408,0.951165351
01-11-2023,8,Maternity Nursing Dress,35,1001.149358,2.073634948,1,1,0,0,86.91472408,0.951165351
01-11-2023,9,Sporty Athleisure Dress,53,1001.149358,2.073634948,1,1,0,0,86.91472408,0.951165351
01-11-2023,10,Customizable Dress,33,1001.149358,2.073634948,1,1,0,0,86.91472408,0.951165351
02-11-2023,1,Floral Sundress,45,1968.770898,1.998109244,1,0,0,0,78.41496982,0.234660371
02-11-2023,2,Evening Gown,69,1968.770898,1.998109244,1,0,0,0,78.41496982,0.234660371
02-11-2023,3,Business Casual Dress,54,1968.770898,1.998109244,1,0,0,0,78.41496982,0.234660371
02-11-2023,4,Sequin Party Dress,84,1968.770898,1.998109244,1,0,0,0,78.41496982,0.234660371
02-11-2023,5,Summer Maxi Dress,41,1968.770898,1.998109244,1,0,0,0,78.41496982,0.234660371
02-11-2023,6,Bridal Gown,36,1968.770898,1.998109244,1,0,0,0,78.41496982,0.234660371
02-11-2023,7,Traditional Ethnic Dress,98,1968.770898,1.998109244,1,0,0,0,78.41496982,0.234660371
02-11-2023,8,Maternity Nursing Dress,89,1968.770898,1.998109244,1,0,0,0,78.41496982,0.234660371
02-11-2023,9,Sporty Athleisure Dress,75,1968.770898,1.998109244,1,0,0,0,78.41496982,0.234660371
02-11-2023,10,Customizable Dress,86,1968.770898,1.998109244,1,0,0,0,78.41496982,0.234660371
03-11-2023,1,Floral Sundress,62,1761.178488,3.164888807,0,0,0,0,69.55475752,0.427722579
03-11-2023,2,Evening Gown,21,1761.178488,3.164888807,0,0,0,0,69.55475752,0.427722579
03-11-2023,3,Business Casual Dress,90,1761.178488,3.164888807,0,0,0,0,69.55475752,0.427722579
03-11-2023,4,Sequin Party Dress,69,1761.178488,3.164888807,0,0,0,0,69.55475752,0.427722579
03-11-2023,5,Summer Maxi Dress,97,1761.178488,3.164888807,0,0,0,0,69.55475752,0.427722579
03-11-2023,6,Bridal Gown,37,1761.178488,3.164888807,0,0,0,0,69.55475752,0.427722579
03-11-2023,7,Traditional Ethnic Dress,27,1761.178488,3.164888807,0,0,0,0,69.55475752,0.427722579
03-11-2023,8,Maternity Nursing Dress,99,1761.178488,3.164888807,0,0,0,0,69.55475752,0.427722579
03-11-2023,9,Sporty Athleisure Dress,45,1761.178488,3.164888807,0,0,0,0,69.55475752,0.427722579
03-11-2023,10,Customizable Dress,27,1761.178488,3.164888807,0,0,0,0,69.55475752,0.427722579
04-11-2023,1,Floral Sundress,91,1257.97426,3.385803501,0,1,0,0,89.30359837,0.055880192
04-11-2023,2,Evening Gown,63,1257.97426,3.385803501,0,1,0,0,89.30359837,0.055880192
04-11-2023,3,Business Casual Dress,68,1257.97426,3.385803501,0,1,0,0,89.30359837,0.055880192
04-11-2023,4,Sequin Party Dress,24,1257.97426,3.385803501,0,1,0,0,89.30359837,0.055880192
04-11-2023,5,Summer Maxi Dress,16,1257.97426,3.385803501,0,1,0,0,89.30359837,0.055880192
04-11-2023,6,Bridal Gown,48,1257.97426,3.385803501,0,1,0,0,89.30359837,0.055880192
04-11-2023,7,Traditional Ethnic Dress,75,1257.97426,3.385803501,0,1,0,0,89.30359837,0.055880192
04-11-2023,8,Maternity Nursing Dress,31,1257.97426,3.385803501,0,1,0,0,89.30359837,0.055880192
04-11-2023,9,Sporty Athleisure Dress,54,1257.97426,3.385803501,0,1,0,0,89.30359837,0.055880192
04-11-2023,10,Customizable Dress,65,1257.97426,3.385803501,0,1,0,0,89.30359837,0.055880192
05-11-2023,1,Floral Sundress,43,1742.747031,1.220648504,1,0,0,0,83.21073486,0.56091804
05-11-2023,2,Evening Gown,95,1742.747031,1.220648504,1,0,0,0,83.21073486,0.56091804
05-11-2023,3,Business Casual Dress,30,1742.747031,1.220648504,1,0,0,0,83.21073486,0.56091804
05-11-2023,4,Sequin Party Dress,21,1742.747031,1.220648504,1,0,0,0,83.21073486,0.56091804
05-11-2023,5,Summer Maxi Dress,50,1742.747031,1.220648504,1,0,0,0,83.21073486,0.56091804
05-11-2023,6,Bridal Gown,13,1742.747031,1.220648504,1,0,0,0,83.21073486,0.56091804
05-11-2023,7,Traditional Ethnic Dress,84,1742.747031,1.220648504,1,0,0,0,83.21073486,0.56091804
05-11-2023,8,Maternity Nursing Dress,41,1742.747031,1.220648504,1,0,0,0,83.21073486,0.56091804
05-11-2023,9,Sporty Athleisure Dress,94,1742.747031,1.220648504,1,0,0,0,83.21073486,0.56091804
05-11-2023,10,Customizable Dress,14,1742.747031,1.220648504,1,0,0,0,83.21073486,0.56091804
06-11-2023,1,Floral Sundress,59,1295.039724,2.522173491,0,0,0,0,65.12659524,0.762103473
06-11-2023,2,Evening Gown,74,1295.039724,2.522173491,0,0,0,0,65.12659524,0.762103473
06-11-2023,3,Business Casual Dress,26,1295.039724,2.522173491,0,0,0,0,65.12659524,0.762103473
06-11-2023,4,Sequin Party Dress,46,1295.039724,2.522173491,0,0,0,0,65.12659524,0.762103473
06-11-2023,5,Summer Maxi Dress,90,1295.039724,2.522173491,0,0,0,0,65.12659524,0.762103473
06-11-2023,6,Bridal Gown,15,1295.039724,2.522173491,0,0,0,0,65.12659524,0.762103473
06-11-2023,7,Traditional Ethnic Dress,72,1295.039724,2.522173491,0,0,0,0,65.12659524,0.762103473
06-11-2023,8,Maternity Nursing Dress,78,1295.039724,2.522173491,0,0,0,0,65.12659524,0.762103473
06-11-2023,9,Sporty Athleisure Dress,32,1295.039724,2.522173491,0,0,0,0,65.12659524,0.762103473
06-11-2023,10,Customizable Dress,26,1295.039724,2.522173491,0,0,0,0,65.12659524,0.762103473
07-11-2023,1,Floral Sundress,12,1481.837101,1.359802196,1,1,0,0,74.14094756,0.430264679
07-11-2023,2,Evening Gown,19,1481.837101,1.359802196,1,1,0,0,74.14094756,0.430264679
07-11-2023,3,Business Casual Dress,38,1481.837101,1.359802196,1,1,0,0,74.14094756,0.430264679
07-11-2023,4,Sequin Party Dress,50,1481.837101,1.359802196,1,1,0,0,74.14094756,0.430264679
07-11-2023,5,Summer Maxi Dress,79,1481.837101,1.359802196,1,1,0,0,74.14094756,0.430264679
07-11-2023,6,Bridal Gown,31,1481.837101,1.359802196,1,1,0,0,74.14094756,0.430264679
07-11-2023,7,Traditional Ethnic Dress,54,1481.837101,1.359802196,1,1,0,0,74.14094756,0.430264679
07-11-2023,8,Maternity Nursing Dress,40,1481.837101,1.359802196,1,1,0,0,74.14094756,0.430264679
07-11-2023,9,Sporty Athleisure Dress,88,1481.837101,1.359802196,1,1,0,0,74.14094756,0.430264679
07-11-2023,10,Customizable Dress,31,1481.837101,1.359802196,1,1,0,0,74.14094756,0.430264679
08-11-2023,1,Floral Sundress,50,1021.818669,4.8233646,0,0,0,0,51.2631173,0.303145765
08-11-2023,2,Evening Gown,19,1021.818669,4.8233646,0,0,0,0,51.2631173,0.303145765
08-11-2023,3,Business Casual Dress,69,1021.818669,4.8233646,0,0,0,0,51.2631173,0.303145765
08-11-2023,4,Sequin Party Dress,16,1021.818669,4.8233646,0,0,0,0,51.2631173,0.303145765
08-11-2023,5,Summer Maxi Dress,51,1021.818669,4.8233646,0,0,0,0,51.2631173,0.303145765
08-11-2023,6,Bridal Gown,68,1021.818669,4.8233646,0,0,0,0,51.2631173,0.303145765
08-11-2023,7,Traditional Ethnic Dress,74,1021.818669,4.8233646,0,0,0,0,51.2631173,0.303145765
08-11-2023,8,Maternity Nursing Dress,10,1021.818669,4.8233646,0,0,0,0,51.2631173,0.303145765
08-11-2023,9,Sporty Athleisure Dress,84,1021.818669,4.8233646,0,0,0,0,51.2631173,0.303145765
08-11-2023,10,Customizable Dress,47,1021.818669,4.8233646,0,0,0,0,51.2631173,0.303145765
09-11-2023,1,Floral Sundress,78,1353.07608,3.310751709,0,1,0,0,61.1045196,0.478858581
09-11-2023,2,Evening Gown,96,1353.07608,3.310751709,0,1,0,0,61.1045196,0.478858581
09-11-2023,3,Business Casual Dress,20,1353.07608,3.310751709,0,1,0,0,61.1045196,0.478858581
09-11-2023,4,Sequin Party Dress,93,1353.07608,3.310751709,0,1,0,0,61.1045196,0.478858581
09-11-2023,5,Summer Maxi Dress,39,1353.07608,3.310751709,0,1,0,0,61.1045196,0.478858581
09-11-2023,6,Bridal Gown,65,1353.07608,3.310751709,0,1,0,0,61.1045196,0.478858581
09-11-2023,7,Traditional Ethnic Dress,23,1353.07608,3.310751709,0,1,0,0,61.1045196,0.478858581
09-11-2023,8,Maternity Nursing Dress,29,1353.07608,3.310751709,0,1,0,0,61.1045196,0.478858581
09-11-2023,9,Sporty Athleisure Dress,28,1353.07608,3.310751709,0,1,0,0,61.1045196,0.478858581
09-11-2023,10,Customizable Dress,50,1353.07608,3.310751709,0,1,0,0,61.1045196,0.478858581
10-11-2023,1,Floral Sundress,44,1230.023816,3.001868014,0,0,0,0,70.42370436,0.02461405
10-11-2023,2,Evening Gown,12,1230.023816,3.001868014,0,0,0,0,70.42370436,0.02461405
10-11-2023,3,Business Casual Dress,75,1230.023816,3.001868014,0,0,0,0,70.42370436,0.02461405
10-11-2023,4,Sequin Party Dress,99,1230.023816,3.001868014,0,0,0,0,70.42370436,0.02461405
10-11-2023,5,Summer Maxi Dress,45,1230.023816,3.001868014,0,0,0,0,70.42370436,0.02461405
10-11-2023,6,Bridal Gown,28,1230.023816,3.001868014,0,0,0,0,70.42370436,0.02461405
10-11-2023,7,Traditional Ethnic Dress,64,1230.023816,3.001868014,0,0,0,0,70.42370436,0.02461405
10-11-2023,8,Maternity Nursing Dress,89,1230.023816,3.001868014,0,0,0,0,70.42370436,0.02461405
10-11-2023,9,Sporty Athleisure Dress,88,1230.023816,3.001868014,0,0,0,0,70.42370436,0.02461405
10-11-2023,10,Customizable Dress,71,1230.023816,3.001868014,0,0,0,0,70.42370436,0.02461405
11-11-2023,1,Floral Sundress,49,1854.677282,2.07483497,0,0,0,0,54.66441976,0.278393495
11-11-2023,2,Evening Gown,71,1854.677282,2.07483497,0,0,0,0,54.66441976,0.278393495
11-11-2023,3,Business Casual Dress,57,1854.677282,2.07483497,0,0,0,0,54.66441976,0.278393495
11-11-2023,4,Sequin Party Dress,72,1854.677282,2.07483497,0,0,0,0,54.66441976,0.278393495
11-11-2023,5,Summer Maxi Dress,36,1854.677282,2.07483497,0,0,0,0,54.66441976,0.278393495
11-11-2023,6,Bridal Gown,19,1854.677282,2.07483497,0,0,0,0,54.66441976,0.278393495
11-11-2023,7,Traditional Ethnic Dress,22,1854.677282,2.07483497,0,0,0,0,54.66441976,0.278393495
11-11-2023,8,Maternity Nursing Dress,76,1854.677282,2.07483497,0,0,0,0,54.66441976,0.278393495
11-11-2023,9,Sporty Athleisure Dress,58,1854.677282,2.07483497,0,0,0,0,54.66441976,0.278393495
11-11-2023,10,Customizable Dress,36,1854.677282,2.07483497,0,0,0,0,54.66441976,0.278393495
12-11-2023,1,Floral Sundress,27,1764.738448,4.274451554,1,1,0,0,77.71124765,0.947518706
12-11-2023,2,Evening Gown,41,1764.738448,4.274451554,1,1,0,0,77.71124765,0.947518706
12-11-2023,3,Business Casual Dress,10,1764.738448,4.274451554,1,1,0,0,77.71124765,0.947518706
12-11-2023,4,Sequin Party Dress,25,1764.738448,4.274451554,1,1,0,0,77.71124765,0.947518706
12-11-2023,5,Summer Maxi Dress,35,1764.738448,4.274451554,1,1,0,0,77.71124765,0.947518706
12-11-2023,6,Bridal Gown,71,1764.738448,4.274451554,1,1,0,0,77.71124765,0.947518706
12-11-2023,7,Traditional Ethnic Dress,15,1764.738448,4.274451554,1,1,0,0,77.71124765,0.947518706
12-11-2023,8,Maternity Nursing Dress,40,1764.738448,4.274451554,1,1,0,0,77.71124765,0.947518706
12-11-2023,9,Sporty Athleisure Dress,23,1764.738448,4.274451554,1,1,0,0,77.71124765,0.947518706
12-11-2023,10,Customizable Dress,26,1764.738448,4.274451554,1,1,0,0,77.71124765,0.947518706
13-11-2023,1,Floral Sundress,59,1730.568739,1.582313423,0,1,0,0,57.05850757,0.864756346
13-11-2023,2,Evening Gown,22,1730.568739,1.582313423,0,1,0,0,57.05850757,0.864756346
13-11-2023,3,Business Casual Dress,74,1730.568739,1.582313423,0,1,0,0,57.05850757,0.864756346
13-11-2023,4,Sequin Party Dress,56,1730.568739,1.582313423,0,1,0,0,57.05850757,0.864756346
13-11-2023,5,Summer Maxi Dress,32,1730.568739,1.582313423,0,1,0,0,57.05850757,0.864756346
13-11-2023,6,Bridal Gown,66,1730.568739,1.582313423,0,1,0,0,57.05850757,0.864756346
13-11-2023,7,Traditional Ethnic Dress,26,1730.568739,1.582313423,0,1,0,0,57.05850757,0.864756346
13-11-2023,8,Maternity Nursing Dress,15,1730.568739,1.582313423,0,1,0,0,57.05850757,0.864756346
13-11-2023,9,Sporty Athleisure Dress,93,1730.568739,1.582313423,0,1,0,0,57.05850757,0.864756346
13-11-2023,10,Customizable Dress,89,1730.568739,1.582313423,0,1,0,0,57.05850757,0.864756346
14-11-2023,1,Floral Sundress,49,1309.104235,2.121059058,1,1,0,0,64.19710645,0.809072761
14-11-2023,2,Evening Gown,11,1309.104235,2.121059058,1,1,0,0,64.19710645,0.809072761
14-11-2023,3,Business Casual Dress,27,1309.104235,2.121059058,1,1,0,0,64.19710645,0.809072761
14-11-2023,4,Sequin Party Dress,36,1309.104235,2.121059058,1,1,0,0,64.19710645,0.809072761
14-11-2023,5,Summer Maxi Dress,16,1309.104235,2.121059058,1,1,0,0,64.19710645,0.809072761
14-11-2023,6,Bridal Gown,77,1309.104235,2.121059058,1,1,0,0,64.19710645,0.809072761
14-11-2023,7,Traditional Ethnic Dress,34,1309.104235,2.121059058,1,1,0,0,64.19710645,0.809072761
14-11-2023,8,Maternity Nursing Dress,24,1309.104235,2.121059058,1,1,0,0,64.19710645,0.809072761
14-11-2023,9,Sporty Athleisure Dress,17,1309.104235,2.121059058,1,1,0,0,64.19710645,0.809072761
14-11-2023,10,Customizable Dress,92,1309.104235,2.121059058,1,1,0,0,64.19710645,0.809072761
15-11-2023,1,Floral Sundress,70,1476.883158,4.840840956,1,1,0,0,52.28007679,0.210367689
15-11-2023,2,Evening Gown,81,1476.883158,4.840840956,1,1,0,0,52.28007679,0.210367689
15-11-2023,3,Business Casual Dress,43,1476.883158,4.840840956,1,1,0,0,52.28007679,0.210367689
15-11-2023,4,Sequin Party Dress,49,1476.883158,4.840840956,1,1,0,0,52.28007679,0.210367689
15-11-2023,5,Summer Maxi Dress,84,1476.883158,4.840840956,1,1,0,0,52.28007679,0.210367689
15-11-2023,6,Bridal Gown,28,1476.883158,4.840840956,1,1,0,0,52.28007679,0.210367689
15-11-2023,7,Traditional Ethnic Dress,67,1476.883158,4.840840956,1,1,0,0,52.28007679,0.210367689
15-11-2023,8,Maternity Nursing Dress,54,1476.883158,4.840840956,1,1,0,0,52.28007679,0.210367689
15-11-2023,9,Sporty Athleisure Dress,73,1476.883158,4.840840956,1,1,0,0,52.28007679,0.210367689
15-11-2023,10,Customizable Dress,31,1476.883158,4.840840956,1,1,0,0,52.28007679,0.210367689
16-11-2023,1,Floral Sundress,44,1010.924059,3.65465922,0,1,0,0,87.40712976,0.662021236
16-11-2023,2,Evening Gown,63,1010.924059,3.65465922,0,1,0,0,87.40712976,0.662021236
16-11-2023,3,Business Casual Dress,63,1010.924059,3.65465922,0,1,0,0,87.40712976,0.662021236
16-11-2023,4,Sequin Party Dress,62,1010.924059,3.65465922,0,1,0,0,87.40712976,0.662021236
16-11-2023,5,Summer Maxi Dress,55,1010.924059,3.65465922,0,1,0,0,87.40712976,0.662021236
16-11-2023,6,Bridal Gown,35,1010.924059,3.65465922,0,1,0,0,87.40712976,0.662021236
16-11-2023,7,Traditional Ethnic Dress,31,1010.924059,3.65465922,0,1,0,0,87.40712976,0.662021236
16-11-2023,8,Maternity Nursing Dress,85,1010.924059,3.65465922,0,1,0,0,87.40712976,0.662021236
16-11-2023,9,Sporty Athleisure Dress,43,1010.924059,3.65465922,0,1,0,0,87.40712976,0.662021236
16-11-2023,10,Customizable Dress,79,1010.924059,3.65465922,0,1,0,0,87.40712976,0.662021236
17-11-2023,1,Floral Sundress,16,1754.257031,3.027366571,0,1,0,0,70.80000417,0.134906994
17-11-2023,2,Evening Gown,43,1754.257031,3.027366571,0,1,0,0,70.80000417,0.134906994
17-11-2023,3,Business Casual Dress,90,1754.257031,3.027366571,0,1,0,0,70.80000417,0.134906994
17-11-2023,4,Sequin Party Dress,45,1754.257031,3.027366571,0,1,0,0,70.80000417,0.134906994
17-11-2023,5,Summer Maxi Dress,76,1754.257031,3.027366571,0,1,0,0,70.80000417,0.134906994
17-11-2023,6,Bridal Gown,17,1754.257031,3.027366571,0,1,0,0,70.80000417,0.134906994
17-11-2023,7,Traditional Ethnic Dress,51,1754.257031,3.027366571,0,1,0,0,70.80000417,0.134906994
17-11-2023,8,Maternity Nursing Dress,26,1754.257031,3.027366571,0,1,0,0,70.80000417,0.134906994
17-11-2023,9,Sporty Athleisure Dress,30,1754.257031,3.027366571,0,1,0,0,70.80000417,0.134906994
17-11-2023,10,Customizable Dress,36,1754.257031,3.027366571,0,1,0,0,70.80000417,0.134906994
18-11-2023,1,Floral Sundress,29,1761.261754,1.650749116,0,0,0,0,50.00575255,0.5279128
18-11-2023,2,Evening Gown,71,1761.261754,1.650749116,0,0,0,0,50.00575255,0.5279128
18-11-2023,3,Business Casual Dress,54,1761.261754,1.650749116,0,0,0,0,50.00575255,0.5279128
18-11-2023,4,Sequin Party Dress,25,1761.261754,1.650749116,0,0,0,0,50.00575255,0.5279128
18-11-2023,5,Summer Maxi Dress,66,1761.261754,1.650749116,0,0,0,0,50.00575255,0.5279128
18-11-2023,6,Bridal Gown,43,1761.261754,1.650749116,0,0,0,0,50.00575255,0.5279128
18-11-2023,7,Traditional Ethnic Dress,48,1761.261754,1.650749116,0,0,0,0,50.00575255,0.5279128
18-11-2023,8,Maternity Nursing Dress,26,1761.261754,1.650749116,0,0,0,0,50.00575255,0.5279128
18-11-2023,9,Sporty Athleisure Dress,49,1761.261754,1.650749116,0,0,0,0,50.00575255,0.5279128
18-11-2023,10,Customizable Dress,49,1761.261754,1.650749116,0,0,0,0,50.00575255,0.5279128
19-11-2023,1,Floral Sundress,28,1870.176939,1.340599465,0,0,0,0,75.95708518,0.519012797
19-11-2023,2,Evening Gown,99,1870.176939,1.340599465,0,0,0,0,75.95708518,0.519012797
19-11-2023,3,Business Casual Dress,81,1870.176939,1.340599465,0,0,0,0,75.95708518,0.519012797
19-11-2023,4,Sequin Party Dress,78,1870.176939,1.340599465,0,0,0,0,75.95708518,0.519012797
19-11-2023,5,Summer Maxi Dress,55,1870.176939,1.340599465,0,0,0,0,75.95708518,0.519012797
19-11-2023,6,Bridal Gown,72,1870.176939,1.340599465,0,0,0,0,75.95708518,0.519012797
19-11-2023,7,Traditional Ethnic Dress,95,1870.176939,1.340599465,0,0,0,0,75.95708518,0.519012797
19-11-2023,8,Maternity Nursing Dress,76,1870.176939,1.340599465,0,0,0,0,75.95708518,0.519012797
19-11-2023,9,Sporty Athleisure Dress,59,1870.176939,1.340599465,0,0,0,0,75.95708518,0.519012797
19-11-2023,10,Customizable Dress,66,1870.176939,1.340599465,0,0,0,0,75.95708518,0.519012797
20-11-2023,1,Floral Sundress,94,1948.107008,4.300865141,1,0,0,0,63.12064327,0.633445402
20-11-2023,2,Evening Gown,70,1948.107008,4.300865141,1,0,0,0,63.12064327,0.633445402
20-11-2023,3,Business Casual Dress,94,1948.107008,4.300865141,1,0,0,0,63.12064327,0.633445402
20-11-2023,4,Sequin Party Dress,98,1948.107008,4.300865141,1,0,0,0,63.12064327,0.633445402
20-11-2023,5,Summer Maxi Dress,26,1948.107008,4.300865141,1,0,0,0,63.12064327,0.633445402
20-11-2023,6,Bridal Gown,44,1948.107008,4.300865141,1,0,0,0,63.12064327,0.633445402
20-11-2023,7,Traditional Ethnic Dress,19,1948.107008,4.300865141,1,0,0,0,63.12064327,0.633445402
20-11-2023,8,Maternity Nursing Dress,26,1948.107008,4.300865141,1,0,0,0,63.12064327,0.633445402
20-11-2023,9,Sporty Athleisure Dress,38,1948.107008,4.300865141,1,0,0,0,63.12064327,0.633445402
20-11-2023,10,Customizable Dress,85,1948.107008,4.300865141,1,0,0,0,63.12064327,0.633445402
21-11-2023,1,Floral Sundress,61,1841.146349,4.922335851,0,1,0,0,73.14930334,0.723732683
21-11-2023,2,Evening Gown,93,1841.146349,4.922335851,0,1,0,0,73.14930334,0.723732683
21-11-2023,3,Business Casual Dress,54,1841.146349,4.922335851,0,1,0,0,73.14930334,0.723732683
21-11-2023,4,Sequin Party Dress,97,1841.146349,4.922335851,0,1,0,0,73.14930334,0.723732683
21-11-2023,5,Summer Maxi Dress,39,1841.146349,4.922335851,0,1,0,0,73.14930334,0.723732683
21-11-2023,6,Bridal Gown,33,1841.146349,4.922335851,0,1,0,0,73.14930334,0.723732683
21-11-2023,7,Traditional Ethnic Dress,61,1841.146349,4.922335851,0,1,0,0,73.14930334,0.723732683
21-11-2023,8,Maternity Nursing Dress,42,1841.146349,4.922335851,0,1,0,0,73.14930334,0.723732683
21-11-2023,9,Sporty Athleisure Dress,16,1841.146349,4.922335851,0,1,0,0,73.14930334,0.723732683
21-11-2023,10,Customizable Dress,90,1841.146349,4.922335851,0,1,0,0,73.14930334,0.723732683
22-11-2023,1,Floral Sundress,53,1910.825729,1.693120188,1,1,0,0,81.18185182,0.056404237
22-11-2023,2,Evening Gown,54,1910.825729,1.693120188,1,1,0,0,81.18185182,0.056404237
22-11-2023,3,Business Casual Dress,98,1910.825729,1.693120188,1,1,0,0,81.18185182,0.056404237
22-11-2023,4,Sequin Party Dress,54,1910.825729,1.693120188,1,1,0,0,81.18185182,0.056404237
22-11-2023,5,Summer Maxi Dress,20,1910.825729,1.693120188,1,1,0,0,81.18185182,0.056404237
22-11-2023,6,Bridal Gown,40,1910.825729,1.693120188,1,1,0,0,81.18185182,0.056404237
22-11-2023,7,Traditional Ethnic Dress,57,1910.825729,1.693120188,1,1,0,0,81.18185182,0.056404237
22-11-2023,8,Maternity Nursing Dress,69,1910.825729,1.693120188,1,1,0,0,81.18185182,0.056404237
22-11-2023,9,Sporty Athleisure Dress,86,1910.825729,1.693120188,1,1,0,0,81.18185182,0.056404237
22-11-2023,10,Customizable Dress,54,1910.825729,1.693120188,1,1,0,0,81.18185182,0.056404237
23-11-2023,1,Floral Sundress,73,1319.865451,4.045236469,0,0,0,0,50.70027918,0.039112157
23-11-2023,2,Evening Gown,80,1319.865451,4.045236469,0,0,0,0,50.70027918,0.039112157
23-11-2023,3,Business Casual Dress,90,1319.865451,4.045236469,0,0,0,0,50.70027918,0.039112157
23-11-2023,4,Sequin Party Dress,26,1319.865451,4.045236469,0,0,0,0,50.70027918,0.039112157
23-11-2023,5,Summer Maxi Dress,51,1319.865451,4.045236469,0,0,0,0,50.70027918,0.039112157
23-11-2023,6,Bridal Gown,19,1319.865451,4.045236469,0,0,0,0,50.70027918,0.039112157
23-11-2023,7,Traditional Ethnic Dress,72,1319.865451,4.045236469,0,0,0,0,50.70027918,0.039112157
23-11-2023,8,Maternity Nursing Dress,84,1319.865451,4.045236469,0,0,0,0,50.70027918,0.039112157
23-11-2023,9,Sporty Athleisure Dress,81,1319.865451,4.045236469,0,0,0,0,50.70027918,0.039112157
23-11-2023,10,Customizable Dress,45,1319.865451,4.045236469,0,0,0,0,50.70027918,0.039112157
24-11-2023,1,Floral Sundress,14,1591.805156,4.384830989,0,0,0,0,58.19469731,0.816602557
24-11-2023,2,Evening Gown,70,1591.805156,4.384830989,0,0,0,0,58.19469731,0.816602557
24-11-2023,3,Business Casual Dress,35,1591.805156,4.384830989,0,0,0,0,58.19469731,0.816602557
24-11-2023,4,Sequin Party Dress,64,1591.805156,4.384830989,0,0,0,0,58.19469731,0.816602557
24-11-2023,5,Summer Maxi Dress,84,1591.805156,4.384830989,0,0,0,0,58.19469731,0.816602557
24-11-2023,6,Bridal Gown,91,1591.805156,4.384830989,0,0,0,0,58.19469731,0.816602557
24-11-2023,7,Traditional Ethnic Dress,93,1591.805156,4.384830989,0,0,0,0,58.19469731,0.816602557
24-11-2023,8,Maternity Nursing Dress,42,1591.805156,4.384830989,0,0,0,0,58.19469731,0.816602557
24-11-2023,9,Sporty Athleisure Dress,89,1591.805156,4.384830989,0,0,0,0,58.19469731,0.816602557
24-11-2023,10,Customizable Dress,79,1591.805156,4.384830989,0,0,0,0,58.19469731,0.816602557
25-11-2023,1,Floral Sundress,67,1075.193383,2.284204436,1,1,0,0,84.0375451,0.05445014
25-11-2023,2,Evening Gown,99,1075.193383,2.284204436,1,1,0,0,84.0375451,0.05445014
25-11-2023,3,Business Casual Dress,35,1075.193383,2.284204436,1,1,0,0,84.0375451,0.05445014
25-11-2023,4,Sequin Party Dress,90,1075.193383,2.284204436,1,1,0,0,84.0375451,0.05445014
25-11-2023,5,Summer Maxi Dress,89,1075.193383,2.284204436,1,1,0,0,84.0375451,0.05445014
25-11-2023,6,Bridal Gown,97,1075.193383,2.284204436,1,1,0,0,84.0375451,0.05445014
25-11-2023,7,Traditional Ethnic Dress,54,1075.193383,2.284204436,1,1,0,0,84.0375451,0.05445014
25-11-2023,8,Maternity Nursing Dress,59,1075.193383,2.284204436,1,1,0,0,84.0375451,0.05445014
25-11-2023,9,Sporty Athleisure Dress,26,1075.193383,2.284204436,1,1,0,0,84.0375451,0.05445014
25-11-2023,10,Customizable Dress,65,1075.193383,2.284204436,1,1,0,0,84.0375451,0.05445014
26-11-2023,1,Floral Sundress,30,1736.662566,3.200982807,1,1,0,0,66.50056179,0.098544284
26-11-2023,2,Evening Gown,79,1736.662566,3.200982807,1,1,0,0,66.50056179,0.098544284
26-11-2023,3,Business Casual Dress,51,1736.662566,3.200982807,1,1,0,0,66.50056179,0.098544284
26-11-2023,4,Sequin Party Dress,70,1736.662566,3.200982807,1,1,0,0,66.50056179,0.098544284
26-11-2023,5,Summer Maxi Dress,60,1736.662566,3.200982807,1,1,0,0,66.50056179,0.098544284
26-11-2023,6,Bridal Gown,30,1736.662566,3.200982807,1,1,0,0,66.50056179,0.098544284
26-11-2023,7,Traditional Ethnic Dress,38,1736.662566,3.200982807,1,1,0,0,66.50056179,0.098544284
26-11-2023,8,Maternity Nursing Dress,72,1736.662566,3.200982807,1,1,0,0,66.50056179,0.098544284
26-11-2023,9,Sporty Athleisure Dress,97,1736.662566,3.200982807,1,1,0,0,66.50056179,0.098544284
26-11-2023,10,Customizable Dress,22,1736.662566,3.200982807,1,1,0,0,66.50056179,0.098544284
27-11-2023,1,Floral Sundress,71,1488.113787,3.701924742,1,0,0,0,51.08681582,0.002177438
27-11-2023,2,Evening Gown,81,1488.113787,3.701924742,1,0,0,0,51.08681582,0.002177438
27-11-2023,3,Business Casual Dress,25,1488.113787,3.701924742,1,0,0,0,51.08681582,0.002177438
27-11-2023,4,Sequin Party Dress,58,1488.113787,3.701924742,1,0,0,0,51.08681582,0.002177438
27-11-2023,5,Summer Maxi Dress,12,1488.113787,3.701924742,1,0,0,0,51.08681582,0.002177438
27-11-2023,6,Bridal Gown,53,1488.113787,3.701924742,1,0,0,0,51.08681582,0.002177438
27-11-2023,7,Traditional Ethnic Dress,77,1488.113787,3.701924742,1,0,0,0,51.08681582,0.002177438
27-11-2023,8,Maternity Nursing Dress,43,1488.113787,3.701924742,1,0,0,0,51.08681582,0.002177438
27-11-2023,9,Sporty Athleisure Dress,13,1488.113787,3.701924742,1,0,0,0,51.08681582,0.002177438
27-11-2023,10,Customizable Dress,81,1488.113787,3.701924742,1,0,0,0,51.08681582,0.002177438
28-11-2023,1,Floral Sundress,87,1179.314416,4.824670655,0,1,0,0,74.66253477,0.078056026
28-11-2023,2,Evening Gown,82,1179.314416,4.824670655,0,1,0,0,74.66253477,0.078056026
28-11-2023,3,Business Casual Dress,82,1179.314416,4.824670655,0,1,0,0,74.66253477,0.078056026
28-11-2023,4,Sequin Party Dress,87,1179.314416,4.824670655,0,1,0,0,74.66253477,0.078056026
28-11-2023,5,Summer Maxi Dress,56,1179.314416,4.824670655,0,1,0,0,74.66253477,0.078056026
28-11-2023,6,Bridal Gown,51,1179.314416,4.824670655,0,1,0,0,74.66253477,0.078056026
28-11-2023,7,Traditional Ethnic Dress,30,1179.314416,4.824670655,0,1,0,0,74.66253477,0.078056026
28-11-2023,8,Maternity Nursing Dress,56,1179.314416,4.824670655,0,1,0,0,74.66253477,0.078056026
28-11-2023,9,Sporty Athleisure Dress,98,1179.314416,4.824670655,0,1,0,0,74.66253477,0.078056026
28-11-2023,10,Customizable Dress,97,1179.314416,4.824670655,0,1,0,0,74.66253477,0.078056026
29-11-2023,1,Floral Sundress,78,1264.210669,3.812182673,1,0,0,0,88.77611273,0.391227378
29-11-2023,2,Evening Gown,12,1264.210669,3.812182673,1,0,0,0,88.77611273,0.391227378
29-11-2023,3,Business Casual Dress,96,1264.210669,3.812182673,1,0,0,0,88.77611273,0.391227378
29-11-2023,4,Sequin Party Dress,53,1264.210669,3.812182673,1,0,0,0,88.77611273,0.391227378
29-11-2023,5,Summer Maxi Dress,12,1264.210669,3.812182673,1,0,0,0,88.77611273,0.391227378
29-11-2023,6,Bridal Gown,44,1264.210669,3.812182673,1,0,0,0,88.77611273,0.391227378
29-11-2023,7,Traditional Ethnic Dress,20,1264.210669,3.812182673,1,0,0,0,88.77611273,0.391227378
29-11-2023,8,Maternity Nursing Dress,85,1264.210669,3.812182673,1,0,0,0,88.77611273,0.391227378
29-11-2023,9,Sporty Athleisure Dress,71,1264.210669,3.812182673,1,0,0,0,88.77611273,0.391227378
29-11-2023,10,Customizable Dress,59,1264.210669,3.812182673,1,0,0,0,88.77611273,0.391227378
30-11-2023,1,Floral Sundress,76,1644.16203,3.382450114,0,0,0,0,69.21799914,0.974474385
30-11-2023,2,Evening Gown,47,1644.16203,3.382450114,0,0,0,0,69.21799914,0.974474385
30-11-2023,3,Business Casual Dress,23,1644.16203,3.382450114,0,0,0,0,69.21799914,0.974474385
30-11-2023,4,Sequin Party Dress,43,1644.16203,3.382450114,0,0,0,0,69.21799914,0.974474385
30-11-2023,5,Summer Maxi Dress,26,1644.16203,3.382450114,0,0,0,0,69.21799914,0.974474385
30-11-2023,6,Bridal Gown,60,1644.16203,3.382450114,0,0,0,0,69.21799914,0.974474385
30-11-2023,7,Traditional Ethnic Dress,10,1644.16203,3.382450114,0,0,0,0,69.21799914,0.974474385
30-11-2023,8,Maternity Nursing Dress,85,1644.16203,3.382450114,0,0,0,0,69.21799914,0.974474385
30-11-2023,9,Sporty Athleisure Dress,28,1644.16203,3.382450114,0,0,0,0,69.21799914,0.974474385
30-11-2023,10,Customizable Dress,95,1644.16203,3.382450114,0,0,0,0,69.21799914,0.974474385
01-12-2023,1,Floral Sundress,95,1802.240673,3.610184594,1,1,0,0,54.80729231,0.973016559
01-12-2023,2,Evening Gown,55,1802.240673,3.610184594,1,1,0,0,54.80729231,0.973016559
01-12-2023,3,Business Casual Dress,60,1802.240673,3.610184594,1,1,0,0,54.80729231,0.973016559
01-12-2023,4,Sequin Party Dress,56,1802.240673,3.610184594,1,1,0,0,54.80729231,0.973016559
01-12-2023,5,Summer Maxi Dress,93,1802.240673,3.610184594,1,1,0,0,54.80729231,0.973016559
01-12-2023,6,Bridal Gown,71,1802.240673,3.610184594,1,1,0,0,54.80729231,0.973016559
01-12-2023,7,Traditional Ethnic Dress,26,1802.240673,3.610184594,1,1,0,0,54.80729231,0.973016559
01-12-2023,8,Maternity Nursing Dress,37,1802.240673,3.610184594,1,1,0,0,54.80729231,0.973016559
01-12-2023,9,Sporty Athleisure Dress,94,1802.240673,3.610184594,1,1,0,0,54.80729231,0.973016559
01-12-2023,10,Customizable Dress,62,1802.240673,3.610184594,1,1,0,0,54.80729231,0.973016559
02-12-2023,1,Floral Sundress,29,1019.757903,1.456626555,1,0,0,0,59.4091132,0.461805038
02-12-2023,2,Evening Gown,24,1019.757903,1.456626555,1,0,0,0,59.4091132,0.461805038
02-12-2023,3,Business Casual Dress,70,1019.757903,1.456626555,1,0,0,0,59.4091132,0.461805038
02-12-2023,4,Sequin Party Dress,77,1019.757903,1.456626555,1,0,0,0,59.4091132,0.461805038
02-12-2023,5,Summer Maxi Dress,55,1019.757903,1.456626555,1,0,0,0,59.4091132,0.461805038
02-12-2023,6,Bridal Gown,82,1019.757903,1.456626555,1,0,0,0,59.4091132,0.461805038
02-12-2023,7,Traditional Ethnic Dress,19,1019.757903,1.456626555,1,0,0,0,59.4091132,0.461805038
02-12-2023,8,Maternity Nursing Dress,13,1019.757903,1.456626555,1,0,0,0,59.4091132,0.461805038
02-12-2023,9,Sporty Athleisure Dress,57,1019.757903,1.456626555,1,0,0,0,59.4091132,0.461805038
02-12-2023,10,Customizable Dress,50,1019.757903,1.456626555,1,0,0,0,59.4091132,0.461805038
03-12-2023,1,Floral Sundress,16,1178.065095,1.872286492,0,0,0,0,53.76836582,0.543128965
03-12-2023,2,Evening Gown,76,1178.065095,1.872286492,0,0,0,0,53.76836582,0.543128965
03-12-2023,3,Business Casual Dress,17,1178.065095,1.872286492,0,0,0,0,53.76836582,0.543128965
03-12-2023,4,Sequin Party Dress,73,1178.065095,1.872286492,0,0,0,0,53.76836582,0.543128965
03-12-2023,5,Summer Maxi Dress,27,1178.065095,1.872286492,0,0,0,0,53.76836582,0.543128965
03-12-2023,6,Bridal Gown,87,1178.065095,1.872286492,0,0,0,0,53.76836582,0.543128965
03-12-2023,7,Traditional Ethnic Dress,48,1178.065095,1.872286492,0,0,0,0,53.76836582,0.543128965
03-12-2023,8,Maternity Nursing Dress,82,1178.065095,1.872286492,0,0,0,0,53.76836582,0.543128965
03-12-2023,9,Sporty Athleisure Dress,64,1178.065095,1.872286492,0,0,0,0,53.76836582,0.543128965
03-12-2023,10,Customizable Dress,70,1178.065095,1.872286492,0,0,0,0,53.76836582,0.543128965
04-12-2023,1,Floral Sundress,95,1724.810113,2.879342226,0,0,0,0,64.82242215,0.916111645
04-12-2023,2,Evening Gown,40,1724.810113,2.879342226,0,0,0,0,64.82242215,0.916111645
04-12-2023,3,Business Casual Dress,59,1724.810113,2.879342226,0,0,0,0,64.82242215,0.916111645
04-12-2023,4,Sequin Party Dress,86,1724.810113,2.879342226,0,0,0,0,64.82242215,0.916111645
04-12-2023,5,Summer Maxi Dress,88,1724.810113,2.879342226,0,0,0,0,64.82242215,0.916111645
04-12-2023,6,Bridal Gown,98,1724.810113,2.879342226,0,0,0,0,64.82242215,0.916111645
04-12-2023,7,Traditional Ethnic Dress,43,1724.810113,2.879342226,0,0,0,0,64.82242215,0.916111645
04-12-2023,8,Maternity Nursing Dress,81,1724.810113,2.879342226,0,0,0,0,64.82242215,0.916111645
04-12-2023,9,Sporty Athleisure Dress,93,1724.810113,2.879342226,0,0,0,0,64.82242215,0.916111645
04-12-2023,10,Customizable Dress,83,1724.810113,2.879342226,0,0,0,0,64.82242215,0.916111645
05-12-2023,1,Floral Sundress,38,1154.773883,3.109139888,0,0,0,0,78.39278724,0.635243858
05-12-2023,2,Evening Gown,43,1154.773883,3.109139888,0,0,0,0,78.39278724,0.635243858
05-12-2023,3,Business Casual Dress,57,1154.773883,3.109139888,0,0,0,0,78.39278724,0.635243858
05-12-2023,4,Sequin Party Dress,98,1154.773883,3.109139888,0,0,0,0,78.39278724,0.635243858
05-12-2023,5,Summer Maxi Dress,49,1154.773883,3.109139888,0,0,0,0,78.39278724,0.635243858
05-12-2023,6,Bridal Gown,71,1154.773883,3.109139888,0,0,0,0,78.39278724,0.635243858
05-12-2023,7,Traditional Ethnic Dress,87,1154.773883,3.109139888,0,0,0,0,78.39278724,0.635243858
05-12-2023,8,Maternity Nursing Dress,43,1154.773883,3.109139888,0,0,0,0,78.39278724,0.635243858
05-12-2023,9,Sporty Athleisure Dress,23,1154.773883,3.109139888,0,0,0,0,78.39278724,0.635243858
05-12-2023,10,Customizable Dress,51,1154.773883,3.109139888,0,0,0,0,78.39278724,0.635243858
06-12-2023,1,Floral Sundress,18,1040.770134,2.516523773,0,0,0,0,62.84865512,0.458190285
06-12-2023,2,Evening Gown,46,1040.770134,2.516523773,0,0,0,0,62.84865512,0.458190285
06-12-2023,3,Business Casual Dress,56,1040.770134,2.516523773,0,0,0,0,62.84865512,0.458190285
06-12-2023,4,Sequin Party Dress,76,1040.770134,2.516523773,0,0,0,0,62.84865512,0.458190285
06-12-2023,5,Summer Maxi Dress,69,1040.770134,2.516523773,0,0,0,0,62.84865512,0.458190285
06-12-2023,6,Bridal Gown,93,1040.770134,2.516523773,0,0,0,0,62.84865512,0.458190285
06-12-2023,7,Traditional Ethnic Dress,70,1040.770134,2.516523773,0,0,0,0,62.84865512,0.458190285
06-12-2023,8,Maternity Nursing Dress,63,1040.770134,2.516523773,0,0,0,0,62.84865512,0.458190285
06-12-2023,9,Sporty Athleisure Dress,40,1040.770134,2.516523773,0,0,0,0,62.84865512,0.458190285
06-12-2023,10,Customizable Dress,10,1040.770134,2.516523773,0,0,0,0,62.84865512,0.458190285
07-12-2023,1,Floral Sundress,19,1271.031782,3.314217134,0,1,0,0,71.37624633,0.063820036
07-12-2023,2,Evening Gown,53,1271.031782,3.314217134,0,1,0,0,71.37624633,0.063820036
07-12-2023,3,Business Casual Dress,17,1271.031782,3.314217134,0,1,0,0,71.37624633,0.063820036
07-12-2023,4,Sequin Party Dress,94,1271.031782,3.314217134,0,1,0,0,71.37624633,0.063820036
07-12-2023,5,Summer Maxi Dress,66,1271.031782,3.314217134,0,1,0,0,71.37624633,0.063820036
07-12-2023,6,Bridal Gown,91,1271.031782,3.314217134,0,1,0,0,71.37624633,0.063820036
07-12-2023,7,Traditional Ethnic Dress,49,1271.031782,3.314217134,0,1,0,0,71.37624633,0.063820036
07-12-2023,8,Maternity Nursing Dress,48,1271.031782,3.314217134,0,1,0,0,71.37624633,0.063820036
07-12-2023,9,Sporty Athleisure Dress,53,1271.031782,3.314217134,0,1,0,0,71.37624633,0.063820036
07-12-2023,10,Customizable Dress,25,1271.031782,3.314217134,0,1,0,0,71.37624633,0.063820036
08-12-2023,1,Floral Sundress,91,1295.445454,1.669117344,0,1,0,0,88.93072787,0.137727836
08-12-2023,2,Evening Gown,34,1295.445454,1.669117344,0,1,0,0,88.93072787,0.137727836
08-12-2023,3,Business Casual Dress,63,1295.445454,1.669117344,0,1,0,0,88.93072787,0.137727836
08-12-2023,4,Sequin Party Dress,53,1295.445454,1.669117344,0,1,0,0,88.93072787,0.137727836
08-12-2023,5,Summer Maxi Dress,72,1295.445454,1.669117344,0,1,0,0,88.93072787,0.137727836
08-12-2023,6,Bridal Gown,72,1295.445454,1.669117344,0,1,0,0,88.93072787,0.137727836
08-12-2023,7,Traditional Ethnic Dress,89,1295.445454,1.669117344,0,1,0,0,88.93072787,0.137727836
08-12-2023,8,Maternity Nursing Dress,31,1295.445454,1.669117344,0,1,0,0,88.93072787,0.137727836
08-12-2023,9,Sporty Athleisure Dress,61,1295.445454,1.669117344,0,1,0,0,88.93072787,0.137727836
08-12-2023,10,Customizable Dress,39,1295.445454,1.669117344,0,1,0,0,88.93072787,0.137727836
09-12-2023,1,Floral Sundress,51,1246.041825,1.487624017,0,1,0,0,63.87936498,0.37363435
09-12-2023,2,Evening Gown,25,1246.041825,1.487624017,0,1,0,0,63.87936498,0.37363435
09-12-2023,3,Business Casual Dress,33,1246.041825,1.487624017,0,1,0,0,63.87936498,0.37363435
09-12-2023,4,Sequin Party Dress,19,1246.041825,1.487624017,0,1,0,0,63.87936498,0.37363435
09-12-2023,5,Summer Maxi Dress,18,1246.041825,1.487624017,0,1,0,0,63.87936498,0.37363435
09-12-2023,6,Bridal Gown,48,1246.041825,1.487624017,0,1,0,0,63.87936498,0.37363435
09-12-2023,7,Traditional Ethnic Dress,22,1246.041825,1.487624017,0,1,0,0,63.87936498,0.37363435
09-12-2023,8,Maternity Nursing Dress,81,1246.041825,1.487624017,0,1,0,0,63.87936498,0.37363435
09-12-2023,9,Sporty Athleisure Dress,21,1246.041825,1.487624017,0,1,0,0,63.87936498,0.37363435
09-12-2023,10,Customizable Dress,37,1246.041825,1.487624017,0,1,0,0,63.87936498,0.37363435
10-12-2023,1,Floral Sundress,82,1199.175547,3.341646425,1,1,0,0,64.59615534,0.240139649
10-12-2023,2,Evening Gown,26,1199.175547,3.341646425,1,1,0,0,64.59615534,0.240139649
10-12-2023,3,Business Casual Dress,99,1199.175547,3.341646425,1,1,0,0,64.59615534,0.240139649
10-12-2023,4,Sequin Party Dress,54,1199.175547,3.341646425,1,1,0,0,64.59615534,0.240139649
10-12-2023,5,Summer Maxi Dress,13,1199.175547,3.341646425,1,1,0,0,64.59615534,0.240139649
10-12-2023,6,Bridal Gown,84,1199.175547,3.341646425,1,1,0,0,64.59615534,0.240139649
10-12-2023,7,Traditional Ethnic Dress,20,1199.175547,3.341646425,1,1,0,0,64.59615534,0.240139649
10-12-2023,8,Maternity Nursing Dress,35,1199.175547,3.341646425,1,1,0,0,64.59615534,0.240139649
10-12-2023,9,Sporty Athleisure Dress,98,1199.175547,3.341646425,1,1,0,0,64.59615534,0.240139649
10-12-2023,10,Customizable Dress,88,1199.175547,3.341646425,1,1,0,0,64.59615534,0.240139649
11-12-2023,1,Floral Sundress,84,1702.342397,3.215327853,0,1,0,0,76.17101723,0.803104416
11-12-2023,2,Evening Gown,95,1702.342397,3.215327853,0,1,0,0,76.17101723,0.803104416
11-12-2023,3,Business Casual Dress,58,1702.342397,3.215327853,0,1,0,0,76.17101723,0.803104416
11-12-2023,4,Sequin Party Dress,60,1702.342397,3.215327853,0,1,0,0,76.17101723,0.803104416
11-12-2023,5,Summer Maxi Dress,28,1702.342397,3.215327853,0,1,0,0,76.17101723,0.803104416
11-12-2023,6,Bridal Gown,91,1702.342397,3.215327853,0,1,0,0,76.17101723,0.803104416
11-12-2023,7,Traditional Ethnic Dress,27,1702.342397,3.215327853,0,1,0,0,76.17101723,0.803104416
11-12-2023,8,Maternity Nursing Dress,85,1702.342397,3.215327853,0,1,0,0,76.17101723,0.803104416
11-12-2023,9,Sporty Athleisure Dress,75,1702.342397,3.215327853,0,1,0,0,76.17101723,0.803104416
11-12-2023,10,Customizable Dress,30,1702.342397,3.215327853,0,1,0,0,76.17101723,0.803104416
12-12-2023,1,Floral Sundress,29,1900.085571,1.673280426,1,0,0,0,55.38724289,0.810498436
12-12-2023,2,Evening Gown,32,1900.085571,1.673280426,1,0,0,0,55.38724289,0.810498436
12-12-2023,3,Business Casual Dress,97,1900.085571,1.673280426,1,0,0,0,55.38724289,0.810498436
12-12-2023,4,Sequin Party Dress,85,1900.085571,1.673280426,1,0,0,0,55.38724289,0.810498436
12-12-2023,5,Summer Maxi Dress,14,1900.085571,1.673280426,1,0,0,0,55.38724289,0.810498436
12-12-2023,6,Bridal Gown,27,1900.085571,1.673280426,1,0,0,0,55.38724289,0.810498436
12-12-2023,7,Traditional Ethnic Dress,49,1900.085571,1.673280426,1,0,0,0,55.38724289,0.810498436
12-12-2023,8,Maternity Nursing Dress,27,1900.085571,1.673280426,1,0,0,0,55.38724289,0.810498436
12-12-2023,9,Sporty Athleisure Dress,80,1900.085571,1.673280426,1,0,0,0,55.38724289,0.810498436
12-12-2023,10,Customizable Dress,30,1900.085571,1.673280426,1,0,0,0,55.38724289,0.810498436
13-12-2023,1,Floral Sundress,41,1087.908395,4.249223259,1,0,0,0,60.16053895,0.814079998
13-12-2023,2,Evening Gown,41,1087.908395,4.249223259,1,0,0,0,60.16053895,0.814079998
13-12-2023,3,Business Casual Dress,14,1087.908395,4.249223259,1,0,0,0,60.16053895,0.814079998
13-12-2023,4,Sequin Party Dress,66,1087.908395,4.249223259,1,0,0,0,60.16053895,0.814079998
13-12-2023,5,Summer Maxi Dress,42,1087.908395,4.249223259,1,0,0,0,60.16053895,0.814079998
13-12-2023,6,Bridal Gown,53,1087.908395,4.249223259,1,0,0,0,60.16053895,0.814079998
13-12-2023,7,Traditional Ethnic Dress,84,1087.908395,4.249223259,1,0,0,0,60.16053895,0.814079998
13-12-2023,8,Maternity Nursing Dress,87,1087.908395,4.249223259,1,0,0,0,60.16053895,0.814079998
13-12-2023,9,Sporty Athleisure Dress,93,1087.908395,4.249223259,1,0,0,0,60.16053895,0.814079998
13-12-2023,10,Customizable Dress,58,1087.908395,4.249223259,1,0,0,0,60.16053895,0.814079998
14-12-2023,1,Floral Sundress,58,1896.641584,4.097179005,1,0,0,0,89.14515665,0.030991264
14-12-2023,2,Evening Gown,80,1896.641584,4.097179005,1,0,0,0,89.14515665,0.030991264
14-12-2023,3,Business Casual Dress,20,1896.641584,4.097179005,1,0,0,0,89.14515665,0.030991264
14-12-2023,4,Sequin Party Dress,76,1896.641584,4.097179005,1,0,0,0,89.14515665,0.030991264
14-12-2023,5,Summer Maxi Dress,59,1896.641584,4.097179005,1,0,0,0,89.14515665,0.030991264
14-12-2023,6,Bridal Gown,85,1896.641584,4.097179005,1,0,0,0,89.14515665,0.030991264
14-12-2023,7,Traditional Ethnic Dress,30,1896.641584,4.097179005,1,0,0,0,89.14515665,0.030991264
14-12-2023,8,Maternity Nursing Dress,51,1896.641584,4.097179005,1,0,0,0,89.14515665,0.030991264
14-12-2023,9,Sporty Athleisure Dress,88,1896.641584,4.097179005,1,0,0,0,89.14515665,0.030991264
14-12-2023,10,Customizable Dress,65,1896.641584,4.097179005,1,0,0,0,89.14515665,0.030991264
15-12-2023,1,Floral Sundress,87,1918.805996,4.985363823,1,1,0,0,87.8072768,0.47545885
15-12-2023,2,Evening Gown,26,1918.805996,4.985363823,1,1,0,0,87.8072768,0.47545885
15-12-2023,3,Business Casual Dress,98,1918.805996,4.985363823,1,1,0,0,87.8072768,0.47545885
15-12-2023,4,Sequin Party Dress,57,1918.805996,4.985363823,1,1,0,0,87.8072768,0.47545885
15-12-2023,5,Summer Maxi Dress,40,1918.805996,4.985363823,1,1,0,0,87.8072768,0.47545885
15-12-2023,6,Bridal Gown,60,1918.805996,4.985363823,1,1,0,0,87.8072768,0.47545885
15-12-2023,7,Traditional Ethnic Dress,13,1918.805996,4.985363823,1,1,0,0,87.8072768,0.47545885
15-12-2023,8,Maternity Nursing Dress,27,1918.805996,4.985363823,1,1,0,0,87.8072768,0.47545885
15-12-2023,9,Sporty Athleisure Dress,79,1918.805996,4.985363823,1,1,0,0,87.8072768,0.47545885
15-12-2023,10,Customizable Dress,57,1918.805996,4.985363823,1,1,0,0,87.8072768,0.47545885
16-12-2023,1,Floral Sundress,71,1091.775094,3.167307504,1,1,0,0,58.04302624,0.745582293
16-12-2023,2,Evening Gown,78,1091.775094,3.167307504,1,1,0,0,58.04302624,0.745582293
16-12-2023,3,Business Casual Dress,48,1091.775094,3.167307504,1,1,0,0,58.04302624,0.745582293
16-12-2023,4,Sequin Party Dress,69,1091.775094,3.167307504,1,1,0,0,58.04302624,0.745582293
16-12-2023,5,Summer Maxi Dress,44,1091.775094,3.167307504,1,1,0,0,58.04302624,0.745582293
16-12-2023,6,Bridal Gown,45,1091.775094,3.167307504,1,1,0,0,58.04302624,0.745582293
16-12-2023,7,Traditional Ethnic Dress,99,1091.775094,3.167307504,1,1,0,0,58.04302624,0.745582293
16-12-2023,8,Maternity Nursing Dress,72,1091.775094,3.167307504,1,1,0,0,58.04302624,0.745582293
16-12-2023,9,Sporty Athleisure Dress,85,1091.775094,3.167307504,1,1,0,0,58.04302624,0.745582293
16-12-2023,10,Customizable Dress,25,1091.775094,3.167307504,1,1,0,0,58.04302624,0.745582293
17-12-2023,1,Floral Sundress,51,1858.952272,3.487515643,1,1,0,0,56.58489509,0.837825199
17-12-2023,2,Evening Gown,91,1858.952272,3.487515643,1,1,0,0,56.58489509,0.837825199
17-12-2023,3,Business Casual Dress,57,1858.952272,3.487515643,1,1,0,0,56.58489509,0.837825199
17-12-2023,4,Sequin Party Dress,58,1858.952272,3.487515643,1,1,0,0,56.58489509,0.837825199
17-12-2023,5,Summer Maxi Dress,13,1858.952272,3.487515643,1,1,0,0,56.58489509,0.837825199
17-12-2023,6,Bridal Gown,32,1858.952272,3.487515643,1,1,0,0,56.58489509,0.837825199
17-12-2023,7,Traditional Ethnic Dress,57,1858.952272,3.487515643,1,1,0,0,56.58489509,0.837825199
17-12-2023,8,Maternity Nursing Dress,51,1858.952272,3.487515643,1,1,0,0,56.58489509,0.837825199
17-12-2023,9,Sporty Athleisure Dress,79,1858.952272,3.487515643,1,1,0,0,56.58489509,0.837825199
17-12-2023,10,Customizable Dress,45,1858.952272,3.487515643,1,1,0,0,56.58489509,0.837825199
18-12-2023,1,Floral Sundress,81,1069.821199,2.414969635,0,0,0,0,54.00864188,0.129300423
18-12-2023,2,Evening Gown,23,1069.821199,2.414969635,0,0,0,0,54.00864188,0.129300423
18-12-2023,3,Business Casual Dress,37,1069.821199,2.414969635,0,0,0,0,54.00864188,0.129300423
18-12-2023,4,Sequin Party Dress,64,1069.821199,2.414969635,0,0,0,0,54.00864188,0.129300423
18-12-2023,5,Summer Maxi Dress,27,1069.821199,2.414969635,0,0,0,0,54.00864188,0.129300423
18-12-2023,6,Bridal Gown,90,1069.821199,2.414969635,0,0,0,0,54.00864188,0.129300423
18-12-2023,7,Traditional Ethnic Dress,63,1069.821199,2.414969635,0,0,0,0,54.00864188,0.129300423
18-12-2023,8,Maternity Nursing Dress,24,1069.821199,2.414969635,0,0,0,0,54.00864188,0.129300423
18-12-2023,9,Sporty Athleisure Dress,40,1069.821199,2.414969635,0,0,0,0,54.00864188,0.129300423
18-12-2023,10,Customizable Dress,19,1069.821199,2.414969635,0,0,0,0,54.00864188,0.129300423
19-12-2023,1,Floral Sundress,16,1298.043394,4.97991681,1,0,0,0,55.39490426,0.29859792
19-12-2023,2,Evening Gown,84,1298.043394,4.97991681,1,0,0,0,55.39490426,0.29859792
19-12-2023,3,Business Casual Dress,18,1298.043394,4.97991681,1,0,0,0,55.39490426,0.29859792
19-12-2023,4,Sequin Party Dress,17,1298.043394,4.97991681,1,0,0,0,55.39490426,0.29859792
19-12-2023,5,Summer Maxi Dress,15,1298.043394,4.97991681,1,0,0,0,55.39490426,0.29859792
19-12-2023,6,Bridal Gown,54,1298.043394,4.97991681,1,0,0,0,55.39490426,0.29859792
19-12-2023,7,Traditional Ethnic Dress,10,1298.043394,4.97991681,1,0,0,0,55.39490426,0.29859792
19-12-2023,8,Maternity Nursing Dress,31,1298.043394,4.97991681,1,0,0,0,55.39490426,0.29859792
19-12-2023,9,Sporty Athleisure Dress,39,1298.043394,4.97991681,1,0,0,0,55.39490426,0.29859792
19-12-2023,10,Customizable Dress,70,1298.043394,4.97991681,1,0,0,0,55.39490426,0.29859792
20-12-2023,1,Floral Sundress,21,1747.141749,4.806414326,0,1,0,0,86.05384387,0.146143245
20-12-2023,2,Evening Gown,16,1747.141749,4.806414326,0,1,0,0,86.05384387,0.146143245
20-12-2023,3,Business Casual Dress,82,1747.141749,4.806414326,0,1,0,0,86.05384387,0.146143245
20-12-2023,4,Sequin Party Dress,42,1747.141749,4.806414326,0,1,0,0,86.05384387,0.146143245
20-12-2023,5,Summer Maxi Dress,72,1747.141749,4.806414326,0,1,0,0,86.05384387,0.146143245
20-12-2023,6,Bridal Gown,43,1747.141749,4.806414326,0,1,0,0,86.05384387,0.146143245
20-12-2023,7,Traditional Ethnic Dress,28,1747.141749,4.806414326,0,1,0,0,86.05384387,0.146143245
20-12-2023,8,Maternity Nursing Dress,40,1747.141749,4.806414326,0,1,0,0,86.05384387,0.146143245
20-12-2023,9,Sporty Athleisure Dress,96,1747.141749,4.806414326,0,1,0,0,86.05384387,0.146143245
20-12-2023,10,Customizable Dress,59,1747.141749,4.806414326,0,1,0,0,86.05384387,0.146143245
21-12-2023,1,Floral Sundress,18,1896.852635,2.30889178,0,0,0,0,79.20728921,0.037794207
21-12-2023,2,Evening Gown,31,1896.852635,2.30889178,0,0,0,0,79.20728921,0.037794207
21-12-2023,3,Business Casual Dress,90,1896.852635,2.30889178,0,0,0,0,79.20728921,0.037794207
21-12-2023,4,Sequin Party Dress,27,1896.852635,2.30889178,0,0,0,0,79.20728921,0.037794207
21-12-2023,5,Summer Maxi Dress,56,1896.852635,2.30889178,0,0,0,0,79.20728921,0.037794207
21-12-2023,6,Bridal Gown,58,1896.852635,2.30889178,0,0,0,0,79.20728921,0.037794207
21-12-2023,7,Traditional Ethnic Dress,23,1896.852635,2.30889178,0,0,0,0,79.20728921,0.037794207
21-12-2023,8,Maternity Nursing Dress,39,1896.852635,2.30889178,0,0,0,0,79.20728921,0.037794207
21-12-2023,9,Sporty Athleisure Dress,21,1896.852635,2.30889178,0,0,0,0,79.20728921,0.037794207
21-12-2023,10,Customizable Dress,22,1896.852635,2.30889178,0,0,0,0,79.20728921,0.037794207
22-12-2023,1,Floral Sundress,23,1341.328205,3.676905262,1,0,0,0,57.75533458,0.68784166
22-12-2023,2,Evening Gown,84,1341.328205,3.676905262,1,0,0,0,57.75533458,0.68784166
22-12-2023,3,Business Casual Dress,61,1341.328205,3.676905262,1,0,0,0,57.75533458,0.68784166
22-12-2023,4,Sequin Party Dress,92,1341.328205,3.676905262,1,0,0,0,57.75533458,0.68784166
22-12-2023,5,Summer Maxi Dress,35,1341.328205,3.676905262,1,0,0,0,57.75533458,0.68784166
22-12-2023,6,Bridal Gown,36,1341.328205,3.676905262,1,0,0,0,57.75533458,0.68784166
22-12-2023,7,Traditional Ethnic Dress,72,1341.328205,3.676905262,1,0,0,0,57.75533458,0.68784166
22-12-2023,8,Maternity Nursing Dress,63,1341.328205,3.676905262,1,0,0,0,57.75533458,0.68784166
22-12-2023,9,Sporty Athleisure Dress,32,1341.328205,3.676905262,1,0,0,0,57.75533458,0.68784166
22-12-2023,10,Customizable Dress,95,1341.328205,3.676905262,1,0,0,0,57.75533458,0.68784166
23-12-2023,1,Floral Sundress,75,1455.128871,2.122469021,1,1,0,0,56.59714599,0.601032408
23-12-2023,2,Evening Gown,92,1455.128871,2.122469021,1,1,0,0,56.59714599,0.601032408
23-12-2023,3,Business Casual Dress,33,1455.128871,2.122469021,1,1,0,0,56.59714599,0.601032408
23-12-2023,4,Sequin Party Dress,84,1455.128871,2.122469021,1,1,0,0,56.59714599,0.601032408
23-12-2023,5,Summer Maxi Dress,49,1455.128871,2.122469021,1,1,0,0,56.59714599,0.601032408
23-12-2023,6,Bridal Gown,39,1455.128871,2.122469021,1,1,0,0,56.59714599,0.601032408
23-12-2023,7,Traditional Ethnic Dress,30,1455.128871,2.122469021,1,1,0,0,56.59714599,0.601032408
23-12-2023,8,Maternity Nursing Dress,57,1455.128871,2.122469021,1,1,0,0,56.59714599,0.601032408
23-12-2023,9,Sporty Athleisure Dress,35,1455.128871,2.122469021,1,1,0,0,56.59714599,0.601032408
23-12-2023,10,Customizable Dress,87,1455.128871,2.122469021,1,1,0,0,56.59714599,0.601032408
24-12-2023,1,Floral Sundress,45,1182.994034,2.180502715,0,1,0,0,53.4658006,0.313503902
24-12-2023,2,Evening Gown,59,1182.994034,2.180502715,0,1,0,0,53.4658006,0.313503902
24-12-2023,3,Business Casual Dress,63,1182.994034,2.180502715,0,1,0,0,53.4658006,0.313503902
24-12-2023,4,Sequin Party Dress,11,1182.994034,2.180502715,0,1,0,0,53.4658006,0.313503902
24-12-2023,5,Summer Maxi Dress,68,1182.994034,2.180502715,0,1,0,0,53.4658006,0.313503902
24-12-2023,6,Bridal Gown,46,1182.994034,2.180502715,0,1,0,0,53.4658006,0.313503902
24-12-2023,7,Traditional Ethnic Dress,41,1182.994034,2.180502715,0,1,0,0,53.4658006,0.313503902
24-12-2023,8,Maternity Nursing Dress,65,1182.994034,2.180502715,0,1,0,0,53.4658006,0.313503902
24-12-2023,9,Sporty Athleisure Dress,29,1182.994034,2.180502715,0,1,0,0,53.4658006,0.313503902
24-12-2023,10,Customizable Dress,91,1182.994034,2.180502715,0,1,0,0,53.4658006,0.313503902
25-12-2023,1,Floral Sundress,66,1252.43714,3.141174695,1,0,0,0,82.09182757,0.650901318
25-12-2023,2,Evening Gown,72,1252.43714,3.141174695,1,0,0,0,82.09182757,0.650901318
25-12-2023,3,Business Casual Dress,70,1252.43714,3.141174695,1,0,0,0,82.09182757,0.650901318
25-12-2023,4,Sequin Party Dress,88,1252.43714,3.141174695,1,0,0,0,82.09182757,0.650901318
25-12-2023,5,Summer Maxi Dress,92,1252.43714,3.141174695,1,0,0,0,82.09182757,0.650901318
25-12-2023,6,Bridal Gown,99,1252.43714,3.141174695,1,0,0,0,82.09182757,0.650901318
25-12-2023,7,Traditional Ethnic Dress,88,1252.43714,3.141174695,1,0,0,0,82.09182757,0.650901318
25-12-2023,8,Maternity Nursing Dress,15,1252.43714,3.141174695,1,0,0,0,82.09182757,0.650901318
25-12-2023,9,Sporty Athleisure Dress,43,1252.43714,3.141174695,1,0,0,0,82.09182757,0.650901318
25-12-2023,10,Customizable Dress,18,1252.43714,3.141174695,1,0,0,0,82.09182757,0.650901318
26-12-2023,1,Floral Sundress,31,1267.84708,1.957344712,1,1,0,0,70.14911007,0.449823322
26-12-2023,2,Evening Gown,72,1267.84708,1.957344712,1,1,0,0,70.14911007,0.449823322
26-12-2023,3,Business Casual Dress,91,1267.84708,1.957344712,1,1,0,0,70.14911007,0.449823322
26-12-2023,4,Sequin Party Dress,55,1267.84708,1.957344712,1,1,0,0,70.14911007,0.449823322
26-12-2023,5,Summer Maxi Dress,42,1267.84708,1.957344712,1,1,0,0,70.14911007,0.449823322
26-12-2023,6,Bridal Gown,35,1267.84708,1.957344712,1,1,0,0,70.14911007,0.449823322
26-12-2023,7,Traditional Ethnic Dress,54,1267.84708,1.957344712,1,1,0,0,70.14911007,0.449823322
26-12-2023,8,Maternity Nursing Dress,53,1267.84708,1.957344712,1,1,0,0,70.14911007,0.449823322
26-12-2023,9,Sporty Athleisure Dress,66,1267.84708,1.957344712,1,1,0,0,70.14911007,0.449823322
26-12-2023,10,Customizable Dress,53,1267.84708,1.957344712,1,1,0,0,70.14911007,0.449823322
27-12-2023,1,Floral Sundress,49,1801.079977,2.221290487,0,1,0,0,66.72515766,0.257342778
27-12-2023,2,Evening Gown,58,1801.079977,2.221290487,0,1,0,0,66.72515766,0.257342778
27-12-2023,3,Business Casual Dress,70,1801.079977,2.221290487,0,1,0,0,66.72515766,0.257342778
27-12-2023,4,Sequin Party Dress,57,1801.079977,2.221290487,0,1,0,0,66.72515766,0.257342778
27-12-2023,5,Summer Maxi Dress,48,1801.079977,2.221290487,0,1,0,0,66.72515766,0.257342778
27-12-2023,6,Bridal Gown,67,1801.079977,2.221290487,0,1,0,0,66.72515766,0.257342778
27-12-2023,7,Traditional Ethnic Dress,28,1801.079977,2.221290487,0,1,0,0,66.72515766,0.257342778
27-12-2023,8,Maternity Nursing Dress,21,1801.079977,2.221290487,0,1,0,0,66.72515766,0.257342778
27-12-2023,9,Sporty Athleisure Dress,86,1801.079977,2.221290487,0,1,0,0,66.72515766,0.257342778
27-12-2023,10,Customizable Dress,92,1801.079977,2.221290487,0,1,0,0,66.72515766,0.257342778
28-12-2023,1,Floral Sundress,52,1778.376627,1.341772826,0,0,0,0,84.8842718,0.273764556
28-12-2023,2,Evening Gown,38,1778.376627,1.341772826,0,0,0,0,84.8842718,0.273764556
28-12-2023,3,Business Casual Dress,66,1778.376627,1.341772826,0,0,0,0,84.8842718,0.273764556
28-12-2023,4,Sequin Party Dress,20,1778.376627,1.341772826,0,0,0,0,84.8842718,0.273764556
28-12-2023,5,Summer Maxi Dress,91,1778.376627,1.341772826,0,0,0,0,84.8842718,0.273764556
28-12-2023,6,Bridal Gown,83,1778.376627,1.341772826,0,0,0,0,84.8842718,0.273764556
28-12-2023,7,Traditional Ethnic Dress,35,1778.376627,1.341772826,0,0,0,0,84.8842718,0.273764556
28-12-2023,8,Maternity Nursing Dress,85,1778.376627,1.341772826,0,0,0,0,84.8842718,0.273764556
28-12-2023,9,Sporty Athleisure Dress,46,1778.376627,1.341772826,0,0,0,0,84.8842718,0.273764556
28-12-2023,10,Customizable Dress,16,1778.376627,1.341772826,0,0,0,0,84.8842718,0.273764556
29-12-2023,1,Floral Sundress,16,1031.702453,4.314559539,1,0,0,0,82.82928532,0.806630168
29-12-2023,2,Evening Gown,54,1031.702453,4.314559539,1,0,0,0,82.82928532,0.806630168
29-12-2023,3,Business Casual Dress,87,1031.702453,4.314559539,1,0,0,0,82.82928532,0.806630168
29-12-2023,4,Sequin Party Dress,14,1031.702453,4.314559539,1,0,0,0,82.82928532,0.806630168
29-12-2023,5,Summer Maxi Dress,34,1031.702453,4.314559539,1,0,0,0,82.82928532,0.806630168
29-12-2023,6,Bridal Gown,59,1031.702453,4.314559539,1,0,0,0,82.82928532,0.806630168
29-12-2023,7,Traditional Ethnic Dress,59,1031.702453,4.314559539,1,0,0,0,82.82928532,0.806630168
29-12-2023,8,Maternity Nursing Dress,68,1031.702453,4.314559539,1,0,0,0,82.82928532,0.806630168
29-12-2023,9,Sporty Athleisure Dress,23,1031.702453,4.314559539,1,0,0,0,82.82928532,0.806630168
29-12-2023,10,Customizable Dress,49,1031.702453,4.314559539,1,0,0,0,82.82928532,0.806630168
30-12-2023,1,Floral Sundress,55,1819.32766,4.840522093,1,0,0,0,51.72434761,0.211424491
30-12-2023,2,Evening Gown,97,1819.32766,4.840522093,1,0,0,0,51.72434761,0.211424491
30-12-2023,3,Business Casual Dress,36,1819.32766,4.840522093,1,0,0,0,51.72434761,0.211424491
30-12-2023,4,Sequin Party Dress,29,1819.32766,4.840522093,1,0,0,0,51.72434761,0.211424491
30-12-2023,5,Summer Maxi Dress,87,1819.32766,4.840522093,1,0,0,0,51.72434761,0.211424491
30-12-2023,6,Bridal Gown,23,1819.32766,4.840522093,1,0,0,0,51.72434761,0.211424491
30-12-2023,7,Traditional Ethnic Dress,81,1819.32766,4.840522093,1,0,0,0,51.72434761,0.211424491
30-12-2023,8,Maternity Nursing Dress,51,1819.32766,4.840522093,1,0,0,0,51.72434761,0.211424491
30-12-2023,9,Sporty Athleisure Dress,71,1819.32766,4.840522093,1,0,0,0,51.72434761,0.211424491
30-12-2023,10,Customizable Dress,72,1819.32766,4.840522093,1,0,0,0,51.72434761,0.211424491
31-12-2023,1,Floral Sundress,36,1885.900681,1.836525301,1,1,0,0,61.26561347,0.933128855
31-12-2023,2,Evening Gown,37,1885.900681,1.836525301,1,1,0,0,61.26561347,0.933128855
31-12-2023,3,Business Casual Dress,60,1885.900681,1.836525301,1,1,0,0,61.26561347,0.933128855
31-12-2023,4,Sequin Party Dress,91,1885.900681,1.836525301,1,1,0,0,61.26561347,0.933128855
31-12-2023,5,Summer Maxi Dress,41,1885.900681,1.836525301,1,1,0,0,61.26561347,0.933128855
31-12-2023,6,Bridal Gown,67,1885.900681,1.836525301,1,1,0,0,61.26561347,0.933128855
31-12-2023,7,Traditional Ethnic Dress,90,1885.900681,1.836525301,1,1,0,0,61.26561347,0.933128855
31-12-2023,8,Maternity Nursing Dress,65,1885.900681,1.836525301,1,1,0,0,61.26561347,0.933128855
31-12-2023,9,Sporty Athleisure Dress,97,1885.900681,1.836525301,1,1,0,0,61.26561347,0.933128855
31-12-2023,10,Customizable Dress,74,1885.900681,1.836525301,1,1,0,0,61.26561347,0.933128855
01-01-2024,1,Floral Sundress,89,1994.77402,4.375478715,1,0,0,0,76.16417175,0.928180173
01-01-2024,2,Evening Gown,93,1994.77402,4.375478715,1,0,0,0,76.16417175,0.928180173
01-01-2024,3,Business Casual Dress,61,1994.77402,4.375478715,1,0,0,0,76.16417175,0.928180173
01-01-2024,4,Sequin Party Dress,92,1994.77402,4.375478715,1,0,0,0,76.16417175,0.928180173
01-01-2024,5,Summer Maxi Dress,69,1994.77402,4.375478715,1,0,0,0,76.16417175,0.928180173
01-01-2024,6,Bridal Gown,97,1994.77402,4.375478715,1,0,0,0,76.16417175,0.928180173
01-01-2024,7,Traditional Ethnic Dress,92,1994.77402,4.375478715,1,0,0,0,76.16417175,0.928180173
01-01-2024,8,Maternity Nursing Dress,80,1994.77402,4.375478715,1,0,0,0,76.16417175,0.928180173
01-01-2024,9,Sporty Athleisure Dress,32,1994.77402,4.375478715,1,0,0,0,76.16417175,0.928180173
01-01-2024,10,Customizable Dress,62,1994.77402,4.375478715,1,0,0,0,76.16417175,0.928180173
02-01-2024,1,Floral Sundress,25,1194.331583,1.536963457,0,1,0,0,58.42796956,0.358780313
02-01-2024,2,Evening Gown,32,1194.331583,1.536963457,0,1,0,0,58.42796956,0.358780313
02-01-2024,3,Business Casual Dress,42,1194.331583,1.536963457,0,1,0,0,58.42796956,0.358780313
02-01-2024,4,Sequin Party Dress,94,1194.331583,1.536963457,0,1,0,0,58.42796956,0.358780313
02-01-2024,5,Summer Maxi Dress,41,1194.331583,1.536963457,0,1,0,0,58.42796956,0.358780313
02-01-2024,6,Bridal Gown,21,1194.331583,1.536963457,0,1,0,0,58.42796956,0.358780313
02-01-2024,7,Traditional Ethnic Dress,14,1194.331583,1.536963457,0,1,0,0,58.42796956,0.358780313
02-01-2024,8,Maternity Nursing Dress,81,1194.331583,1.536963457,0,1,0,0,58.42796956,0.358780313
02-01-2024,9,Sporty Athleisure Dress,39,1194.331583,1.536963457,0,1,0,0,58.42796956,0.358780313
02-01-2024,10,Customizable Dress,97,1194.331583,1.536963457,0,1,0,0,58.42796956,0.358780313
03-01-2024,1,Floral Sundress,17,1910.603175,4.654782778,0,1,0,0,53.2902372,0.606376856
03-01-2024,2,Evening Gown,85,1910.603175,4.654782778,0,1,0,0,53.2902372,0.606376856
03-01-2024,3,Business Casual Dress,79,1910.603175,4.654782778,0,1,0,0,53.2902372,0.606376856
03-01-2024,4,Sequin Party Dress,89,1910.603175,4.654782778,0,1,0,0,53.2902372,0.606376856
03-01-2024,5,Summer Maxi Dress,28,1910.603175,4.654782778,0,1,0,0,53.2902372,0.606376856
03-01-2024,6,Bridal Gown,12,1910.603175,4.654782778,0,1,0,0,53.2902372,0.606376856
03-01-2024,7,Traditional Ethnic Dress,88,1910.603175,4.654782778,0,1,0,0,53.2902372,0.606376856
03-01-2024,8,Maternity Nursing Dress,30,1910.603175,4.654782778,0,1,0,0,53.2902372,0.606376856
03-01-2024,9,Sporty Athleisure Dress,87,1910.603175,4.654782778,0,1,0,0,53.2902372,0.606376856
03-01-2024,10,Customizable Dress,38,1910.603175,4.654782778,0,1,0,0,53.2902372,0.606376856
04-01-2024,1,Floral Sundress,53,1758.915461,2.397675191,1,1,0,0,89.54267562,0.660462007
04-01-2024,2,Evening Gown,45,1758.915461,2.397675191,1,1,0,0,89.54267562,0.660462007
04-01-2024,3,Business Casual Dress,68,1758.915461,2.397675191,1,1,0,0,89.54267562,0.660462007
04-01-2024,4,Sequin Party Dress,34,1758.915461,2.397675191,1,1,0,0,89.54267562,0.660462007
04-01-2024,5,Summer Maxi Dress,20,1758.915461,2.397675191,1,1,0,0,89.54267562,0.660462007
04-01-2024,6,Bridal Gown,93,1758.915461,2.397675191,1,1,0,0,89.54267562,0.660462007
04-01-2024,7,Traditional Ethnic Dress,22,1758.915461,2.397675191,1,1,0,0,89.54267562,0.660462007
04-01-2024,8,Maternity Nursing Dress,53,1758.915461,2.397675191,1,1,0,0,89.54267562,0.660462007
04-01-2024,9,Sporty Athleisure Dress,34,1758.915461,2.397675191,1,1,0,0,89.54267562,0.660462007
04-01-2024,10,Customizable Dress,17,1758.915461,2.397675191,1,1,0,0,89.54267562,0.660462007
05-01-2024,1,Floral Sundress,37,1528.224649,4.328187146,1,0,0,0,62.37417893,0.806245283
05-01-2024,2,Evening Gown,52,1528.224649,4.328187146,1,0,0,0,62.37417893,0.806245283
05-01-2024,3,Business Casual Dress,41,1528.224649,4.328187146,1,0,0,0,62.37417893,0.806245283
05-01-2024,4,Sequin Party Dress,51,1528.224649,4.328187146,1,0,0,0,62.37417893,0.806245283
05-01-2024,5,Summer Maxi Dress,58,1528.224649,4.328187146,1,0,0,0,62.37417893,0.806245283
05-01-2024,6,Bridal Gown,78,1528.224649,4.328187146,1,0,0,0,62.37417893,0.806245283
05-01-2024,7,Traditional Ethnic Dress,32,1528.224649,4.328187146,1,0,0,0,62.37417893,0.806245283
05-01-2024,8,Maternity Nursing Dress,96,1528.224649,4.328187146,1,0,0,0,62.37417893,0.806245283
05-01-2024,9,Sporty Athleisure Dress,75,1528.224649,4.328187146,1,0,0,0,62.37417893,0.806245283
05-01-2024,10,Customizable Dress,19,1528.224649,4.328187146,1,0,0,0,62.37417893,0.806245283
06-01-2024,1,Floral Sundress,47,1272.298491,2.902147971,0,1,0,0,89.82247307,0.494903962
06-01-2024,2,Evening Gown,30,1272.298491,2.902147971,0,1,0,0,89.82247307,0.494903962
06-01-2024,3,Business Casual Dress,76,1272.298491,2.902147971,0,1,0,0,89.82247307,0.494903962
06-01-2024,4,Sequin Party Dress,67,1272.298491,2.902147971,0,1,0,0,89.82247307,0.494903962
06-01-2024,5,Summer Maxi Dress,22,1272.298491,2.902147971,0,1,0,0,89.82247307,0.494903962
06-01-2024,6,Bridal Gown,12,1272.298491,2.902147971,0,1,0,0,89.82247307,0.494903962
06-01-2024,7,Traditional Ethnic Dress,59,1272.298491,2.902147971,0,1,0,0,89.82247307,0.494903962
06-01-2024,8,Maternity Nursing Dress,74,1272.298491,2.902147971,0,1,0,0,89.82247307,0.494903962
06-01-2024,9,Sporty Athleisure Dress,31,1272.298491,2.902147971,0,1,0,0,89.82247307,0.494903962
06-01-2024,10,Customizable Dress,47,1272.298491,2.902147971,0,1,0,0,89.82247307,0.494903962
07-01-2024,1,Floral Sundress,54,1410.196622,4.603535341,1,1,0,0,57.52863962,0.115919928
07-01-2024,2,Evening Gown,62,1410.196622,4.603535341,1,1,0,0,57.52863962,0.115919928
07-01-2024,3,Business Casual Dress,91,1410.196622,4.603535341,1,1,0,0,57.52863962,0.115919928
07-01-2024,4,Sequin Party Dress,62,1410.196622,4.603535341,1,1,0,0,57.52863962,0.115919928
07-01-2024,5,Summer Maxi Dress,52,1410.196622,4.603535341,1,1,0,0,57.52863962,0.115919928
07-01-2024,6,Bridal Gown,53,1410.196622,4.603535341,1,1,0,0,57.52863962,0.115919928
07-01-2024,7,Traditional Ethnic Dress,71,1410.196622,4.603535341,1,1,0,0,57.52863962,0.115919928
07-01-2024,8,Maternity Nursing Dress,69,1410.196622,4.603535341,1,1,0,0,57.52863962,0.115919928
07-01-2024,9,Sporty Athleisure Dress,86,1410.196622,4.603535341,1,1,0,0,57.52863962,0.115919928
07-01-2024,10,Customizable Dress,43,1410.196622,4.603535341,1,1,0,0,57.52863962,0.115919928
08-01-2024,1,Floral Sundress,10,1514.160133,2.256761167,0,0,0,0,82.46422286,0.00204441
08-01-2024,2,Evening Gown,50,1514.160133,2.256761167,0,0,0,0,82.46422286,0.00204441
08-01-2024,3,Business Casual Dress,85,1514.160133,2.256761167,0,0,0,0,82.46422286,0.00204441
08-01-2024,4,Sequin Party Dress,81,1514.160133,2.256761167,0,0,0,0,82.46422286,0.00204441
08-01-2024,5,Summer Maxi Dress,47,1514.160133,2.256761167,0,0,0,0,82.46422286,0.00204441
08-01-2024,6,Bridal Gown,30,1514.160133,2.256761167,0,0,0,0,82.46422286,0.00204441
08-01-2024,7,Traditional Ethnic Dress,99,1514.160133,2.256761167,0,0,0,0,82.46422286,0.00204441
08-01-2024,8,Maternity Nursing Dress,70,1514.160133,2.256761167,0,0,0,0,82.46422286,0.00204441
08-01-2024,9,Sporty Athleisure Dress,26,1514.160133,2.256761167,0,0,0,0,82.46422286,0.00204441
08-01-2024,10,Customizable Dress,59,1514.160133,2.256761167,0,0,0,0,82.46422286,0.00204441
09-01-2024,1,Floral Sundress,55,1712.621317,2.342269893,1,1,0,0,89.63603771,0.91117931
09-01-2024,2,Evening Gown,87,1712.621317,2.342269893,1,1,0,0,89.63603771,0.91117931
09-01-2024,3,Business Casual Dress,99,1712.621317,2.342269893,1,1,0,0,89.63603771,0.91117931
09-01-2024,4,Sequin Party Dress,39,1712.621317,2.342269893,1,1,0,0,89.63603771,0.91117931
09-01-2024,5,Summer Maxi Dress,75,1712.621317,2.342269893,1,1,0,0,89.63603771,0.91117931
09-01-2024,6,Bridal Gown,66,1712.621317,2.342269893,1,1,0,0,89.63603771,0.91117931
09-01-2024,7,Traditional Ethnic Dress,65,1712.621317,2.342269893,1,1,0,0,89.63603771,0.91117931
09-01-2024,8,Maternity Nursing Dress,74,1712.621317,2.342269893,1,1,0,0,89.63603771,0.91117931
09-01-2024,9,Sporty Athleisure Dress,40,1712.621317,2.342269893,1,1,0,0,89.63603771,0.91117931
09-01-2024,10,Customizable Dress,36,1712.621317,2.342269893,1,1,0,0,89.63603771,0.91117931
10-01-2024,1,Floral Sundress,82,1868.833831,4.40556328,0,1,0,0,80.46491643,0.57410079
10-01-2024,2,Evening Gown,74,1868.833831,4.40556328,0,1,0,0,80.46491643,0.57410079
10-01-2024,3,Business Casual Dress,69,1868.833831,4.40556328,0,1,0,0,80.46491643,0.57410079
10-01-2024,4,Sequin Party Dress,19,1868.833831,4.40556328,0,1,0,0,80.46491643,0.57410079
10-01-2024,5,Summer Maxi Dress,21,1868.833831,4.40556328,0,1,0,0,80.46491643,0.57410079
10-01-2024,6,Bridal Gown,18,1868.833831,4.40556328,0,1,0,0,80.46491643,0.57410079
10-01-2024,7,Traditional Ethnic Dress,50,1868.833831,4.40556328,0,1,0,0,80.46491643,0.57410079
10-01-2024,8,Maternity Nursing Dress,60,1868.833831,4.40556328,0,1,0,0,80.46491643,0.57410079
10-01-2024,9,Sporty Athleisure Dress,83,1868.833831,4.40556328,0,1,0,0,80.46491643,0.57410079
10-01-2024,10,Customizable Dress,31,1868.833831,4.40556328,0,1,0,0,80.46491643,0.57410079
11-01-2024,1,Floral Sundress,58,1409.424535,4.953701564,0,0,0,0,82.10402053,0.438013085
11-01-2024,2,Evening Gown,32,1409.424535,4.953701564,0,0,0,0,82.10402053,0.438013085
11-01-2024,3,Business Casual Dress,62,1409.424535,4.953701564,0,0,0,0,82.10402053,0.438013085
11-01-2024,4,Sequin Party Dress,23,1409.424535,4.953701564,0,0,0,0,82.10402053,0.438013085
11-01-2024,5,Summer Maxi Dress,38,1409.424535,4.953701564,0,0,0,0,82.10402053,0.438013085
11-01-2024,6,Bridal Gown,10,1409.424535,4.953701564,0,0,0,0,82.10402053,0.438013085
11-01-2024,7,Traditional Ethnic Dress,69,1409.424535,4.953701564,0,0,0,0,82.10402053,0.438013085
11-01-2024,8,Maternity Nursing Dress,77,1409.424535,4.953701564,0,0,0,0,82.10402053,0.438013085
11-01-2024,9,Sporty Athleisure Dress,47,1409.424535,4.953701564,0,0,0,0,82.10402053,0.438013085
11-01-2024,10,Customizable Dress,92,1409.424535,4.953701564,0,0,0,0,82.10402053,0.438013085
12-01-2024,1,Floral Sundress,36,1587.457485,3.837467404,0,0,0,0,75.38811682,0.683828332
12-01-2024,2,Evening Gown,90,1587.457485,3.837467404,0,0,0,0,75.38811682,0.683828332
12-01-2024,3,Business Casual Dress,80,1587.457485,3.837467404,0,0,0,0,75.38811682,0.683828332
12-01-2024,4,Sequin Party Dress,60,1587.457485,3.837467404,0,0,0,0,75.38811682,0.683828332
12-01-2024,5,Summer Maxi Dress,47,1587.457485,3.837467404,0,0,0,0,75.38811682,0.683828332
12-01-2024,6,Bridal Gown,23,1587.457485,3.837467404,0,0,0,0,75.38811682,0.683828332
12-01-2024,7,Traditional Ethnic Dress,15,1587.457485,3.837467404,0,0,0,0,75.38811682,0.683828332
12-01-2024,8,Maternity Nursing Dress,75,1587.457485,3.837467404,0,0,0,0,75.38811682,0.683828332
12-01-2024,9,Sporty Athleisure Dress,72,1587.457485,3.837467404,0,0,0,0,75.38811682,0.683828332
12-01-2024,10,Customizable Dress,31,1587.457485,3.837467404,0,0,0,0,75.38811682,0.683828332
13-01-2024,1,Floral Sundress,21,1503.318159,3.695350852,0,0,0,0,85.88853349,0.519383622
13-01-2024,2,Evening Gown,50,1503.318159,3.695350852,0,0,0,0,85.88853349,0.519383622
13-01-2024,3,Business Casual Dress,40,1503.318159,3.695350852,0,0,0,0,85.88853349,0.519383622
13-01-2024,4,Sequin Party Dress,27,1503.318159,3.695350852,0,0,0,0,85.88853349,0.519383622
13-01-2024,5,Summer Maxi Dress,83,1503.318159,3.695350852,0,0,0,0,85.88853349,0.519383622
13-01-2024,6,Bridal Gown,39,1503.318159,3.695350852,0,0,0,0,85.88853349,0.519383622
13-01-2024,7,Traditional Ethnic Dress,62,1503.318159,3.695350852,0,0,0,0,85.88853349,0.519383622
13-01-2024,8,Maternity Nursing Dress,30,1503.318159,3.695350852,0,0,0,0,85.88853349,0.519383622
13-01-2024,9,Sporty Athleisure Dress,85,1503.318159,3.695350852,0,0,0,0,85.88853349,0.519383622
13-01-2024,10,Customizable Dress,61,1503.318159,3.695350852,0,0,0,0,85.88853349,0.519383622
14-01-2024,1,Floral Sundress,14,1866.108736,1.842828372,0,0,0,0,86.40738011,0.188535927
14-01-2024,2,Evening Gown,50,1866.108736,1.842828372,0,0,0,0,86.40738011,0.188535927
14-01-2024,3,Business Casual Dress,62,1866.108736,1.842828372,0,0,0,0,86.40738011,0.188535927
14-01-2024,4,Sequin Party Dress,46,1866.108736,1.842828372,0,0,0,0,86.40738011,0.188535927
14-01-2024,5,Summer Maxi Dress,81,1866.108736,1.842828372,0,0,0,0,86.40738011,0.188535927
14-01-2024,6,Bridal Gown,23,1866.108736,1.842828372,0,0,0,0,86.40738011,0.188535927
14-01-2024,7,Traditional Ethnic Dress,76,1866.108736,1.842828372,0,0,0,0,86.40738011,0.188535927
14-01-2024,8,Maternity Nursing Dress,89,1866.108736,1.842828372,0,0,0,0,86.40738011,0.188535927
14-01-2024,9,Sporty Athleisure Dress,94,1866.108736,1.842828372,0,0,0,0,86.40738011,0.188535927
14-01-2024,10,Customizable Dress,55,1866.108736,1.842828372,0,0,0,0,86.40738011,0.188535927
15-01-2024,1,Floral Sundress,34,1348.863163,2.163688143,1,0,0,0,74.02556545,0.267366232
15-01-2024,2,Evening Gown,71,1348.863163,2.163688143,1,0,0,0,74.02556545,0.267366232
15-01-2024,3,Business Casual Dress,60,1348.863163,2.163688143,1,0,0,0,74.02556545,0.267366232
15-01-2024,4,Sequin Party Dress,59,1348.863163,2.163688143,1,0,0,0,74.02556545,0.267366232
15-01-2024,5,Summer Maxi Dress,94,1348.863163,2.163688143,1,0,0,0,74.02556545,0.267366232
15-01-2024,6,Bridal Gown,22,1348.863163,2.163688143,1,0,0,0,74.02556545,0.267366232
15-01-2024,7,Traditional Ethnic Dress,33,1348.863163,2.163688143,1,0,0,0,74.02556545,0.267366232
15-01-2024,8,Maternity Nursing Dress,97,1348.863163,2.163688143,1,0,0,0,74.02556545,0.267366232
15-01-2024,9,Sporty Athleisure Dress,13,1348.863163,2.163688143,1,0,0,0,74.02556545,0.267366232
15-01-2024,10,Customizable Dress,18,1348.863163,2.163688143,1,0,0,0,74.02556545,0.267366232
16-01-2024,1,Floral Sundress,93,1041.737283,2.222106344,0,0,0,0,54.76922315,0.263965825
16-01-2024,2,Evening Gown,72,1041.737283,2.222106344,0,0,0,0,54.76922315,0.263965825
16-01-2024,3,Business Casual Dress,38,1041.737283,2.222106344,0,0,0,0,54.76922315,0.263965825
16-01-2024,4,Sequin Party Dress,84,1041.737283,2.222106344,0,0,0,0,54.76922315,0.263965825
16-01-2024,5,Summer Maxi Dress,69,1041.737283,2.222106344,0,0,0,0,54.76922315,0.263965825
16-01-2024,6,Bridal Gown,74,1041.737283,2.222106344,0,0,0,0,54.76922315,0.263965825
16-01-2024,7,Traditional Ethnic Dress,19,1041.737283,2.222106344,0,0,0,0,54.76922315,0.263965825
16-01-2024,8,Maternity Nursing Dress,56,1041.737283,2.222106344,0,0,0,0,54.76922315,0.263965825
16-01-2024,9,Sporty Athleisure Dress,97,1041.737283,2.222106344,0,0,0,0,54.76922315,0.263965825
16-01-2024,10,Customizable Dress,62,1041.737283,2.222106344,0,0,0,0,54.76922315,0.263965825
17-01-2024,1,Floral Sundress,93,1140.218335,1.444481604,1,0,0,0,66.27291828,0.100371014
17-01-2024,2,Evening Gown,21,1140.218335,1.444481604,1,0,0,0,66.27291828,0.100371014
17-01-2024,3,Business Casual Dress,42,1140.218335,1.444481604,1,0,0,0,66.27291828,0.100371014
17-01-2024,4,Sequin Party Dress,93,1140.218335,1.444481604,1,0,0,0,66.27291828,0.100371014
17-01-2024,5,Summer Maxi Dress,48,1140.218335,1.444481604,1,0,0,0,66.27291828,0.100371014
17-01-2024,6,Bridal Gown,79,1140.218335,1.444481604,1,0,0,0,66.27291828,0.100371014
17-01-2024,7,Traditional Ethnic Dress,77,1140.218335,1.444481604,1,0,0,0,66.27291828,0.100371014
17-01-2024,8,Maternity Nursing Dress,49,1140.218335,1.444481604,1,0,0,0,66.27291828,0.100371014
17-01-2024,9,Sporty Athleisure Dress,97,1140.218335,1.444481604,1,0,0,0,66.27291828,0.100371014
17-01-2024,10,Customizable Dress,27,1140.218335,1.444481604,1,0,0,0,66.27291828,0.100371014
18-01-2024,1,Floral Sundress,26,1413.528129,1.733060635,1,0,0,0,63.49813981,0.266989025
18-01-2024,2,Evening Gown,30,1413.528129,1.733060635,1,0,0,0,63.49813981,0.266989025
18-01-2024,3,Business Casual Dress,44,1413.528129,1.733060635,1,0,0,0,63.49813981,0.266989025
18-01-2024,4,Sequin Party Dress,27,1413.528129,1.733060635,1,0,0,0,63.49813981,0.266989025
18-01-2024,5,Summer Maxi Dress,97,1413.528129,1.733060635,1,0,0,0,63.49813981,0.266989025
18-01-2024,6,Bridal Gown,39,1413.528129,1.733060635,1,0,0,0,63.49813981,0.266989025
18-01-2024,7,Traditional Ethnic Dress,64,1413.528129,1.733060635,1,0,0,0,63.49813981,0.266989025
18-01-2024,8,Maternity Nursing Dress,21,1413.528129,1.733060635,1,0,0,0,63.49813981,0.266989025
18-01-2024,9,Sporty Athleisure Dress,25,1413.528129,1.733060635,1,0,0,0,63.49813981,0.266989025
18-01-2024,10,Customizable Dress,23,1413.528129,1.733060635,1,0,0,0,63.49813981,0.266989025
19-01-2024,1,Floral Sundress,30,1567.518598,1.596512733,1,0,0,0,85.19648398,0.363863089
19-01-2024,2,Evening Gown,70,1567.518598,1.596512733,1,0,0,0,85.19648398,0.363863089
19-01-2024,3,Business Casual Dress,74,1567.518598,1.596512733,1,0,0,0,85.19648398,0.363863089
19-01-2024,4,Sequin Party Dress,13,1567.518598,1.596512733,1,0,0,0,85.19648398,0.363863089
19-01-2024,5,Summer Maxi Dress,66,1567.518598,1.596512733,1,0,0,0,85.19648398,0.363863089
19-01-2024,6,Bridal Gown,33,1567.518598,1.596512733,1,0,0,0,85.19648398,0.363863089
19-01-2024,7,Traditional Ethnic Dress,41,1567.518598,1.596512733,1,0,0,0,85.19648398,0.363863089
19-01-2024,8,Maternity Nursing Dress,15,1567.518598,1.596512733,1,0,0,0,85.19648398,0.363863089
19-01-2024,9,Sporty Athleisure Dress,89,1567.518598,1.596512733,1,0,0,0,85.19648398,0.363863089
19-01-2024,10,Customizable Dress,52,1567.518598,1.596512733,1,0,0,0,85.19648398,0.363863089
20-01-2024,1,Floral Sundress,35,1946.316982,4.18221141,1,1,0,0,64.64499373,0.725679658
20-01-2024,2,Evening Gown,52,1946.316982,4.18221141,1,1,0,0,64.64499373,0.725679658
20-01-2024,3,Business Casual Dress,65,1946.316982,4.18221141,1,1,0,0,64.64499373,0.725679658
20-01-2024,4,Sequin Party Dress,62,1946.316982,4.18221141,1,1,0,0,64.64499373,0.725679658
20-01-2024,5,Summer Maxi Dress,85,1946.316982,4.18221141,1,1,0,0,64.64499373,0.725679658
20-01-2024,6,Bridal Gown,70,1946.316982,4.18221141,1,1,0,0,64.64499373,0.725679658
20-01-2024,7,Traditional Ethnic Dress,11,1946.316982,4.18221141,1,1,0,0,64.64499373,0.725679658
20-01-2024,8,Maternity Nursing Dress,63,1946.316982,4.18221141,1,1,0,0,64.64499373,0.725679658
20-01-2024,9,Sporty Athleisure Dress,34,1946.316982,4.18221141,1,1,0,0,64.64499373,0.725679658
20-01-2024,10,Customizable Dress,28,1946.316982,4.18221141,1,1,0,0,64.64499373,0.725679658
21-01-2024,1,Floral Sundress,70,1057.578895,2.217661689,1,1,0,0,68.57332751,0.945976006
21-01-2024,2,Evening Gown,37,1057.578895,2.217661689,1,1,0,0,68.57332751,0.945976006
21-01-2024,3,Business Casual Dress,20,1057.578895,2.217661689,1,1,0,0,68.57332751,0.945976006
21-01-2024,4,Sequin Party Dress,16,1057.578895,2.217661689,1,1,0,0,68.57332751,0.945976006
21-01-2024,5,Summer Maxi Dress,53,1057.578895,2.217661689,1,1,0,0,68.57332751,0.945976006
21-01-2024,6,Bridal Gown,33,1057.578895,2.217661689,1,1,0,0,68.57332751,0.945976006
21-01-2024,7,Traditional Ethnic Dress,98,1057.578895,2.217661689,1,1,0,0,68.57332751,0.945976006
21-01-2024,8,Maternity Nursing Dress,96,1057.578895,2.217661689,1,1,0,0,68.57332751,0.945976006
21-01-2024,9,Sporty Athleisure Dress,64,1057.578895,2.217661689,1,1,0,0,68.57332751,0.945976006
21-01-2024,10,Customizable Dress,59,1057.578895,2.217661689,1,1,0,0,68.57332751,0.945976006
22-01-2024,1,Floral Sundress,15,1717.643563,4.100660008,1,1,0,0,56.94022667,0.842800057
22-01-2024,2,Evening Gown,89,1717.643563,4.100660008,1,1,0,0,56.94022667,0.842800057
22-01-2024,3,Business Casual Dress,73,1717.643563,4.100660008,1,1,0,0,56.94022667,0.842800057
22-01-2024,4,Sequin Party Dress,23,1717.643563,4.100660008,1,1,0,0,56.94022667,0.842800057
22-01-2024,5,Summer Maxi Dress,81,1717.643563,4.100660008,1,1,0,0,56.94022667,0.842800057
22-01-2024,6,Bridal Gown,62,1717.643563,4.100660008,1,1,0,0,56.94022667,0.842800057
22-01-2024,7,Traditional Ethnic Dress,40,1717.643563,4.100660008,1,1,0,0,56.94022667,0.842800057
22-01-2024,8,Maternity Nursing Dress,71,1717.643563,4.100660008,1,1,0,0,56.94022667,0.842800057
22-01-2024,9,Sporty Athleisure Dress,52,1717.643563,4.100660008,1,1,0,0,56.94022667,0.842800057
22-01-2024,10,Customizable Dress,32,1717.643563,4.100660008,1,1,0,0,56.94022667,0.842800057
23-01-2024,1,Floral Sundress,79,1477.038568,1.593401622,1,1,0,0,69.00533453,0.192329074
23-01-2024,2,Evening Gown,62,1477.038568,1.593401622,1,1,0,0,69.00533453,0.192329074
23-01-2024,3,Business Casual Dress,25,1477.038568,1.593401622,1,1,0,0,69.00533453,0.192329074
23-01-2024,4,Sequin Party Dress,42,1477.038568,1.593401622,1,1,0,0,69.00533453,0.192329074
23-01-2024,5,Summer Maxi Dress,46,1477.038568,1.593401622,1,1,0,0,69.00533453,0.192329074
23-01-2024,6,Bridal Gown,76,1477.038568,1.593401622,1,1,0,0,69.00533453,0.192329074
23-01-2024,7,Traditional Ethnic Dress,41,1477.038568,1.593401622,1,1,0,0,69.00533453,0.192329074
23-01-2024,8,Maternity Nursing Dress,11,1477.038568,1.593401622,1,1,0,0,69.00533453,0.192329074
23-01-2024,9,Sporty Athleisure Dress,28,1477.038568,1.593401622,1,1,0,0,69.00533453,0.192329074
23-01-2024,10,Customizable Dress,83,1477.038568,1.593401622,1,1,0,0,69.00533453,0.192329074
24-01-2024,1,Floral Sundress,57,1206.339599,2.60133605,0,1,0,0,78.40507993,0.346989987
24-01-2024,2,Evening Gown,11,1206.339599,2.60133605,0,1,0,0,78.40507993,0.346989987
24-01-2024,3,Business Casual Dress,78,1206.339599,2.60133605,0,1,0,0,78.40507993,0.346989987
24-01-2024,4,Sequin Party Dress,34,1206.339599,2.60133605,0,1,0,0,78.40507993,0.346989987
24-01-2024,5,Summer Maxi Dress,72,1206.339599,2.60133605,0,1,0,0,78.40507993,0.346989987
24-01-2024,6,Bridal Gown,17,1206.339599,2.60133605,0,1,0,0,78.40507993,0.346989987
24-01-2024,7,Traditional Ethnic Dress,22,1206.339599,2.60133605,0,1,0,0,78.40507993,0.346989987
24-01-2024,8,Maternity Nursing Dress,58,1206.339599,2.60133605,0,1,0,0,78.40507993,0.346989987
24-01-2024,9,Sporty Athleisure Dress,14,1206.339599,2.60133605,0,1,0,0,78.40507993,0.346989987
24-01-2024,10,Customizable Dress,32,1206.339599,2.60133605,0,1,0,0,78.40507993,0.346989987
25-01-2024,1,Floral Sundress,20,1763.602159,3.362980653,0,1,0,0,74.87943313,0.697608524
25-01-2024,2,Evening Gown,33,1763.602159,3.362980653,0,1,0,0,74.87943313,0.697608524
25-01-2024,3,Business Casual Dress,78,1763.602159,3.362980653,0,1,0,0,74.87943313,0.697608524
25-01-2024,4,Sequin Party Dress,45,1763.602159,3.362980653,0,1,0,0,74.87943313,0.697608524
25-01-2024,5,Summer Maxi Dress,29,1763.602159,3.362980653,0,1,0,0,74.87943313,0.697608524
25-01-2024,6,Bridal Gown,17,1763.602159,3.362980653,0,1,0,0,74.87943313,0.697608524
25-01-2024,7,Traditional Ethnic Dress,14,1763.602159,3.362980653,0,1,0,0,74.87943313,0.697608524
25-01-2024,8,Maternity Nursing Dress,57,1763.602159,3.362980653,0,1,0,0,74.87943313,0.697608524
25-01-2024,9,Sporty Athleisure Dress,51,1763.602159,3.362980653,0,1,0,0,74.87943313,0.697608524
25-01-2024,10,Customizable Dress,33,1763.602159,3.362980653,0,1,0,0,74.87943313,0.697608524
26-01-2024,1,Floral Sundress,51,1711.21331,4.753015987,1,1,0,0,85.13652299,0.384408973
26-01-2024,2,Evening Gown,56,1711.21331,4.753015987,1,1,0,0,85.13652299,0.384408973
26-01-2024,3,Business Casual Dress,95,1711.21331,4.753015987,1,1,0,0,85.13652299,0.384408973
26-01-2024,4,Sequin Party Dress,48,1711.21331,4.753015987,1,1,0,0,85.13652299,0.384408973
26-01-2024,5,Summer Maxi Dress,13,1711.21331,4.753015987,1,1,0,0,85.13652299,0.384408973
26-01-2024,6,Bridal Gown,87,1711.21331,4.753015987,1,1,0,0,85.13652299,0.384408973
26-01-2024,7,Traditional Ethnic Dress,36,1711.21331,4.753015987,1,1,0,0,85.13652299,0.384408973
26-01-2024,8,Maternity Nursing Dress,14,1711.21331,4.753015987,1,1,0,0,85.13652299,0.384408973
26-01-2024,9,Sporty Athleisure Dress,17,1711.21331,4.753015987,1,1,0,0,85.13652299,0.384408973
26-01-2024,10,Customizable Dress,66,1711.21331,4.753015987,1,1,0,0,85.13652299,0.384408973
27-01-2024,1,Floral Sundress,84,1167.503798,3.839831915,1,1,0,0,55.36011983,0.468780058
27-01-2024,2,Evening Gown,52,1167.503798,3.839831915,1,1,0,0,55.36011983,0.468780058
27-01-2024,3,Business Casual Dress,90,1167.503798,3.839831915,1,1,0,0,55.36011983,0.468780058
27-01-2024,4,Sequin Party Dress,40,1167.503798,3.839831915,1,1,0,0,55.36011983,0.468780058
27-01-2024,5,Summer Maxi Dress,66,1167.503798,3.839831915,1,1,0,0,55.36011983,0.468780058
27-01-2024,6,Bridal Gown,13,1167.503798,3.839831915,1,1,0,0,55.36011983,0.468780058
27-01-2024,7,Traditional Ethnic Dress,14,1167.503798,3.839831915,1,1,0,0,55.36011983,0.468780058
27-01-2024,8,Maternity Nursing Dress,58,1167.503798,3.839831915,1,1,0,0,55.36011983,0.468780058
27-01-2024,9,Sporty Athleisure Dress,63,1167.503798,3.839831915,1,1,0,0,55.36011983,0.468780058
27-01-2024,10,Customizable Dress,77,1167.503798,3.839831915,1,1,0,0,55.36011983,0.468780058
28-01-2024,1,Floral Sundress,25,1676.817284,3.240381765,0,1,0,0,66.68552129,0.909720042
28-01-2024,2,Evening Gown,55,1676.817284,3.240381765,0,1,0,0,66.68552129,0.909720042
28-01-2024,3,Business Casual Dress,52,1676.817284,3.240381765,0,1,0,0,66.68552129,0.909720042
28-01-2024,4,Sequin Party Dress,21,1676.817284,3.240381765,0,1,0,0,66.68552129,0.909720042
28-01-2024,5,Summer Maxi Dress,86,1676.817284,3.240381765,0,1,0,0,66.68552129,0.909720042
28-01-2024,6,Bridal Gown,32,1676.817284,3.240381765,0,1,0,0,66.68552129,0.909720042
28-01-2024,7,Traditional Ethnic Dress,32,1676.817284,3.240381765,0,1,0,0,66.68552129,0.909720042
28-01-2024,8,Maternity Nursing Dress,23,1676.817284,3.240381765,0,1,0,0,66.68552129,0.909720042
28-01-2024,9,Sporty Athleisure Dress,89,1676.817284,3.240381765,0,1,0,0,66.68552129,0.909720042
28-01-2024,10,Customizable Dress,34,1676.817284,3.240381765,0,1,0,0,66.68552129,0.909720042
