Date,Product_ID,Product_Name,Category,Quantity_Sold,Wholesale_Price,Retail_Price,Revenue,Profit
01-01-2023,1,Polo shirt,Shirts,16,300,399,6384,1584
01-01-2023,2,Jeans,Pants,29,600,699,20271,2871
01-01-2023,3,Denim jacket,Outerwear,24,700,749,17976,1176
01-01-2023,4,Tuxedo, Suits,20,560,669,13380,2180
01-01-2023,5,V-neck -Sweaters,Sweaters,17,420,489,8313,1173
01-01-2023,6,Graphic T-shirt,T-shirts,16,150,199,3184,784
01-01-2023,7,Running jacket,Activewear,28,420,499,13972,2212
01-01-2023,8,Belt,Accessories,20,110,159,3180,980
01-01-2023,9,Watch,Accessories,20,380,419,8380,780
01-01-2023,10,Sneakers,Footwear,13,350,449,5837,1287
02-01-2023,1,Polo shirt,Shirts,17,300,399,6783,1683
02-01-2023,2,Jeans,Pants,12,600,699,8388,1188
02-01-2023,3,Denim jacket,Outerwear,11,700,749,8239,539
02-01-2023,4,Tuxedo, Suits,21,560,669,14049,2289
02-01-2023,5,V-neck -Sweaters,Sweaters,15,420,489,7335,1035
02-01-2023,6,Graphic T-shirt,T-shirts,11,150,199,2189,539
02-01-2023,7,Running jacket,Activewear,10,420,499,4990,790
02-01-2023,8,Belt,Accessories,21,110,159,3339,1029
02-01-2023,9,Watch,Accessories,21,380,419,8799,819
02-01-2023,10,Sneakers,Footwear,26,350,449,11674,2574
03-01-2023,1,Polo shirt,Shirts,19,300,399,7581,1881
03-01-2023,2,Jeans,Pants,25,600,699,17475,2475
03-01-2023,3,Denim jacket,Outerwear,24,700,749,17976,1176
03-01-2023,4,Tuxedo, Suits,24,560,669,16056,2616
03-01-2023,5,V-neck -Sweaters,Sweaters,28,420,489,13692,1932
03-01-2023,6,Graphic T-shirt,T-shirts,21,150,199,4179,1029
03-01-2023,7,Running jacket,Activewear,29,420,499,14471,2291
03-01-2023,8,Belt,Accessories,12,110,159,1908,588
03-01-2023,9,Watch,Accessories,14,380,419,5866,546
03-01-2023,10,Sneakers,Footwear,28,350,449,12572,2772
04-01-2023,1,Polo shirt,Shirts,16,300,399,6384,1584
04-01-2023,2,Jeans,Pants,18,600,699,12582,1782
04-01-2023,3,Denim jacket,Outerwear,16,700,749,11984,784
04-01-2023,4,Tuxedo, Suits,27,560,669,18063,2943
04-01-2023,5,V-neck -Sweaters,Sweaters,13,420,489,6357,897
04-01-2023,6,Graphic T-shirt,T-shirts,23,150,199,4577,1127
04-01-2023,7,Running jacket,Activewear,27,420,499,13473,2133
04-01-2023,8,Belt,Accessories,18,110,159,2862,882
04-01-2023,9,Watch,Accessories,11,380,419,4609,429
04-01-2023,10,Sneakers,Footwear,29,350,449,13021,2871
05-01-2023,1,Polo shirt,Shirts,24,300,399,9576,2376
05-01-2023,2,Jeans,Pants,16,600,699,11184,1584
05-01-2023,3,Denim jacket,Outerwear,21,700,749,15729,1029
05-01-2023,4,Tuxedo, Suits,17,560,669,11373,1853
05-01-2023,5,V-neck -Sweaters,Sweaters,24,420,489,11736,1656
05-01-2023,6,Graphic T-shirt,T-shirts,12,150,199,2388,588
05-01-2023,7,Running jacket,Activewear,23,420,499,11477,1817
05-01-2023,8,Belt,Accessories,26,110,159,4134,1274
05-01-2023,9,Watch,Accessories,13,380,419,5447,507
05-01-2023,10,Sneakers,Footwear,27,350,449,12123,2673
06-01-2023,1,Polo shirt,Shirts,17,300,399,6783,1683
06-01-2023,2,Jeans,Pants,13,600,699,9087,1287
06-01-2023,3,Denim jacket,Outerwear,11,700,749,8239,539
06-01-2023,4,Tuxedo, Suits,15,560,669,10035,1635
06-01-2023,5,V-neck -Sweaters,Sweaters,19,420,489,9291,1311
06-01-2023,6,Graphic T-shirt,T-shirts,13,150,199,2587,637
06-01-2023,7,Running jacket,Activewear,27,420,499,13473,2133
06-01-2023,8,Belt,Accessories,21,110,159,3339,1029
06-01-2023,9,Watch,Accessories,11,380,419,4609,429
06-01-2023,10,Sneakers,Footwear,19,350,449,8531,1881
07-01-2023,1,Polo shirt,Shirts,13,300,399,5187,1287
07-01-2023,2,Jeans,Pants,23,600,699,16077,2277
07-01-2023,3,Denim jacket,Outerwear,25,700,749,18725,1225
07-01-2023,4,Tuxedo, Suits,24,560,669,16056,2616
07-01-2023,5,V-neck -Sweaters,Sweaters,17,420,489,8313,1173
07-01-2023,6,Graphic T-shirt,T-shirts,23,150,199,4577,1127
07-01-2023,7,Running jacket,Activewear,17,420,499,8483,1343
07-01-2023,8,Belt,Accessories,25,110,159,3975,1225
07-01-2023,9,Watch,Accessories,22,380,419,9218,858
07-01-2023,10,Sneakers,Footwear,27,350,449,12123,2673
08-01-2023,1,Polo shirt,Shirts,24,300,399,9576,2376
08-01-2023,2,Jeans,Pants,22,600,699,15378,2178
08-01-2023,3,Denim jacket,Outerwear,18,700,749,13482,882
08-01-2023,4,Tuxedo, Suits,24,560,669,16056,2616
08-01-2023,5,V-neck -Sweaters,Sweaters,22,420,489,10758,1518
08-01-2023,6,Graphic T-shirt,T-shirts,10,150,199,1990,490
08-01-2023,7,Running jacket,Activewear,16,420,499,7984,1264
08-01-2023,8,Belt,Accessories,18,110,159,2862,882
08-01-2023,9,Watch,Accessories,10,380,419,4190,390
08-01-2023,10,Sneakers,Footwear,21,350,449,9429,2079
09-01-2023,1,Polo shirt,Shirts,17,300,399,6783,1683
09-01-2023,2,Jeans,Pants,20,600,699,13980,1980
09-01-2023,3,Denim jacket,Outerwear,28,700,749,20972,1372
09-01-2023,4,Tuxedo, Suits,26,560,669,17394,2834
09-01-2023,5,V-neck -Sweaters,Sweaters,17,420,489,8313,1173
09-01-2023,6,Graphic T-shirt,T-shirts,12,150,199,2388,588
09-01-2023,7,Running jacket,Activewear,12,420,499,5988,948
09-01-2023,8,Belt,Accessories,10,110,159,1590,490
09-01-2023,9,Watch,Accessories,14,380,419,5866,546
09-01-2023,10,Sneakers,Footwear,19,350,449,8531,1881
10-01-2023,1,Polo shirt,Shirts,16,300,399,6384,1584
10-01-2023,2,Jeans,Pants,18,600,699,12582,1782
10-01-2023,3,Denim jacket,Outerwear,16,700,749,11984,784
10-01-2023,4,Tuxedo, Suits,18,560,669,12042,1962
10-01-2023,5,V-neck -Sweaters,Sweaters,17,420,489,8313,1173
10-01-2023,6,Graphic T-shirt,T-shirts,21,150,199,4179,1029
10-01-2023,7,Running jacket,Activewear,11,420,499,5489,869
10-01-2023,8,Belt,Accessories,10,110,159,1590,490
10-01-2023,9,Watch,Accessories,25,380,419,10475,975
10-01-2023,10,Sneakers,Footwear,14,350,449,6286,1386
11-01-2023,1,Polo shirt,Shirts,12,300,399,4788,1188
11-01-2023,2,Jeans,Pants,21,600,699,14679,2079
11-01-2023,3,Denim jacket,Outerwear,17,700,749,12733,833
11-01-2023,4,Tuxedo, Suits,12,560,669,8028,1308
11-01-2023,5,V-neck -Sweaters,Sweaters,10,420,489,4890,690
11-01-2023,6,Graphic T-shirt,T-shirts,12,150,199,2388,588
11-01-2023,7,Running jacket,Activewear,14,420,499,6986,1106
11-01-2023,8,Belt,Accessories,24,110,159,3816,1176
11-01-2023,9,Watch,Accessories,23,380,419,9637,897
11-01-2023,10,Sneakers,Footwear,12,350,449,5388,1188
12-01-2023,1,Polo shirt,Shirts,10,300,399,3990,990
12-01-2023,2,Jeans,Pants,14,600,699,9786,1386
12-01-2023,3,Denim jacket,Outerwear,23,700,749,17227,1127
12-01-2023,4,Tuxedo, Suits,16,560,669,10704,1744
12-01-2023,5,V-neck -Sweaters,Sweaters,18,420,489,8802,1242
12-01-2023,6,Graphic T-shirt,T-shirts,24,150,199,4776,1176
12-01-2023,7,Running jacket,Activewear,24,420,499,11976,1896
12-01-2023,8,Belt,Accessories,19,110,159,3021,931
12-01-2023,9,Watch,Accessories,22,380,419,9218,858
12-01-2023,10,Sneakers,Footwear,28,350,449,12572,2772
13-01-2023,1,Polo shirt,Shirts,16,300,399,6384,1584
13-01-2023,2,Jeans,Pants,26,600,699,18174,2574
13-01-2023,3,Denim jacket,Outerwear,29,700,749,21721,1421
13-01-2023,4,Tuxedo, Suits,13,560,669,8697,1417
13-01-2023,5,V-neck -Sweaters,Sweaters,14,420,489,6846,966
13-01-2023,6,Graphic T-shirt,T-shirts,16,150,199,3184,784
13-01-2023,7,Running jacket,Activewear,22,420,499,10978,1738
13-01-2023,8,Belt,Accessories,24,110,159,3816,1176
13-01-2023,9,Watch,Accessories,20,380,419,8380,780
13-01-2023,10,Sneakers,Footwear,13,350,449,5837,1287
14-01-2023,1,Polo shirt,Shirts,22,300,399,8778,2178
14-01-2023,2,Jeans,Pants,16,600,699,11184,1584
14-01-2023,3,Denim jacket,Outerwear,28,700,749,20972,1372
14-01-2023,4,Tuxedo, Suits,11,560,669,7359,1199
14-01-2023,5,V-neck -Sweaters,Sweaters,19,420,489,9291,1311
14-01-2023,6,Graphic T-shirt,T-shirts,22,150,199,4378,1078
14-01-2023,7,Running jacket,Activewear,15,420,499,7485,1185
14-01-2023,8,Belt,Accessories,21,110,159,3339,1029
14-01-2023,9,Watch,Accessories,21,380,419,8799,819
14-01-2023,10,Sneakers,Footwear,29,350,449,13021,2871
15-01-2023,1,Polo shirt,Shirts,20,300,399,7980,1980
15-01-2023,2,Jeans,Pants,16,600,699,11184,1584
15-01-2023,3,Denim jacket,Outerwear,10,700,749,7490,490
15-01-2023,4,Tuxedo, Suits,10,560,669,6690,1090
15-01-2023,5,V-neck -Sweaters,Sweaters,29,420,489,14181,2001
15-01-2023,6,Graphic T-shirt,T-shirts,22,150,199,4378,1078
15-01-2023,7,Running jacket,Activewear,18,420,499,8982,1422
15-01-2023,8,Belt,Accessories,12,110,159,1908,588
15-01-2023,9,Watch,Accessories,16,380,419,6704,624
15-01-2023,10,Sneakers,Footwear,15,350,449,6735,1485
16-01-2023,1,Polo shirt,Shirts,17,300,399,6783,1683
16-01-2023,2,Jeans,Pants,18,600,699,12582,1782
16-01-2023,3,Denim jacket,Outerwear,14,700,749,10486,686
16-01-2023,4,Tuxedo, Suits,10,560,669,6690,1090
16-01-2023,5,V-neck -Sweaters,Sweaters,28,420,489,13692,1932
16-01-2023,6,Graphic T-shirt,T-shirts,19,150,199,3781,931
16-01-2023,7,Running jacket,Activewear,21,420,499,10479,1659
16-01-2023,8,Belt,Accessories,24,110,159,3816,1176
16-01-2023,9,Watch,Accessories,18,380,419,7542,702
16-01-2023,10,Sneakers,Footwear,29,350,449,13021,2871
17-01-2023,1,Polo shirt,Shirts,26,300,399,10374,2574
17-01-2023,2,Jeans,Pants,26,600,699,18174,2574
17-01-2023,3,Denim jacket,Outerwear,29,700,749,21721,1421
17-01-2023,4,Tuxedo, Suits,21,560,669,14049,2289
17-01-2023,5,V-neck -Sweaters,Sweaters,16,420,489,7824,1104
17-01-2023,6,Graphic T-shirt,T-shirts,11,150,199,2189,539
17-01-2023,7,Running jacket,Activewear,12,420,499,5988,948
17-01-2023,8,Belt,Accessories,26,110,159,4134,1274
17-01-2023,9,Watch,Accessories,14,380,419,5866,546
17-01-2023,10,Sneakers,Footwear,26,350,449,11674,2574
18-01-2023,1,Polo shirt,Shirts,26,300,399,10374,2574
18-01-2023,2,Jeans,Pants,26,600,699,18174,2574
18-01-2023,3,Denim jacket,Outerwear,11,700,749,8239,539
18-01-2023,4,Tuxedo, Suits,11,560,669,7359,1199
18-01-2023,5,V-neck -Sweaters,Sweaters,14,420,489,6846,966
18-01-2023,6,Graphic T-shirt,T-shirts,10,150,199,1990,490
18-01-2023,7,Running jacket,Activewear,10,420,499,4990,790
18-01-2023,8,Belt,Accessories,28,110,159,4452,1372
18-01-2023,9,Watch,Accessories,11,380,419,4609,429
18-01-2023,10,Sneakers,Footwear,21,350,449,9429,2079
19-01-2023,1,Polo shirt,Shirts,15,300,399,5985,1485
19-01-2023,2,Jeans,Pants,13,600,699,9087,1287
19-01-2023,3,Denim jacket,Outerwear,20,700,749,14980,980
19-01-2023,4,Tuxedo, Suits,26,560,669,17394,2834
19-01-2023,5,V-neck -Sweaters,Sweaters,15,420,489,7335,1035
19-01-2023,6,Graphic T-shirt,T-shirts,14,150,199,2786,686
19-01-2023,7,Running jacket,Activewear,29,420,499,14471,2291
19-01-2023,8,Belt,Accessories,11,110,159,1749,539
19-01-2023,9,Watch,Accessories,15,380,419,6285,585
19-01-2023,10,Sneakers,Footwear,20,350,449,8980,1980
20-01-2023,1,Polo shirt,Shirts,25,300,399,9975,2475
20-01-2023,2,Jeans,Pants,25,600,699,17475,2475
20-01-2023,3,Denim jacket,Outerwear,10,700,749,7490,490
20-01-2023,4,Tuxedo, Suits,18,560,669,12042,1962
20-01-2023,5,V-neck -Sweaters,Sweaters,15,420,489,7335,1035
20-01-2023,6,Graphic T-shirt,T-shirts,25,150,199,4975,1225
20-01-2023,7,Running jacket,Activewear,12,420,499,5988,948
20-01-2023,8,Belt,Accessories,29,110,159,4611,1421
20-01-2023,9,Watch,Accessories,13,380,419,5447,507
20-01-2023,10,Sneakers,Footwear,28,350,449,12572,2772
21-01-2023,1,Polo shirt,Shirts,12,300,399,4788,1188
21-01-2023,2,Jeans,Pants,28,600,699,19572,2772
21-01-2023,3,Denim jacket,Outerwear,29,700,749,21721,1421
21-01-2023,4,Tuxedo, Suits,16,560,669,10704,1744
21-01-2023,5,V-neck -Sweaters,Sweaters,29,420,489,14181,2001
21-01-2023,6,Graphic T-shirt,T-shirts,18,150,199,3582,882
21-01-2023,7,Running jacket,Activewear,10,420,499,4990,790
21-01-2023,8,Belt,Accessories,17,110,159,2703,833
21-01-2023,9,Watch,Accessories,16,380,419,6704,624
21-01-2023,10,Sneakers,Footwear,27,350,449,12123,2673
22-01-2023,1,Polo shirt,Shirts,17,300,399,6783,1683
22-01-2023,2,Jeans,Pants,10,600,699,6990,990
22-01-2023,3,Denim jacket,Outerwear,20,700,749,14980,980
22-01-2023,4,Tuxedo, Suits,27,560,669,18063,2943
22-01-2023,5,V-neck -Sweaters,Sweaters,19,420,489,9291,1311
22-01-2023,6,Graphic T-shirt,T-shirts,12,150,199,2388,588
22-01-2023,7,Running jacket,Activewear,16,420,499,7984,1264
22-01-2023,8,Belt,Accessories,25,110,159,3975,1225
22-01-2023,9,Watch,Accessories,25,380,419,10475,975
22-01-2023,10,Sneakers,Footwear,29,350,449,13021,2871
23-01-2023,1,Polo shirt,Shirts,26,300,399,10374,2574
23-01-2023,2,Jeans,Pants,11,600,699,7689,1089
23-01-2023,3,Denim jacket,Outerwear,10,700,749,7490,490
23-01-2023,4,Tuxedo, Suits,25,560,669,16725,2725
23-01-2023,5,V-neck -Sweaters,Sweaters,21,420,489,10269,1449
23-01-2023,6,Graphic T-shirt,T-shirts,14,150,199,2786,686
23-01-2023,7,Running jacket,Activewear,14,420,499,6986,1106
23-01-2023,8,Belt,Accessories,18,110,159,2862,882
23-01-2023,9,Watch,Accessories,18,380,419,7542,702
23-01-2023,10,Sneakers,Footwear,12,350,449,5388,1188
24-01-2023,1,Polo shirt,Shirts,28,300,399,11172,2772
24-01-2023,2,Jeans,Pants,25,600,699,17475,2475
24-01-2023,3,Denim jacket,Outerwear,25,700,749,18725,1225
24-01-2023,4,Tuxedo, Suits,12,560,669,8028,1308
24-01-2023,5,V-neck -Sweaters,Sweaters,29,420,489,14181,2001
24-01-2023,6,Graphic T-shirt,T-shirts,10,150,199,1990,490
24-01-2023,7,Running jacket,Activewear,29,420,499,14471,2291
24-01-2023,8,Belt,Accessories,20,110,159,3180,980
24-01-2023,9,Watch,Accessories,26,380,419,10894,1014
24-01-2023,10,Sneakers,Footwear,17,350,449,7633,1683
25-01-2023,1,Polo shirt,Shirts,13,300,399,5187,1287
25-01-2023,2,Jeans,Pants,15,600,699,10485,1485
25-01-2023,3,Denim jacket,Outerwear,17,700,749,12733,833
25-01-2023,4,Tuxedo, Suits,29,560,669,19401,3161
25-01-2023,5,V-neck -Sweaters,Sweaters,12,420,489,5868,828
25-01-2023,6,Graphic T-shirt,T-shirts,25,150,199,4975,1225
25-01-2023,7,Running jacket,Activewear,12,420,499,5988,948
25-01-2023,8,Belt,Accessories,27,110,159,4293,1323
25-01-2023,9,Watch,Accessories,23,380,419,9637,897
25-01-2023,10,Sneakers,Footwear,27,350,449,12123,2673
26-01-2023,1,Polo shirt,Shirts,11,300,399,4389,1089
26-01-2023,2,Jeans,Pants,12,600,699,8388,1188
26-01-2023,3,Denim jacket,Outerwear,25,700,749,18725,1225
26-01-2023,4,Tuxedo, Suits,18,560,669,12042,1962
26-01-2023,5,V-neck -Sweaters,Sweaters,13,420,489,6357,897
26-01-2023,6,Graphic T-shirt,T-shirts,10,150,199,1990,490
26-01-2023,7,Running jacket,Activewear,13,420,499,6487,1027
26-01-2023,8,Belt,Accessories,10,110,159,1590,490
26-01-2023,9,Watch,Accessories,23,380,419,9637,897
26-01-2023,10,Sneakers,Footwear,25,350,449,11225,2475
27-01-2023,1,Polo shirt,Shirts,29,300,399,11571,2871
27-01-2023,2,Jeans,Pants,17,600,699,11883,1683
27-01-2023,3,Denim jacket,Outerwear,16,700,749,11984,784
27-01-2023,4,Tuxedo, Suits,12,560,669,8028,1308
27-01-2023,5,V-neck -Sweaters,Sweaters,26,420,489,12714,1794
27-01-2023,6,Graphic T-shirt,T-shirts,10,150,199,1990,490
27-01-2023,7,Running jacket,Activewear,25,420,499,12475,1975
27-01-2023,8,Belt,Accessories,21,110,159,3339,1029
27-01-2023,9,Watch,Accessories,28,380,419,11732,1092
27-01-2023,10,Sneakers,Footwear,23,350,449,10327,2277
28-01-2023,1,Polo shirt,Shirts,15,300,399,5985,1485
28-01-2023,2,Jeans,Pants,15,600,699,10485,1485
28-01-2023,3,Denim jacket,Outerwear,22,700,749,16478,1078
28-01-2023,4,Tuxedo, Suits,28,560,669,18732,3052
28-01-2023,5,V-neck -Sweaters,Sweaters,17,420,489,8313,1173
28-01-2023,6,Graphic T-shirt,T-shirts,11,150,199,2189,539
28-01-2023,7,Running jacket,Activewear,10,420,499,4990,790
28-01-2023,8,Belt,Accessories,24,110,159,3816,1176
28-01-2023,9,Watch,Accessories,10,380,419,4190,390
28-01-2023,10,Sneakers,Footwear,14,350,449,6286,1386
29-01-2023,1,Polo shirt,Shirts,25,300,399,9975,2475
29-01-2023,2,Jeans,Pants,28,600,699,19572,2772
29-01-2023,3,Denim jacket,Outerwear,13,700,749,9737,637
29-01-2023,4,Tuxedo, Suits,12,560,669,8028,1308
29-01-2023,5,V-neck -Sweaters,Sweaters,26,420,489,12714,1794
29-01-2023,6,Graphic T-shirt,T-shirts,26,150,199,5174,1274
29-01-2023,7,Running jacket,Activewear,21,420,499,10479,1659
29-01-2023,8,Belt,Accessories,23,110,159,3657,1127
29-01-2023,9,Watch,Accessories,15,380,419,6285,585
29-01-2023,10,Sneakers,Footwear,12,350,449,5388,1188
30-01-2023,1,Polo shirt,Shirts,18,300,399,7182,1782
30-01-2023,2,Jeans,Pants,14,600,699,9786,1386
30-01-2023,3,Denim jacket,Outerwear,26,700,749,19474,1274
30-01-2023,4,Tuxedo, Suits,23,560,669,15387,2507
30-01-2023,5,V-neck -Sweaters,Sweaters,12,420,489,5868,828
30-01-2023,6,Graphic T-shirt,T-shirts,10,150,199,1990,490
30-01-2023,7,Running jacket,Activewear,29,420,499,14471,2291
30-01-2023,8,Belt,Accessories,10,110,159,1590,490
30-01-2023,9,Watch,Accessories,12,380,419,5028,468
30-01-2023,10,Sneakers,Footwear,27,350,449,12123,2673
31-01-2023,1,Polo shirt,Shirts,19,300,399,7581,1881
31-01-2023,2,Jeans,Pants,12,600,699,8388,1188
31-01-2023,3,Denim jacket,Outerwear,17,700,749,12733,833
31-01-2023,4,Tuxedo, Suits,23,560,669,15387,2507
31-01-2023,5,V-neck -Sweaters,Sweaters,27,420,489,13203,1863
31-01-2023,6,Graphic T-shirt,T-shirts,24,150,199,4776,1176
31-01-2023,7,Running jacket,Activewear,11,420,499,5489,869
31-01-2023,8,Belt,Accessories,19,110,159,3021,931
31-01-2023,9,Watch,Accessories,11,380,419,4609,429
31-01-2023,10,Sneakers,Footwear,26,350,449,11674,2574
01-02-2023,1,Polo shirt,Shirts,17,300,399,6783,1683
01-02-2023,2,Jeans,Pants,10,600,699,6990,990
01-02-2023,3,Denim jacket,Outerwear,18,700,749,13482,882
01-02-2023,4,Tuxedo, Suits,20,560,669,13380,2180
01-02-2023,5,V-neck -Sweaters,Sweaters,25,420,489,12225,1725
01-02-2023,6,Graphic T-shirt,T-shirts,16,150,199,3184,784
01-02-2023,7,Running jacket,Activewear,19,420,499,9481,1501
01-02-2023,8,Belt,Accessories,12,110,159,1908,588
01-02-2023,9,Watch,Accessories,27,380,419,11313,1053
01-02-2023,10,Sneakers,Footwear,22,350,449,9878,2178
02-02-2023,1,Polo shirt,Shirts,16,300,399,6384,1584
02-02-2023,2,Jeans,Pants,13,600,699,9087,1287
02-02-2023,3,Denim jacket,Outerwear,22,700,749,16478,1078
02-02-2023,4,Tuxedo, Suits,29,560,669,19401,3161
02-02-2023,5,V-neck -Sweaters,Sweaters,10,420,489,4890,690
02-02-2023,6,Graphic T-shirt,T-shirts,17,150,199,3383,833
02-02-2023,7,Running jacket,Activewear,23,420,499,11477,1817
02-02-2023,8,Belt,Accessories,25,110,159,3975,1225
02-02-2023,9,Watch,Accessories,23,380,419,9637,897
02-02-2023,10,Sneakers,Footwear,21,350,449,9429,2079
03-02-2023,1,Polo shirt,Shirts,28,300,399,11172,2772
03-02-2023,2,Jeans,Pants,24,600,699,16776,2376
03-02-2023,3,Denim jacket,Outerwear,11,700,749,8239,539
03-02-2023,4,Tuxedo, Suits,11,560,669,7359,1199
03-02-2023,5,V-neck -Sweaters,Sweaters,28,420,489,13692,1932
03-02-2023,6,Graphic T-shirt,T-shirts,26,150,199,5174,1274
03-02-2023,7,Running jacket,Activewear,29,420,499,14471,2291
03-02-2023,8,Belt,Accessories,19,110,159,3021,931
03-02-2023,9,Watch,Accessories,15,380,419,6285,585
03-02-2023,10,Sneakers,Footwear,24,350,449,10776,2376
04-02-2023,1,Polo shirt,Shirts,20,300,399,7980,1980
04-02-2023,2,Jeans,Pants,14,600,699,9786,1386
04-02-2023,3,Denim jacket,Outerwear,10,700,749,7490,490
04-02-2023,4,Tuxedo, Suits,17,560,669,11373,1853
04-02-2023,5,V-neck -Sweaters,Sweaters,21,420,489,10269,1449
04-02-2023,6,Graphic T-shirt,T-shirts,21,150,199,4179,1029
04-02-2023,7,Running jacket,Activewear,14,420,499,6986,1106
04-02-2023,8,Belt,Accessories,16,110,159,2544,784
04-02-2023,9,Watch,Accessories,13,380,419,5447,507
04-02-2023,10,Sneakers,Footwear,15,350,449,6735,1485
05-02-2023,1,Polo shirt,Shirts,22,300,399,8778,2178
05-02-2023,2,Jeans,Pants,29,600,699,20271,2871
05-02-2023,3,Denim jacket,Outerwear,24,700,749,17976,1176
05-02-2023,4,Tuxedo, Suits,12,560,669,8028,1308
05-02-2023,5,V-neck -Sweaters,Sweaters,17,420,489,8313,1173
05-02-2023,6,Graphic T-shirt,T-shirts,29,150,199,5771,1421
05-02-2023,7,Running jacket,Activewear,25,420,499,12475,1975
05-02-2023,8,Belt,Accessories,22,110,159,3498,1078
05-02-2023,9,Watch,Accessories,27,380,419,11313,1053
05-02-2023,10,Sneakers,Footwear,19,350,449,8531,1881
06-02-2023,1,Polo shirt,Shirts,28,300,399,11172,2772
06-02-2023,2,Jeans,Pants,26,600,699,18174,2574
06-02-2023,3,Denim jacket,Outerwear,28,700,749,20972,1372
06-02-2023,4,Tuxedo, Suits,14,560,669,9366,1526
06-02-2023,5,V-neck -Sweaters,Sweaters,18,420,489,8802,1242
06-02-2023,6,Graphic T-shirt,T-shirts,21,150,199,4179,1029
06-02-2023,7,Running jacket,Activewear,10,420,499,4990,790
06-02-2023,8,Belt,Accessories,10,110,159,1590,490
06-02-2023,9,Watch,Accessories,24,380,419,10056,936
06-02-2023,10,Sneakers,Footwear,11,350,449,4939,1089
07-02-2023,1,Polo shirt,Shirts,25,300,399,9975,2475
07-02-2023,2,Jeans,Pants,17,600,699,11883,1683
07-02-2023,3,Denim jacket,Outerwear,22,700,749,16478,1078
07-02-2023,4,Tuxedo, Suits,10,560,669,6690,1090
07-02-2023,5,V-neck -Sweaters,Sweaters,25,420,489,12225,1725
07-02-2023,6,Graphic T-shirt,T-shirts,16,150,199,3184,784
07-02-2023,7,Running jacket,Activewear,14,420,499,6986,1106
07-02-2023,8,Belt,Accessories,12,110,159,1908,588
07-02-2023,9,Watch,Accessories,21,380,419,8799,819
07-02-2023,10,Sneakers,Footwear,25,350,449,11225,2475
08-02-2023,1,Polo shirt,Shirts,28,300,399,11172,2772
08-02-2023,2,Jeans,Pants,14,600,699,9786,1386
08-02-2023,3,Denim jacket,Outerwear,23,700,749,17227,1127
08-02-2023,4,Tuxedo, Suits,14,560,669,9366,1526
08-02-2023,5,V-neck -Sweaters,Sweaters,24,420,489,11736,1656
08-02-2023,6,Graphic T-shirt,T-shirts,26,150,199,5174,1274
08-02-2023,7,Running jacket,Activewear,23,420,499,11477,1817
08-02-2023,8,Belt,Accessories,29,110,159,4611,1421
08-02-2023,9,Watch,Accessories,14,380,419,5866,546
08-02-2023,10,Sneakers,Footwear,21,350,449,9429,2079
09-02-2023,1,Polo shirt,Shirts,25,300,399,9975,2475
09-02-2023,2,Jeans,Pants,25,600,699,17475,2475
09-02-2023,3,Denim jacket,Outerwear,16,700,749,11984,784
09-02-2023,4,Tuxedo, Suits,13,560,669,8697,1417
09-02-2023,5,V-neck -Sweaters,Sweaters,10,420,489,4890,690
09-02-2023,6,Graphic T-shirt,T-shirts,14,150,199,2786,686
09-02-2023,7,Running jacket,Activewear,19,420,499,9481,1501
09-02-2023,8,Belt,Accessories,14,110,159,2226,686
09-02-2023,9,Watch,Accessories,13,380,419,5447,507
09-02-2023,10,Sneakers,Footwear,11,350,449,4939,1089
10-02-2023,1,Polo shirt,Shirts,29,300,399,11571,2871
10-02-2023,2,Jeans,Pants,19,600,699,13281,1881
10-02-2023,3,Denim jacket,Outerwear,28,700,749,20972,1372
10-02-2023,4,Tuxedo, Suits,10,560,669,6690,1090
10-02-2023,5,V-neck -Sweaters,Sweaters,14,420,489,6846,966
10-02-2023,6,Graphic T-shirt,T-shirts,22,150,199,4378,1078
10-02-2023,7,Running jacket,Activewear,13,420,499,6487,1027
10-02-2023,8,Belt,Accessories,25,110,159,3975,1225
10-02-2023,9,Watch,Accessories,25,380,419,10475,975
10-02-2023,10,Sneakers,Footwear,11,350,449,4939,1089
11-02-2023,1,Polo shirt,Shirts,26,300,399,10374,2574
11-02-2023,2,Jeans,Pants,29,600,699,20271,2871
11-02-2023,3,Denim jacket,Outerwear,21,700,749,15729,1029
11-02-2023,4,Tuxedo, Suits,27,560,669,18063,2943
11-02-2023,5,V-neck -Sweaters,Sweaters,12,420,489,5868,828
11-02-2023,6,Graphic T-shirt,T-shirts,10,150,199,1990,490
11-02-2023,7,Running jacket,Activewear,10,420,499,4990,790
11-02-2023,8,Belt,Accessories,28,110,159,4452,1372
11-02-2023,9,Watch,Accessories,20,380,419,8380,780
11-02-2023,10,Sneakers,Footwear,14,350,449,6286,1386
12-02-2023,1,Polo shirt,Shirts,21,300,399,8379,2079
12-02-2023,2,Jeans,Pants,12,600,699,8388,1188
12-02-2023,3,Denim jacket,Outerwear,10,700,749,7490,490
12-02-2023,4,Tuxedo, Suits,10,560,669,6690,1090
12-02-2023,5,V-neck -Sweaters,Sweaters,17,420,489,8313,1173
12-02-2023,6,Graphic T-shirt,T-shirts,19,150,199,3781,931
12-02-2023,7,Running jacket,Activewear,20,420,499,9980,1580
12-02-2023,8,Belt,Accessories,21,110,159,3339,1029
12-02-2023,9,Watch,Accessories,22,380,419,9218,858
12-02-2023,10,Sneakers,Footwear,21,350,449,9429,2079
13-02-2023,1,Polo shirt,Shirts,23,300,399,9177,2277
13-02-2023,2,Jeans,Pants,11,600,699,7689,1089
13-02-2023,3,Denim jacket,Outerwear,28,700,749,20972,1372
13-02-2023,4,Tuxedo, Suits,27,560,669,18063,2943
13-02-2023,5,V-neck -Sweaters,Sweaters,12,420,489,5868,828
13-02-2023,6,Graphic T-shirt,T-shirts,26,150,199,5174,1274
13-02-2023,7,Running jacket,Activewear,17,420,499,8483,1343
13-02-2023,8,Belt,Accessories,19,110,159,3021,931
13-02-2023,9,Watch,Accessories,11,380,419,4609,429
13-02-2023,10,Sneakers,Footwear,28,350,449,12572,2772
14-02-2023,1,Polo shirt,Shirts,18,300,399,7182,1782
14-02-2023,2,Jeans,Pants,16,600,699,11184,1584
14-02-2023,3,Denim jacket,Outerwear,13,700,749,9737,637
14-02-2023,4,Tuxedo, Suits,27,560,669,18063,2943
14-02-2023,5,V-neck -Sweaters,Sweaters,22,420,489,10758,1518
14-02-2023,6,Graphic T-shirt,T-shirts,20,150,199,3980,980
14-02-2023,7,Running jacket,Activewear,13,420,499,6487,1027
14-02-2023,8,Belt,Accessories,13,110,159,2067,637
14-02-2023,9,Watch,Accessories,19,380,419,7961,741
14-02-2023,10,Sneakers,Footwear,14,350,449,6286,1386
15-02-2023,1,Polo shirt,Shirts,18,300,399,7182,1782
15-02-2023,2,Jeans,Pants,12,600,699,8388,1188
15-02-2023,3,Denim jacket,Outerwear,26,700,749,19474,1274
15-02-2023,4,Tuxedo, Suits,12,560,669,8028,1308
15-02-2023,5,V-neck -Sweaters,Sweaters,25,420,489,12225,1725
15-02-2023,6,Graphic T-shirt,T-shirts,13,150,199,2587,637
15-02-2023,7,Running jacket,Activewear,27,420,499,13473,2133
15-02-2023,8,Belt,Accessories,26,110,159,4134,1274
15-02-2023,9,Watch,Accessories,16,380,419,6704,624
15-02-2023,10,Sneakers,Footwear,14,350,449,6286,1386
16-02-2023,1,Polo shirt,Shirts,21,300,399,8379,2079
16-02-2023,2,Jeans,Pants,26,600,699,18174,2574
16-02-2023,3,Denim jacket,Outerwear,22,700,749,16478,1078
16-02-2023,4,Tuxedo, Suits,12,560,669,8028,1308
16-02-2023,5,V-neck -Sweaters,Sweaters,18,420,489,8802,1242
16-02-2023,6,Graphic T-shirt,T-shirts,26,150,199,5174,1274
16-02-2023,7,Running jacket,Activewear,26,420,499,12974,2054
16-02-2023,8,Belt,Accessories,29,110,159,4611,1421
16-02-2023,9,Watch,Accessories,25,380,419,10475,975
16-02-2023,10,Sneakers,Footwear,22,350,449,9878,2178
17-02-2023,1,Polo shirt,Shirts,28,300,399,11172,2772
17-02-2023,2,Jeans,Pants,26,600,699,18174,2574
17-02-2023,3,Denim jacket,Outerwear,13,700,749,9737,637
17-02-2023,4,Tuxedo, Suits,21,560,669,14049,2289
17-02-2023,5,V-neck -Sweaters,Sweaters,18,420,489,8802,1242
17-02-2023,6,Graphic T-shirt,T-shirts,28,150,199,5572,1372
17-02-2023,7,Running jacket,Activewear,21,420,499,10479,1659
17-02-2023,8,Belt,Accessories,18,110,159,2862,882
17-02-2023,9,Watch,Accessories,16,380,419,6704,624
17-02-2023,10,Sneakers,Footwear,23,350,449,10327,2277
18-02-2023,1,Polo shirt,Shirts,29,300,399,11571,2871
18-02-2023,2,Jeans,Pants,28,600,699,19572,2772
18-02-2023,3,Denim jacket,Outerwear,24,700,749,17976,1176
18-02-2023,4,Tuxedo, Suits,25,560,669,16725,2725
18-02-2023,5,V-neck -Sweaters,Sweaters,14,420,489,6846,966
18-02-2023,6,Graphic T-shirt,T-shirts,12,150,199,2388,588
18-02-2023,7,Running jacket,Activewear,21,420,499,10479,1659
18-02-2023,8,Belt,Accessories,29,110,159,4611,1421
18-02-2023,9,Watch,Accessories,13,380,419,5447,507
18-02-2023,10,Sneakers,Footwear,25,350,449,11225,2475
19-02-2023,1,Polo shirt,Shirts,16,300,399,6384,1584
19-02-2023,2,Jeans,Pants,22,600,699,15378,2178
19-02-2023,3,Denim jacket,Outerwear,19,700,749,14231,931
19-02-2023,4,Tuxedo, Suits,16,560,669,10704,1744
19-02-2023,5,V-neck -Sweaters,Sweaters,23,420,489,11247,1587
19-02-2023,6,Graphic T-shirt,T-shirts,14,150,199,2786,686
19-02-2023,7,Running jacket,Activewear,12,420,499,5988,948
19-02-2023,8,Belt,Accessories,20,110,159,3180,980
19-02-2023,9,Watch,Accessories,20,380,419,8380,780
19-02-2023,10,Sneakers,Footwear,27,350,449,12123,2673
20-02-2023,1,Polo shirt,Shirts,24,300,399,9576,2376
20-02-2023,2,Jeans,Pants,21,600,699,14679,2079
20-02-2023,3,Denim jacket,Outerwear,18,700,749,13482,882
20-02-2023,4,Tuxedo, Suits,19,560,669,12711,2071
20-02-2023,5,V-neck -Sweaters,Sweaters,21,420,489,10269,1449
20-02-2023,6,Graphic T-shirt,T-shirts,26,150,199,5174,1274
20-02-2023,7,Running jacket,Activewear,15,420,499,7485,1185
20-02-2023,8,Belt,Accessories,16,110,159,2544,784
20-02-2023,9,Watch,Accessories,23,380,419,9637,897
20-02-2023,10,Sneakers,Footwear,22,350,449,9878,2178
21-02-2023,1,Polo shirt,Shirts,17,300,399,6783,1683
21-02-2023,2,Jeans,Pants,19,600,699,13281,1881
21-02-2023,3,Denim jacket,Outerwear,18,700,749,13482,882
21-02-2023,4,Tuxedo, Suits,27,560,669,18063,2943
21-02-2023,5,V-neck -Sweaters,Sweaters,11,420,489,5379,759
21-02-2023,6,Graphic T-shirt,T-shirts,14,150,199,2786,686
21-02-2023,7,Running jacket,Activewear,14,420,499,6986,1106
21-02-2023,8,Belt,Accessories,15,110,159,2385,735
21-02-2023,9,Watch,Accessories,28,380,419,11732,1092
21-02-2023,10,Sneakers,Footwear,17,350,449,7633,1683
22-02-2023,1,Polo shirt,Shirts,25,300,399,9975,2475
22-02-2023,2,Jeans,Pants,22,600,699,15378,2178
22-02-2023,3,Denim jacket,Outerwear,10,700,749,7490,490
22-02-2023,4,Tuxedo, Suits,29,560,669,19401,3161
22-02-2023,5,V-neck -Sweaters,Sweaters,26,420,489,12714,1794
22-02-2023,6,Graphic T-shirt,T-shirts,16,150,199,3184,784
22-02-2023,7,Running jacket,Activewear,22,420,499,10978,1738
22-02-2023,8,Belt,Accessories,13,110,159,2067,637
22-02-2023,9,Watch,Accessories,13,380,419,5447,507
22-02-2023,10,Sneakers,Footwear,15,350,449,6735,1485
23-02-2023,1,Polo shirt,Shirts,28,300,399,11172,2772
23-02-2023,2,Jeans,Pants,21,600,699,14679,2079
23-02-2023,3,Denim jacket,Outerwear,16,700,749,11984,784
23-02-2023,4,Tuxedo, Suits,19,560,669,12711,2071
23-02-2023,5,V-neck -Sweaters,Sweaters,28,420,489,13692,1932
23-02-2023,6,Graphic T-shirt,T-shirts,16,150,199,3184,784
23-02-2023,7,Running jacket,Activewear,12,420,499,5988,948
23-02-2023,8,Belt,Accessories,22,110,159,3498,1078
23-02-2023,9,Watch,Accessories,22,380,419,9218,858
23-02-2023,10,Sneakers,Footwear,27,350,449,12123,2673
24-02-2023,1,Polo shirt,Shirts,29,300,399,11571,2871
24-02-2023,2,Jeans,Pants,17,600,699,11883,1683
24-02-2023,3,Denim jacket,Outerwear,18,700,749,13482,882
24-02-2023,4,Tuxedo, Suits,16,560,669,10704,1744
24-02-2023,5,V-neck -Sweaters,Sweaters,10,420,489,4890,690
24-02-2023,6,Graphic T-shirt,T-shirts,12,150,199,2388,588
24-02-2023,7,Running jacket,Activewear,22,420,499,10978,1738
24-02-2023,8,Belt,Accessories,26,110,159,4134,1274
24-02-2023,9,Watch,Accessories,10,380,419,4190,390
24-02-2023,10,Sneakers,Footwear,15,350,449,6735,1485
25-02-2023,1,Polo shirt,Shirts,15,300,399,5985,1485
25-02-2023,2,Jeans,Pants,21,600,699,14679,2079
25-02-2023,3,Denim jacket,Outerwear,22,700,749,16478,1078
25-02-2023,4,Tuxedo, Suits,22,560,669,14718,2398
25-02-2023,5,V-neck -Sweaters,Sweaters,24,420,489,11736,1656
25-02-2023,6,Graphic T-shirt,T-shirts,25,150,199,4975,1225
25-02-2023,7,Running jacket,Activewear,20,420,499,9980,1580
25-02-2023,8,Belt,Accessories,14,110,159,2226,686
25-02-2023,9,Watch,Accessories,13,380,419,5447,507
25-02-2023,10,Sneakers,Footwear,12,350,449,5388,1188
26-02-2023,1,Polo shirt,Shirts,28,300,399,11172,2772
26-02-2023,2,Jeans,Pants,29,600,699,20271,2871
26-02-2023,3,Denim jacket,Outerwear,27,700,749,20223,1323
26-02-2023,4,Tuxedo, Suits,24,560,669,16056,2616
26-02-2023,5,V-neck -Sweaters,Sweaters,18,420,489,8802,1242
26-02-2023,6,Graphic T-shirt,T-shirts,26,150,199,5174,1274
26-02-2023,7,Running jacket,Activewear,23,420,499,11477,1817
26-02-2023,8,Belt,Accessories,24,110,159,3816,1176
26-02-2023,9,Watch,Accessories,10,380,419,4190,390
26-02-2023,10,Sneakers,Footwear,12,350,449,5388,1188
27-02-2023,1,Polo shirt,Shirts,25,300,399,9975,2475
27-02-2023,2,Jeans,Pants,20,600,699,13980,1980
27-02-2023,3,Denim jacket,Outerwear,21,700,749,15729,1029
27-02-2023,4,Tuxedo, Suits,19,560,669,12711,2071
27-02-2023,5,V-neck -Sweaters,Sweaters,25,420,489,12225,1725
27-02-2023,6,Graphic T-shirt,T-shirts,17,150,199,3383,833
27-02-2023,7,Running jacket,Activewear,15,420,499,7485,1185
27-02-2023,8,Belt,Accessories,21,110,159,3339,1029
27-02-2023,9,Watch,Accessories,17,380,419,7123,663
27-02-2023,10,Sneakers,Footwear,13,350,449,5837,1287
28-02-2023,1,Polo shirt,Shirts,17,300,399,6783,1683
28-02-2023,2,Jeans,Pants,27,600,699,18873,2673
28-02-2023,3,Denim jacket,Outerwear,14,700,749,10486,686
28-02-2023,4,Tuxedo, Suits,18,560,669,12042,1962
28-02-2023,5,V-neck -Sweaters,Sweaters,13,420,489,6357,897
28-02-2023,6,Graphic T-shirt,T-shirts,26,150,199,5174,1274
28-02-2023,7,Running jacket,Activewear,18,420,499,8982,1422
28-02-2023,8,Belt,Accessories,10,110,159,1590,490
28-02-2023,9,Watch,Accessories,29,380,419,12151,1131
28-02-2023,10,Sneakers,Footwear,22,350,449,9878,2178
01-03-2023,1,Polo shirt,Shirts,25,300,399,9975,2475
01-03-2023,2,Jeans,Pants,22,600,699,15378,2178
01-03-2023,3,Denim jacket,Outerwear,23,700,749,17227,1127
01-03-2023,4,Tuxedo, Suits,12,560,669,8028,1308
01-03-2023,5,V-neck -Sweaters,Sweaters,15,420,489,7335,1035
01-03-2023,6,Graphic T-shirt,T-shirts,27,150,199,5373,1323
01-03-2023,7,Running jacket,Activewear,28,420,499,13972,2212
01-03-2023,8,Belt,Accessories,14,110,159,2226,686
01-03-2023,9,Watch,Accessories,24,380,419,10056,936
01-03-2023,10,Sneakers,Footwear,11,350,449,4939,1089
02-03-2023,1,Polo shirt,Shirts,19,300,399,7581,1881
02-03-2023,2,Jeans,Pants,27,600,699,18873,2673
02-03-2023,3,Denim jacket,Outerwear,22,700,749,16478,1078
02-03-2023,4,Tuxedo, Suits,14,560,669,9366,1526
02-03-2023,5,V-neck -Sweaters,Sweaters,10,420,489,4890,690
02-03-2023,6,Graphic T-shirt,T-shirts,10,150,199,1990,490
02-03-2023,7,Running jacket,Activewear,27,420,499,13473,2133
02-03-2023,8,Belt,Accessories,24,110,159,3816,1176
02-03-2023,9,Watch,Accessories,26,380,419,10894,1014
02-03-2023,10,Sneakers,Footwear,20,350,449,8980,1980
03-03-2023,1,Polo shirt,Shirts,26,300,399,10374,2574
03-03-2023,2,Jeans,Pants,22,600,699,15378,2178
03-03-2023,3,Denim jacket,Outerwear,10,700,749,7490,490
03-03-2023,4,Tuxedo, Suits,11,560,669,7359,1199
03-03-2023,5,V-neck -Sweaters,Sweaters,18,420,489,8802,1242
03-03-2023,6,Graphic T-shirt,T-shirts,12,150,199,2388,588
03-03-2023,7,Running jacket,Activewear,10,420,499,4990,790
03-03-2023,8,Belt,Accessories,25,110,159,3975,1225
03-03-2023,9,Watch,Accessories,15,380,419,6285,585
03-03-2023,10,Sneakers,Footwear,26,350,449,11674,2574
04-03-2023,1,Polo shirt,Shirts,14,300,399,5586,1386
04-03-2023,2,Jeans,Pants,14,600,699,9786,1386
04-03-2023,3,Denim jacket,Outerwear,15,700,749,11235,735
04-03-2023,4,Tuxedo, Suits,12,560,669,8028,1308
04-03-2023,5,V-neck -Sweaters,Sweaters,14,420,489,6846,966
04-03-2023,6,Graphic T-shirt,T-shirts,14,150,199,2786,686
04-03-2023,7,Running jacket,Activewear,19,420,499,9481,1501
04-03-2023,8,Belt,Accessories,19,110,159,3021,931
04-03-2023,9,Watch,Accessories,28,380,419,11732,1092
04-03-2023,10,Sneakers,Footwear,26,350,449,11674,2574
05-03-2023,1,Polo shirt,Shirts,23,300,399,9177,2277
05-03-2023,2,Jeans,Pants,18,600,699,12582,1782
05-03-2023,3,Denim jacket,Outerwear,23,700,749,17227,1127
05-03-2023,4,Tuxedo, Suits,10,560,669,6690,1090
05-03-2023,5,V-neck -Sweaters,Sweaters,28,420,489,13692,1932
05-03-2023,6,Graphic T-shirt,T-shirts,22,150,199,4378,1078
05-03-2023,7,Running jacket,Activewear,22,420,499,10978,1738
05-03-2023,8,Belt,Accessories,13,110,159,2067,637
05-03-2023,9,Watch,Accessories,10,380,419,4190,390
05-03-2023,10,Sneakers,Footwear,26,350,449,11674,2574
06-03-2023,1,Polo shirt,Shirts,17,300,399,6783,1683
06-03-2023,2,Jeans,Pants,11,600,699,7689,1089
06-03-2023,3,Denim jacket,Outerwear,17,700,749,12733,833
06-03-2023,4,Tuxedo, Suits,16,560,669,10704,1744
06-03-2023,5,V-neck -Sweaters,Sweaters,11,420,489,5379,759
06-03-2023,6,Graphic T-shirt,T-shirts,12,150,199,2388,588
06-03-2023,7,Running jacket,Activewear,27,420,499,13473,2133
06-03-2023,8,Belt,Accessories,21,110,159,3339,1029
06-03-2023,9,Watch,Accessories,10,380,419,4190,390
06-03-2023,10,Sneakers,Footwear,21,350,449,9429,2079
07-03-2023,1,Polo shirt,Shirts,14,300,399,5586,1386
07-03-2023,2,Jeans,Pants,26,600,699,18174,2574
07-03-2023,3,Denim jacket,Outerwear,25,700,749,18725,1225
07-03-2023,4,Tuxedo, Suits,24,560,669,16056,2616
07-03-2023,5,V-neck -Sweaters,Sweaters,24,420,489,11736,1656
07-03-2023,6,Graphic T-shirt,T-shirts,14,150,199,2786,686
07-03-2023,7,Running jacket,Activewear,23,420,499,11477,1817
07-03-2023,8,Belt,Accessories,11,110,159,1749,539
07-03-2023,9,Watch,Accessories,20,380,419,8380,780
07-03-2023,10,Sneakers,Footwear,28,350,449,12572,2772
08-03-2023,1,Polo shirt,Shirts,16,300,399,6384,1584
08-03-2023,2,Jeans,Pants,15,600,699,10485,1485
08-03-2023,3,Denim jacket,Outerwear,11,700,749,8239,539
08-03-2023,4,Tuxedo, Suits,15,560,669,10035,1635
08-03-2023,5,V-neck -Sweaters,Sweaters,27,420,489,13203,1863
08-03-2023,6,Graphic T-shirt,T-shirts,11,150,199,2189,539
08-03-2023,7,Running jacket,Activewear,27,420,499,13473,2133
08-03-2023,8,Belt,Accessories,24,110,159,3816,1176
08-03-2023,9,Watch,Accessories,28,380,419,11732,1092
08-03-2023,10,Sneakers,Footwear,11,350,449,4939,1089
09-03-2023,1,Polo shirt,Shirts,29,300,399,11571,2871
09-03-2023,2,Jeans,Pants,15,600,699,10485,1485
09-03-2023,3,Denim jacket,Outerwear,10,700,749,7490,490
09-03-2023,4,Tuxedo, Suits,24,560,669,16056,2616
09-03-2023,5,V-neck -Sweaters,Sweaters,19,420,489,9291,1311
09-03-2023,6,Graphic T-shirt,T-shirts,28,150,199,5572,1372
09-03-2023,7,Running jacket,Activewear,26,420,499,12974,2054
09-03-2023,8,Belt,Accessories,14,110,159,2226,686
09-03-2023,9,Watch,Accessories,13,380,419,5447,507
09-03-2023,10,Sneakers,Footwear,19,350,449,8531,1881
10-03-2023,1,Polo shirt,Shirts,26,300,399,10374,2574
10-03-2023,2,Jeans,Pants,19,600,699,13281,1881
10-03-2023,3,Denim jacket,Outerwear,26,700,749,19474,1274
10-03-2023,4,Tuxedo, Suits,29,560,669,19401,3161
10-03-2023,5,V-neck -Sweaters,Sweaters,14,420,489,6846,966
10-03-2023,6,Graphic T-shirt,T-shirts,11,150,199,2189,539
10-03-2023,7,Running jacket,Activewear,15,420,499,7485,1185
10-03-2023,8,Belt,Accessories,11,110,159,1749,539
10-03-2023,9,Watch,Accessories,22,380,419,9218,858
10-03-2023,10,Sneakers,Footwear,20,350,449,8980,1980
11-03-2023,1,Polo shirt,Shirts,20,300,399,7980,1980
11-03-2023,2,Jeans,Pants,25,600,699,17475,2475
11-03-2023,3,Denim jacket,Outerwear,20,700,749,14980,980
11-03-2023,4,Tuxedo, Suits,28,560,669,18732,3052
11-03-2023,5,V-neck -Sweaters,Sweaters,24,420,489,11736,1656
11-03-2023,6,Graphic T-shirt,T-shirts,25,150,199,4975,1225
11-03-2023,7,Running jacket,Activewear,20,420,499,9980,1580
11-03-2023,8,Belt,Accessories,25,110,159,3975,1225
11-03-2023,9,Watch,Accessories,17,380,419,7123,663
11-03-2023,10,Sneakers,Footwear,13,350,449,5837,1287
12-03-2023,1,Polo shirt,Shirts,17,300,399,6783,1683
12-03-2023,2,Jeans,Pants,13,600,699,9087,1287
12-03-2023,3,Denim jacket,Outerwear,12,700,749,8988,588
12-03-2023,4,Tuxedo, Suits,12,560,669,8028,1308
12-03-2023,5,V-neck -Sweaters,Sweaters,27,420,489,13203,1863
12-03-2023,6,Graphic T-shirt,T-shirts,28,150,199,5572,1372
12-03-2023,7,Running jacket,Activewear,28,420,499,13972,2212
12-03-2023,8,Belt,Accessories,14,110,159,2226,686
12-03-2023,9,Watch,Accessories,27,380,419,11313,1053
12-03-2023,10,Sneakers,Footwear,19,350,449,8531,1881
13-03-2023,1,Polo shirt,Shirts,15,300,399,5985,1485
13-03-2023,2,Jeans,Pants,10,600,699,6990,990
13-03-2023,3,Denim jacket,Outerwear,14,700,749,10486,686
13-03-2023,4,Tuxedo, Suits,18,560,669,12042,1962
13-03-2023,5,V-neck -Sweaters,Sweaters,21,420,489,10269,1449
13-03-2023,6,Graphic T-shirt,T-shirts,23,150,199,4577,1127
13-03-2023,7,Running jacket,Activewear,11,420,499,5489,869
13-03-2023,8,Belt,Accessories,26,110,159,4134,1274
13-03-2023,9,Watch,Accessories,23,380,419,9637,897
13-03-2023,10,Sneakers,Footwear,22,350,449,9878,2178
14-03-2023,1,Polo shirt,Shirts,18,300,399,7182,1782
14-03-2023,2,Jeans,Pants,24,600,699,16776,2376
14-03-2023,3,Denim jacket,Outerwear,24,700,749,17976,1176
14-03-2023,4,Tuxedo, Suits,20,560,669,13380,2180
14-03-2023,5,V-neck -Sweaters,Sweaters,25,420,489,12225,1725
14-03-2023,6,Graphic T-shirt,T-shirts,26,150,199,5174,1274
14-03-2023,7,Running jacket,Activewear,13,420,499,6487,1027
14-03-2023,8,Belt,Accessories,10,110,159,1590,490
14-03-2023,9,Watch,Accessories,17,380,419,7123,663
14-03-2023,10,Sneakers,Footwear,26,350,449,11674,2574
15-03-2023,1,Polo shirt,Shirts,12,300,399,4788,1188
15-03-2023,2,Jeans,Pants,29,600,699,20271,2871
15-03-2023,3,Denim jacket,Outerwear,24,700,749,17976,1176
15-03-2023,4,Tuxedo, Suits,24,560,669,16056,2616
15-03-2023,5,V-neck -Sweaters,Sweaters,23,420,489,11247,1587
15-03-2023,6,Graphic T-shirt,T-shirts,23,150,199,4577,1127
15-03-2023,7,Running jacket,Activewear,11,420,499,5489,869
15-03-2023,8,Belt,Accessories,22,110,159,3498,1078
15-03-2023,9,Watch,Accessories,23,380,419,9637,897
15-03-2023,10,Sneakers,Footwear,28,350,449,12572,2772
16-03-2023,1,Polo shirt,Shirts,16,300,399,6384,1584
16-03-2023,2,Jeans,Pants,12,600,699,8388,1188
16-03-2023,3,Denim jacket,Outerwear,24,700,749,17976,1176
16-03-2023,4,Tuxedo, Suits,23,560,669,15387,2507
16-03-2023,5,V-neck -Sweaters,Sweaters,20,420,489,9780,1380
16-03-2023,6,Graphic T-shirt,T-shirts,24,150,199,4776,1176
16-03-2023,7,Running jacket,Activewear,22,420,499,10978,1738
16-03-2023,8,Belt,Accessories,27,110,159,4293,1323
16-03-2023,9,Watch,Accessories,15,380,419,6285,585
16-03-2023,10,Sneakers,Footwear,12,350,449,5388,1188
17-03-2023,1,Polo shirt,Shirts,28,300,399,11172,2772
17-03-2023,2,Jeans,Pants,24,600,699,16776,2376
17-03-2023,3,Denim jacket,Outerwear,14,700,749,10486,686
17-03-2023,4,Tuxedo, Suits,19,560,669,12711,2071
17-03-2023,5,V-neck -Sweaters,Sweaters,16,420,489,7824,1104
17-03-2023,6,Graphic T-shirt,T-shirts,26,150,199,5174,1274
17-03-2023,7,Running jacket,Activewear,16,420,499,7984,1264
17-03-2023,8,Belt,Accessories,21,110,159,3339,1029
17-03-2023,9,Watch,Accessories,26,380,419,10894,1014
17-03-2023,10,Sneakers,Footwear,22,350,449,9878,2178
18-03-2023,1,Polo shirt,Shirts,29,300,399,11571,2871
18-03-2023,2,Jeans,Pants,13,600,699,9087,1287
18-03-2023,3,Denim jacket,Outerwear,19,700,749,14231,931
18-03-2023,4,Tuxedo, Suits,12,560,669,8028,1308
18-03-2023,5,V-neck -Sweaters,Sweaters,18,420,489,8802,1242
18-03-2023,6,Graphic T-shirt,T-shirts,22,150,199,4378,1078
18-03-2023,7,Running jacket,Activewear,27,420,499,13473,2133
18-03-2023,8,Belt,Accessories,24,110,159,3816,1176
18-03-2023,9,Watch,Accessories,13,380,419,5447,507
18-03-2023,10,Sneakers,Footwear,24,350,449,10776,2376
19-03-2023,1,Polo shirt,Shirts,11,300,399,4389,1089
19-03-2023,2,Jeans,Pants,24,600,699,16776,2376
19-03-2023,3,Denim jacket,Outerwear,17,700,749,12733,833
19-03-2023,4,Tuxedo, Suits,17,560,669,11373,1853
19-03-2023,5,V-neck -Sweaters,Sweaters,26,420,489,12714,1794
19-03-2023,6,Graphic T-shirt,T-shirts,21,150,199,4179,1029
19-03-2023,7,Running jacket,Activewear,28,420,499,13972,2212
19-03-2023,8,Belt,Accessories,19,110,159,3021,931
19-03-2023,9,Watch,Accessories,18,380,419,7542,702
19-03-2023,10,Sneakers,Footwear,14,350,449,6286,1386
20-03-2023,1,Polo shirt,Shirts,15,300,399,5985,1485
20-03-2023,2,Jeans,Pants,29,600,699,20271,2871
20-03-2023,3,Denim jacket,Outerwear,11,700,749,8239,539
20-03-2023,4,Tuxedo, Suits,22,560,669,14718,2398
20-03-2023,5,V-neck -Sweaters,Sweaters,15,420,489,7335,1035
20-03-2023,6,Graphic T-shirt,T-shirts,14,150,199,2786,686
20-03-2023,7,Running jacket,Activewear,10,420,499,4990,790
20-03-2023,8,Belt,Accessories,15,110,159,2385,735
20-03-2023,9,Watch,Accessories,15,380,419,6285,585
20-03-2023,10,Sneakers,Footwear,25,350,449,11225,2475
21-03-2023,1,Polo shirt,Shirts,13,300,399,5187,1287
21-03-2023,2,Jeans,Pants,20,600,699,13980,1980
21-03-2023,3,Denim jacket,Outerwear,18,700,749,13482,882
21-03-2023,4,Tuxedo, Suits,12,560,669,8028,1308
21-03-2023,5,V-neck -Sweaters,Sweaters,28,420,489,13692,1932
21-03-2023,6,Graphic T-shirt,T-shirts,17,150,199,3383,833
21-03-2023,7,Running jacket,Activewear,14,420,499,6986,1106
21-03-2023,8,Belt,Accessories,13,110,159,2067,637
21-03-2023,9,Watch,Accessories,15,380,419,6285,585
21-03-2023,10,Sneakers,Footwear,11,350,449,4939,1089
22-03-2023,1,Polo shirt,Shirts,29,300,399,11571,2871
22-03-2023,2,Jeans,Pants,20,600,699,13980,1980
22-03-2023,3,Denim jacket,Outerwear,13,700,749,9737,637
22-03-2023,4,Tuxedo, Suits,24,560,669,16056,2616
22-03-2023,5,V-neck -Sweaters,Sweaters,15,420,489,7335,1035
22-03-2023,6,Graphic T-shirt,T-shirts,26,150,199,5174,1274
22-03-2023,7,Running jacket,Activewear,15,420,499,7485,1185
22-03-2023,8,Belt,Accessories,28,110,159,4452,1372
22-03-2023,9,Watch,Accessories,11,380,419,4609,429
22-03-2023,10,Sneakers,Footwear,24,350,449,10776,2376
23-03-2023,1,Polo shirt,Shirts,20,300,399,7980,1980
23-03-2023,2,Jeans,Pants,17,600,699,11883,1683
23-03-2023,3,Denim jacket,Outerwear,28,700,749,20972,1372
23-03-2023,4,Tuxedo, Suits,22,560,669,14718,2398
23-03-2023,5,V-neck -Sweaters,Sweaters,21,420,489,10269,1449
23-03-2023,6,Graphic T-shirt,T-shirts,14,150,199,2786,686
23-03-2023,7,Running jacket,Activewear,15,420,499,7485,1185
23-03-2023,8,Belt,Accessories,13,110,159,2067,637
23-03-2023,9,Watch,Accessories,28,380,419,11732,1092
23-03-2023,10,Sneakers,Footwear,29,350,449,13021,2871
24-03-2023,1,Polo shirt,Shirts,10,300,399,3990,990
24-03-2023,2,Jeans,Pants,29,600,699,20271,2871
24-03-2023,3,Denim jacket,Outerwear,26,700,749,19474,1274
24-03-2023,4,Tuxedo, Suits,21,560,669,14049,2289
24-03-2023,5,V-neck -Sweaters,Sweaters,24,420,489,11736,1656
24-03-2023,6,Graphic T-shirt,T-shirts,10,150,199,1990,490
24-03-2023,7,Running jacket,Activewear,23,420,499,11477,1817
24-03-2023,8,Belt,Accessories,15,110,159,2385,735
24-03-2023,9,Watch,Accessories,14,380,419,5866,546
24-03-2023,10,Sneakers,Footwear,20,350,449,8980,1980
25-03-2023,1,Polo shirt,Shirts,13,300,399,5187,1287
25-03-2023,2,Jeans,Pants,22,600,699,15378,2178
25-03-2023,3,Denim jacket,Outerwear,20,700,749,14980,980
25-03-2023,4,Tuxedo, Suits,12,560,669,8028,1308
25-03-2023,5,V-neck -Sweaters,Sweaters,10,420,489,4890,690
25-03-2023,6,Graphic T-shirt,T-shirts,15,150,199,2985,735
25-03-2023,7,Running jacket,Activewear,27,420,499,13473,2133
25-03-2023,8,Belt,Accessories,19,110,159,3021,931
25-03-2023,9,Watch,Accessories,14,380,419,5866,546
25-03-2023,10,Sneakers,Footwear,19,350,449,8531,1881
26-03-2023,1,Polo shirt,Shirts,21,300,399,8379,2079
26-03-2023,2,Jeans,Pants,11,600,699,7689,1089
26-03-2023,3,Denim jacket,Outerwear,22,700,749,16478,1078
26-03-2023,4,Tuxedo, Suits,17,560,669,11373,1853
26-03-2023,5,V-neck -Sweaters,Sweaters,11,420,489,5379,759
26-03-2023,6,Graphic T-shirt,T-shirts,29,150,199,5771,1421
26-03-2023,7,Running jacket,Activewear,10,420,499,4990,790
26-03-2023,8,Belt,Accessories,14,110,159,2226,686
26-03-2023,9,Watch,Accessories,18,380,419,7542,702
26-03-2023,10,Sneakers,Footwear,26,350,449,11674,2574
27-03-2023,1,Polo shirt,Shirts,18,300,399,7182,1782
27-03-2023,2,Jeans,Pants,20,600,699,13980,1980
27-03-2023,3,Denim jacket,Outerwear,24,700,749,17976,1176
27-03-2023,4,Tuxedo, Suits,15,560,669,10035,1635
27-03-2023,5,V-neck -Sweaters,Sweaters,12,420,489,5868,828
27-03-2023,6,Graphic T-shirt,T-shirts,26,150,199,5174,1274
27-03-2023,7,Running jacket,Activewear,14,420,499,6986,1106
27-03-2023,8,Belt,Accessories,21,110,159,3339,1029
27-03-2023,9,Watch,Accessories,27,380,419,11313,1053
27-03-2023,10,Sneakers,Footwear,23,350,449,10327,2277
28-03-2023,1,Polo shirt,Shirts,20,300,399,7980,1980
28-03-2023,2,Jeans,Pants,18,600,699,12582,1782
28-03-2023,3,Denim jacket,Outerwear,11,700,749,8239,539
28-03-2023,4,Tuxedo, Suits,21,560,669,14049,2289
28-03-2023,5,V-neck -Sweaters,Sweaters,12,420,489,5868,828
28-03-2023,6,Graphic T-shirt,T-shirts,12,150,199,2388,588
28-03-2023,7,Running jacket,Activewear,10,420,499,4990,790
28-03-2023,8,Belt,Accessories,17,110,159,2703,833
28-03-2023,9,Watch,Accessories,17,380,419,7123,663
28-03-2023,10,Sneakers,Footwear,20,350,449,8980,1980
29-03-2023,1,Polo shirt,Shirts,18,300,399,7182,1782
29-03-2023,2,Jeans,Pants,14,600,699,9786,1386
29-03-2023,3,Denim jacket,Outerwear,23,700,749,17227,1127
29-03-2023,4,Tuxedo, Suits,12,560,669,8028,1308
29-03-2023,5,V-neck -Sweaters,Sweaters,14,420,489,6846,966
29-03-2023,6,Graphic T-shirt,T-shirts,14,150,199,2786,686
29-03-2023,7,Running jacket,Activewear,28,420,499,13972,2212
29-03-2023,8,Belt,Accessories,23,110,159,3657,1127
29-03-2023,9,Watch,Accessories,13,380,419,5447,507
29-03-2023,10,Sneakers,Footwear,22,350,449,9878,2178
30-03-2023,1,Polo shirt,Shirts,19,300,399,7581,1881
30-03-2023,2,Jeans,Pants,27,600,699,18873,2673
30-03-2023,3,Denim jacket,Outerwear,17,700,749,12733,833
30-03-2023,4,Tuxedo, Suits,17,560,669,11373,1853
30-03-2023,5,V-neck -Sweaters,Sweaters,16,420,489,7824,1104
30-03-2023,6,Graphic T-shirt,T-shirts,17,150,199,3383,833
30-03-2023,7,Running jacket,Activewear,23,420,499,11477,1817
30-03-2023,8,Belt,Accessories,28,110,159,4452,1372
30-03-2023,9,Watch,Accessories,15,380,419,6285,585
30-03-2023,10,Sneakers,Footwear,10,350,449,4490,990
31-03-2023,1,Polo shirt,Shirts,24,300,399,9576,2376
31-03-2023,2,Jeans,Pants,10,600,699,6990,990
31-03-2023,3,Denim jacket,Outerwear,26,700,749,19474,1274
31-03-2023,4,Tuxedo, Suits,10,560,669,6690,1090
31-03-2023,5,V-neck -Sweaters,Sweaters,24,420,489,11736,1656
31-03-2023,6,Graphic T-shirt,T-shirts,11,150,199,2189,539
31-03-2023,7,Running jacket,Activewear,23,420,499,11477,1817
31-03-2023,8,Belt,Accessories,17,110,159,2703,833
31-03-2023,9,Watch,Accessories,17,380,419,7123,663
31-03-2023,10,Sneakers,Footwear,28,350,449,12572,2772
01-04-2023,1,Polo shirt,Shirts,16,300,399,6384,1584
01-04-2023,2,Jeans,Pants,28,600,699,19572,2772
01-04-2023,3,Denim jacket,Outerwear,15,700,749,11235,735
01-04-2023,4,Tuxedo, Suits,15,560,669,10035,1635
01-04-2023,5,V-neck -Sweaters,Sweaters,12,420,489,5868,828
01-04-2023,6,Graphic T-shirt,T-shirts,16,150,199,3184,784
01-04-2023,7,Running jacket,Activewear,28,420,499,13972,2212
01-04-2023,8,Belt,Accessories,17,110,159,2703,833
01-04-2023,9,Watch,Accessories,19,380,419,7961,741
01-04-2023,10,Sneakers,Footwear,29,350,449,13021,2871
02-04-2023,1,Polo shirt,Shirts,24,300,399,9576,2376
02-04-2023,2,Jeans,Pants,24,600,699,16776,2376
02-04-2023,3,Denim jacket,Outerwear,10,700,749,7490,490
02-04-2023,4,Tuxedo, Suits,29,560,669,19401,3161
02-04-2023,5,V-neck -Sweaters,Sweaters,16,420,489,7824,1104
02-04-2023,6,Graphic T-shirt,T-shirts,13,150,199,2587,637
02-04-2023,7,Running jacket,Activewear,15,420,499,7485,1185
02-04-2023,8,Belt,Accessories,10,110,159,1590,490
02-04-2023,9,Watch,Accessories,14,380,419,5866,546
02-04-2023,10,Sneakers,Footwear,10,350,449,4490,990
03-04-2023,1,Polo shirt,Shirts,13,300,399,5187,1287
03-04-2023,2,Jeans,Pants,11,600,699,7689,1089
03-04-2023,3,Denim jacket,Outerwear,19,700,749,14231,931
03-04-2023,4,Tuxedo, Suits,14,560,669,9366,1526
03-04-2023,5,V-neck -Sweaters,Sweaters,19,420,489,9291,1311
03-04-2023,6,Graphic T-shirt,T-shirts,10,150,199,1990,490
03-04-2023,7,Running jacket,Activewear,15,420,499,7485,1185
03-04-2023,8,Belt,Accessories,22,110,159,3498,1078
03-04-2023,9,Watch,Accessories,24,380,419,10056,936
03-04-2023,10,Sneakers,Footwear,13,350,449,5837,1287
04-04-2023,1,Polo shirt,Shirts,22,300,399,8778,2178
04-04-2023,2,Jeans,Pants,29,600,699,20271,2871
04-04-2023,3,Denim jacket,Outerwear,24,700,749,17976,1176
04-04-2023,4,Tuxedo, Suits,17,560,669,11373,1853
04-04-2023,5,V-neck -Sweaters,Sweaters,14,420,489,6846,966
04-04-2023,6,Graphic T-shirt,T-shirts,24,150,199,4776,1176
04-04-2023,7,Running jacket,Activewear,13,420,499,6487,1027
04-04-2023,8,Belt,Accessories,21,110,159,3339,1029
04-04-2023,9,Watch,Accessories,22,380,419,9218,858
04-04-2023,10,Sneakers,Footwear,11,350,449,4939,1089
05-04-2023,1,Polo shirt,Shirts,28,300,399,11172,2772
05-04-2023,2,Jeans,Pants,28,600,699,19572,2772
05-04-2023,3,Denim jacket,Outerwear,13,700,749,9737,637
05-04-2023,4,Tuxedo, Suits,13,560,669,8697,1417
05-04-2023,5,V-neck -Sweaters,Sweaters,20,420,489,9780,1380
05-04-2023,6,Graphic T-shirt,T-shirts,14,150,199,2786,686
05-04-2023,7,Running jacket,Activewear,29,420,499,14471,2291
05-04-2023,8,Belt,Accessories,20,110,159,3180,980
05-04-2023,9,Watch,Accessories,19,380,419,7961,741
05-04-2023,10,Sneakers,Footwear,17,350,449,7633,1683
06-04-2023,1,Polo shirt,Shirts,15,300,399,5985,1485
06-04-2023,2,Jeans,Pants,15,600,699,10485,1485
06-04-2023,3,Denim jacket,Outerwear,17,700,749,12733,833
06-04-2023,4,Tuxedo, Suits,24,560,669,16056,2616
06-04-2023,5,V-neck -Sweaters,Sweaters,23,420,489,11247,1587
06-04-2023,6,Graphic T-shirt,T-shirts,20,150,199,3980,980
06-04-2023,7,Running jacket,Activewear,21,420,499,10479,1659
06-04-2023,8,Belt,Accessories,22,110,159,3498,1078
06-04-2023,9,Watch,Accessories,17,380,419,7123,663
06-04-2023,10,Sneakers,Footwear,27,350,449,12123,2673
07-04-2023,1,Polo shirt,Shirts,10,300,399,3990,990
07-04-2023,2,Jeans,Pants,24,600,699,16776,2376
07-04-2023,3,Denim jacket,Outerwear,17,700,749,12733,833
07-04-2023,4,Tuxedo, Suits,20,560,669,13380,2180
07-04-2023,5,V-neck -Sweaters,Sweaters,21,420,489,10269,1449
07-04-2023,6,Graphic T-shirt,T-shirts,21,150,199,4179,1029
07-04-2023,7,Running jacket,Activewear,13,420,499,6487,1027
07-04-2023,8,Belt,Accessories,25,110,159,3975,1225
07-04-2023,9,Watch,Accessories,13,380,419,5447,507
07-04-2023,10,Sneakers,Footwear,14,350,449,6286,1386
08-04-2023,1,Polo shirt,Shirts,14,300,399,5586,1386
08-04-2023,2,Jeans,Pants,17,600,699,11883,1683
08-04-2023,3,Denim jacket,Outerwear,19,700,749,14231,931
08-04-2023,4,Tuxedo, Suits,26,560,669,17394,2834
08-04-2023,5,V-neck -Sweaters,Sweaters,18,420,489,8802,1242
08-04-2023,6,Graphic T-shirt,T-shirts,28,150,199,5572,1372
08-04-2023,7,Running jacket,Activewear,23,420,499,11477,1817
08-04-2023,8,Belt,Accessories,17,110,159,2703,833
08-04-2023,9,Watch,Accessories,18,380,419,7542,702
08-04-2023,10,Sneakers,Footwear,20,350,449,8980,1980
09-04-2023,1,Polo shirt,Shirts,10,300,399,3990,990
09-04-2023,2,Jeans,Pants,23,600,699,16077,2277
09-04-2023,3,Denim jacket,Outerwear,14,700,749,10486,686
09-04-2023,4,Tuxedo, Suits,23,560,669,15387,2507
09-04-2023,5,V-neck -Sweaters,Sweaters,13,420,489,6357,897
09-04-2023,6,Graphic T-shirt,T-shirts,10,150,199,1990,490
09-04-2023,7,Running jacket,Activewear,28,420,499,13972,2212
09-04-2023,8,Belt,Accessories,17,110,159,2703,833
09-04-2023,9,Watch,Accessories,24,380,419,10056,936
09-04-2023,10,Sneakers,Footwear,24,350,449,10776,2376
10-04-2023,1,Polo shirt,Shirts,18,300,399,7182,1782
10-04-2023,2,Jeans,Pants,18,600,699,12582,1782
10-04-2023,3,Denim jacket,Outerwear,19,700,749,14231,931
10-04-2023,4,Tuxedo, Suits,29,560,669,19401,3161
10-04-2023,5,V-neck -Sweaters,Sweaters,18,420,489,8802,1242
10-04-2023,6,Graphic T-shirt,T-shirts,12,150,199,2388,588
10-04-2023,7,Running jacket,Activewear,29,420,499,14471,2291
10-04-2023,8,Belt,Accessories,20,110,159,3180,980
10-04-2023,9,Watch,Accessories,15,380,419,6285,585
10-04-2023,10,Sneakers,Footwear,11,350,449,4939,1089
11-04-2023,1,Polo shirt,Shirts,16,300,399,6384,1584
11-04-2023,2,Jeans,Pants,27,600,699,18873,2673
11-04-2023,3,Denim jacket,Outerwear,11,700,749,8239,539
11-04-2023,4,Tuxedo, Suits,26,560,669,17394,2834
11-04-2023,5,V-neck -Sweaters,Sweaters,20,420,489,9780,1380
11-04-2023,6,Graphic T-shirt,T-shirts,21,150,199,4179,1029
11-04-2023,7,Running jacket,Activewear,28,420,499,13972,2212
11-04-2023,8,Belt,Accessories,16,110,159,2544,784
11-04-2023,9,Watch,Accessories,29,380,419,12151,1131
11-04-2023,10,Sneakers,Footwear,15,350,449,6735,1485
12-04-2023,1,Polo shirt,Shirts,10,300,399,3990,990
12-04-2023,2,Jeans,Pants,26,600,699,18174,2574
12-04-2023,3,Denim jacket,Outerwear,20,700,749,14980,980
12-04-2023,4,Tuxedo, Suits,27,560,669,18063,2943
12-04-2023,5,V-neck -Sweaters,Sweaters,26,420,489,12714,1794
12-04-2023,6,Graphic T-shirt,T-shirts,16,150,199,3184,784
12-04-2023,7,Running jacket,Activewear,26,420,499,12974,2054
12-04-2023,8,Belt,Accessories,29,110,159,4611,1421
12-04-2023,9,Watch,Accessories,18,380,419,7542,702
12-04-2023,10,Sneakers,Footwear,26,350,449,11674,2574
13-04-2023,1,Polo shirt,Shirts,29,300,399,11571,2871
13-04-2023,2,Jeans,Pants,17,600,699,11883,1683
13-04-2023,3,Denim jacket,Outerwear,26,700,749,19474,1274
13-04-2023,4,Tuxedo, Suits,16,560,669,10704,1744
13-04-2023,5,V-neck -Sweaters,Sweaters,10,420,489,4890,690
13-04-2023,6,Graphic T-shirt,T-shirts,22,150,199,4378,1078
13-04-2023,7,Running jacket,Activewear,28,420,499,13972,2212
13-04-2023,8,Belt,Accessories,28,110,159,4452,1372
13-04-2023,9,Watch,Accessories,26,380,419,10894,1014
13-04-2023,10,Sneakers,Footwear,22,350,449,9878,2178
14-04-2023,1,Polo shirt,Shirts,25,300,399,9975,2475
14-04-2023,2,Jeans,Pants,17,600,699,11883,1683
14-04-2023,3,Denim jacket,Outerwear,28,700,749,20972,1372
14-04-2023,4,Tuxedo, Suits,27,560,669,18063,2943
14-04-2023,5,V-neck -Sweaters,Sweaters,10,420,489,4890,690
14-04-2023,6,Graphic T-shirt,T-shirts,23,150,199,4577,1127
14-04-2023,7,Running jacket,Activewear,28,420,499,13972,2212
14-04-2023,8,Belt,Accessories,24,110,159,3816,1176
14-04-2023,9,Watch,Accessories,27,380,419,11313,1053
14-04-2023,10,Sneakers,Footwear,11,350,449,4939,1089
15-04-2023,1,Polo shirt,Shirts,26,300,399,10374,2574
15-04-2023,2,Jeans,Pants,27,600,699,18873,2673
15-04-2023,3,Denim jacket,Outerwear,15,700,749,11235,735
15-04-2023,4,Tuxedo, Suits,28,560,669,18732,3052
15-04-2023,5,V-neck -Sweaters,Sweaters,13,420,489,6357,897
15-04-2023,6,Graphic T-shirt,T-shirts,10,150,199,1990,490
15-04-2023,7,Running jacket,Activewear,17,420,499,8483,1343
15-04-2023,8,Belt,Accessories,16,110,159,2544,784
15-04-2023,9,Watch,Accessories,12,380,419,5028,468
15-04-2023,10,Sneakers,Footwear,19,350,449,8531,1881
16-04-2023,1,Polo shirt,Shirts,19,300,399,7581,1881
16-04-2023,2,Jeans,Pants,28,600,699,19572,2772
16-04-2023,3,Denim jacket,Outerwear,23,700,749,17227,1127
16-04-2023,4,Tuxedo, Suits,11,560,669,7359,1199
16-04-2023,5,V-neck -Sweaters,Sweaters,10,420,489,4890,690
16-04-2023,6,Graphic T-shirt,T-shirts,27,150,199,5373,1323
16-04-2023,7,Running jacket,Activewear,16,420,499,7984,1264
16-04-2023,8,Belt,Accessories,17,110,159,2703,833
16-04-2023,9,Watch,Accessories,10,380,419,4190,390
16-04-2023,10,Sneakers,Footwear,12,350,449,5388,1188
17-04-2023,1,Polo shirt,Shirts,17,300,399,6783,1683
17-04-2023,2,Jeans,Pants,24,600,699,16776,2376
17-04-2023,3,Denim jacket,Outerwear,14,700,749,10486,686
17-04-2023,4,Tuxedo, Suits,12,560,669,8028,1308
17-04-2023,5,V-neck -Sweaters,Sweaters,28,420,489,13692,1932
17-04-2023,6,Graphic T-shirt,T-shirts,10,150,199,1990,490
17-04-2023,7,Running jacket,Activewear,24,420,499,11976,1896
17-04-2023,8,Belt,Accessories,17,110,159,2703,833
17-04-2023,9,Watch,Accessories,11,380,419,4609,429
17-04-2023,10,Sneakers,Footwear,12,350,449,5388,1188
18-04-2023,1,Polo shirt,Shirts,23,300,399,9177,2277
18-04-2023,2,Jeans,Pants,23,600,699,16077,2277
18-04-2023,3,Denim jacket,Outerwear,20,700,749,14980,980
18-04-2023,4,Tuxedo, Suits,25,560,669,16725,2725
18-04-2023,5,V-neck -Sweaters,Sweaters,13,420,489,6357,897
18-04-2023,6,Graphic T-shirt,T-shirts,29,150,199,5771,1421
18-04-2023,7,Running jacket,Activewear,14,420,499,6986,1106
18-04-2023,8,Belt,Accessories,23,110,159,3657,1127
18-04-2023,9,Watch,Accessories,25,380,419,10475,975
18-04-2023,10,Sneakers,Footwear,27,350,449,12123,2673
19-04-2023,1,Polo shirt,Shirts,16,300,399,6384,1584
19-04-2023,2,Jeans,Pants,19,600,699,13281,1881
19-04-2023,3,Denim jacket,Outerwear,16,700,749,11984,784
19-04-2023,4,Tuxedo, Suits,10,560,669,6690,1090
19-04-2023,5,V-neck -Sweaters,Sweaters,28,420,489,13692,1932
19-04-2023,6,Graphic T-shirt,T-shirts,25,150,199,4975,1225
19-04-2023,7,Running jacket,Activewear,28,420,499,13972,2212
19-04-2023,8,Belt,Accessories,13,110,159,2067,637
19-04-2023,9,Watch,Accessories,27,380,419,11313,1053
19-04-2023,10,Sneakers,Footwear,11,350,449,4939,1089
20-04-2023,1,Polo shirt,Shirts,10,300,399,3990,990
20-04-2023,2,Jeans,Pants,24,600,699,16776,2376
20-04-2023,3,Denim jacket,Outerwear,14,700,749,10486,686
20-04-2023,4,Tuxedo, Suits,29,560,669,19401,3161
20-04-2023,5,V-neck -Sweaters,Sweaters,20,420,489,9780,1380
20-04-2023,6,Graphic T-shirt,T-shirts,19,150,199,3781,931
20-04-2023,7,Running jacket,Activewear,11,420,499,5489,869
20-04-2023,8,Belt,Accessories,12,110,159,1908,588
20-04-2023,9,Watch,Accessories,21,380,419,8799,819
20-04-2023,10,Sneakers,Footwear,29,350,449,13021,2871
21-04-2023,1,Polo shirt,Shirts,14,300,399,5586,1386
21-04-2023,2,Jeans,Pants,14,600,699,9786,1386
21-04-2023,3,Denim jacket,Outerwear,15,700,749,11235,735
21-04-2023,4,Tuxedo, Suits,18,560,669,12042,1962
21-04-2023,5,V-neck -Sweaters,Sweaters,11,420,489,5379,759
21-04-2023,6,Graphic T-shirt,T-shirts,21,150,199,4179,1029
21-04-2023,7,Running jacket,Activewear,12,420,499,5988,948
21-04-2023,8,Belt,Accessories,29,110,159,4611,1421
21-04-2023,9,Watch,Accessories,21,380,419,8799,819
21-04-2023,10,Sneakers,Footwear,26,350,449,11674,2574
22-04-2023,1,Polo shirt,Shirts,19,300,399,7581,1881
22-04-2023,2,Jeans,Pants,23,600,699,16077,2277
22-04-2023,3,Denim jacket,Outerwear,26,700,749,19474,1274
22-04-2023,4,Tuxedo, Suits,27,560,669,18063,2943
22-04-2023,5,V-neck -Sweaters,Sweaters,28,420,489,13692,1932
22-04-2023,6,Graphic T-shirt,T-shirts,26,150,199,5174,1274
22-04-2023,7,Running jacket,Activewear,23,420,499,11477,1817
22-04-2023,8,Belt,Accessories,18,110,159,2862,882
22-04-2023,9,Watch,Accessories,17,380,419,7123,663
22-04-2023,10,Sneakers,Footwear,11,350,449,4939,1089
23-04-2023,1,Polo shirt,Shirts,22,300,399,8778,2178
23-04-2023,2,Jeans,Pants,16,600,699,11184,1584
23-04-2023,3,Denim jacket,Outerwear,18,700,749,13482,882
23-04-2023,4,Tuxedo, Suits,20,560,669,13380,2180
23-04-2023,5,V-neck -Sweaters,Sweaters,23,420,489,11247,1587
23-04-2023,6,Graphic T-shirt,T-shirts,13,150,199,2587,637
23-04-2023,7,Running jacket,Activewear,22,420,499,10978,1738
23-04-2023,8,Belt,Accessories,11,110,159,1749,539
23-04-2023,9,Watch,Accessories,14,380,419,5866,546
23-04-2023,10,Sneakers,Footwear,20,350,449,8980,1980
24-04-2023,1,Polo shirt,Shirts,15,300,399,5985,1485
24-04-2023,2,Jeans,Pants,27,600,699,18873,2673
24-04-2023,3,Denim jacket,Outerwear,19,700,749,14231,931
24-04-2023,4,Tuxedo, Suits,13,560,669,8697,1417
24-04-2023,5,V-neck -Sweaters,Sweaters,18,420,489,8802,1242
24-04-2023,6,Graphic T-shirt,T-shirts,15,150,199,2985,735
24-04-2023,7,Running jacket,Activewear,11,420,499,5489,869
24-04-2023,8,Belt,Accessories,26,110,159,4134,1274
24-04-2023,9,Watch,Accessories,14,380,419,5866,546
24-04-2023,10,Sneakers,Footwear,15,350,449,6735,1485
25-04-2023,1,Polo shirt,Shirts,21,300,399,8379,2079
25-04-2023,2,Jeans,Pants,19,600,699,13281,1881
25-04-2023,3,Denim jacket,Outerwear,15,700,749,11235,735
25-04-2023,4,Tuxedo, Suits,17,560,669,11373,1853
25-04-2023,5,V-neck -Sweaters,Sweaters,11,420,489,5379,759
25-04-2023,6,Graphic T-shirt,T-shirts,21,150,199,4179,1029
25-04-2023,7,Running jacket,Activewear,22,420,499,10978,1738
25-04-2023,8,Belt,Accessories,16,110,159,2544,784
25-04-2023,9,Watch,Accessories,19,380,419,7961,741
25-04-2023,10,Sneakers,Footwear,22,350,449,9878,2178
26-04-2023,1,Polo shirt,Shirts,26,300,399,10374,2574
26-04-2023,2,Jeans,Pants,23,600,699,16077,2277
26-04-2023,3,Denim jacket,Outerwear,11,700,749,8239,539
26-04-2023,4,Tuxedo, Suits,20,560,669,13380,2180
26-04-2023,5,V-neck -Sweaters,Sweaters,10,420,489,4890,690
26-04-2023,6,Graphic T-shirt,T-shirts,28,150,199,5572,1372
26-04-2023,7,Running jacket,Activewear,13,420,499,6487,1027
26-04-2023,8,Belt,Accessories,28,110,159,4452,1372
26-04-2023,9,Watch,Accessories,20,380,419,8380,780
26-04-2023,10,Sneakers,Footwear,17,350,449,7633,1683
27-04-2023,1,Polo shirt,Shirts,20,300,399,7980,1980
27-04-2023,2,Jeans,Pants,13,600,699,9087,1287
27-04-2023,3,Denim jacket,Outerwear,26,700,749,19474,1274
27-04-2023,4,Tuxedo, Suits,16,560,669,10704,1744
27-04-2023,5,V-neck -Sweaters,Sweaters,17,420,489,8313,1173
27-04-2023,6,Graphic T-shirt,T-shirts,12,150,199,2388,588
27-04-2023,7,Running jacket,Activewear,11,420,499,5489,869
27-04-2023,8,Belt,Accessories,24,110,159,3816,1176
27-04-2023,9,Watch,Accessories,14,380,419,5866,546
27-04-2023,10,Sneakers,Footwear,10,350,449,4490,990
28-04-2023,1,Polo shirt,Shirts,13,300,399,5187,1287
28-04-2023,2,Jeans,Pants,24,600,699,16776,2376
28-04-2023,3,Denim jacket,Outerwear,29,700,749,21721,1421
28-04-2023,4,Tuxedo, Suits,28,560,669,18732,3052
28-04-2023,5,V-neck -Sweaters,Sweaters,12,420,489,5868,828
28-04-2023,6,Graphic T-shirt,T-shirts,29,150,199,5771,1421
28-04-2023,7,Running jacket,Activewear,20,420,499,9980,1580
28-04-2023,8,Belt,Accessories,26,110,159,4134,1274
28-04-2023,9,Watch,Accessories,22,380,419,9218,858
28-04-2023,10,Sneakers,Footwear,20,350,449,8980,1980
29-04-2023,1,Polo shirt,Shirts,11,300,399,4389,1089
29-04-2023,2,Jeans,Pants,18,600,699,12582,1782
29-04-2023,3,Denim jacket,Outerwear,11,700,749,8239,539
29-04-2023,4,Tuxedo, Suits,18,560,669,12042,1962
29-04-2023,5,V-neck -Sweaters,Sweaters,18,420,489,8802,1242
29-04-2023,6,Graphic T-shirt,T-shirts,17,150,199,3383,833
29-04-2023,7,Running jacket,Activewear,26,420,499,12974,2054
29-04-2023,8,Belt,Accessories,10,110,159,1590,490
29-04-2023,9,Watch,Accessories,20,380,419,8380,780
29-04-2023,10,Sneakers,Footwear,17,350,449,7633,1683
30-04-2023,1,Polo shirt,Shirts,19,300,399,7581,1881
30-04-2023,2,Jeans,Pants,16,600,699,11184,1584
30-04-2023,3,Denim jacket,Outerwear,12,700,749,8988,588
30-04-2023,4,Tuxedo, Suits,12,560,669,8028,1308
30-04-2023,5,V-neck -Sweaters,Sweaters,27,420,489,13203,1863
30-04-2023,6,Graphic T-shirt,T-shirts,14,150,199,2786,686
30-04-2023,7,Running jacket,Activewear,21,420,499,10479,1659
30-04-2023,8,Belt,Accessories,21,110,159,3339,1029
30-04-2023,9,Watch,Accessories,28,380,419,11732,1092
30-04-2023,10,Sneakers,Footwear,15,350,449,6735,1485
01-05-2023,1,Polo shirt,Shirts,11,300,399,4389,1089
01-05-2023,2,Jeans,Pants,21,600,699,14679,2079
01-05-2023,3,Denim jacket,Outerwear,28,700,749,20972,1372
01-05-2023,4,Tuxedo, Suits,14,560,669,9366,1526
01-05-2023,5,V-neck -Sweaters,Sweaters,21,420,489,10269,1449
01-05-2023,6,Graphic T-shirt,T-shirts,26,150,199,5174,1274
01-05-2023,7,Running jacket,Activewear,26,420,499,12974,2054
01-05-2023,8,Belt,Accessories,19,110,159,3021,931
01-05-2023,9,Watch,Accessories,26,380,419,10894,1014
01-05-2023,10,Sneakers,Footwear,24,350,449,10776,2376
02-05-2023,1,Polo shirt,Shirts,21,300,399,8379,2079
02-05-2023,2,Jeans,Pants,25,600,699,17475,2475
02-05-2023,3,Denim jacket,Outerwear,28,700,749,20972,1372
02-05-2023,4,Tuxedo, Suits,17,560,669,11373,1853
02-05-2023,5,V-neck -Sweaters,Sweaters,26,420,489,12714,1794
02-05-2023,6,Graphic T-shirt,T-shirts,14,150,199,2786,686
02-05-2023,7,Running jacket,Activewear,25,420,499,12475,1975
02-05-2023,8,Belt,Accessories,15,110,159,2385,735
02-05-2023,9,Watch,Accessories,17,380,419,7123,663
02-05-2023,10,Sneakers,Footwear,27,350,449,12123,2673
03-05-2023,1,Polo shirt,Shirts,21,300,399,8379,2079
03-05-2023,2,Jeans,Pants,24,600,699,16776,2376
03-05-2023,3,Denim jacket,Outerwear,18,700,749,13482,882
03-05-2023,4,Tuxedo, Suits,22,560,669,14718,2398
03-05-2023,5,V-neck -Sweaters,Sweaters,24,420,489,11736,1656
03-05-2023,6,Graphic T-shirt,T-shirts,19,150,199,3781,931
03-05-2023,7,Running jacket,Activewear,25,420,499,12475,1975
03-05-2023,8,Belt,Accessories,16,110,159,2544,784
03-05-2023,9,Watch,Accessories,26,380,419,10894,1014
03-05-2023,10,Sneakers,Footwear,16,350,449,7184,1584
04-05-2023,1,Polo shirt,Shirts,23,300,399,9177,2277
04-05-2023,2,Jeans,Pants,24,600,699,16776,2376
04-05-2023,3,Denim jacket,Outerwear,16,700,749,11984,784
04-05-2023,4,Tuxedo, Suits,18,560,669,12042,1962
04-05-2023,5,V-neck -Sweaters,Sweaters,28,420,489,13692,1932
04-05-2023,6,Graphic T-shirt,T-shirts,25,150,199,4975,1225
04-05-2023,7,Running jacket,Activewear,17,420,499,8483,1343
04-05-2023,8,Belt,Accessories,27,110,159,4293,1323
04-05-2023,9,Watch,Accessories,27,380,419,11313,1053
04-05-2023,10,Sneakers,Footwear,29,350,449,13021,2871
05-05-2023,1,Polo shirt,Shirts,16,300,399,6384,1584
05-05-2023,2,Jeans,Pants,12,600,699,8388,1188
05-05-2023,3,Denim jacket,Outerwear,27,700,749,20223,1323
05-05-2023,4,Tuxedo, Suits,19,560,669,12711,2071
05-05-2023,5,V-neck -Sweaters,Sweaters,16,420,489,7824,1104
05-05-2023,6,Graphic T-shirt,T-shirts,26,150,199,5174,1274
05-05-2023,7,Running jacket,Activewear,23,420,499,11477,1817
05-05-2023,8,Belt,Accessories,12,110,159,1908,588
05-05-2023,9,Watch,Accessories,21,380,419,8799,819
05-05-2023,10,Sneakers,Footwear,22,350,449,9878,2178
06-05-2023,1,Polo shirt,Shirts,11,300,399,4389,1089
06-05-2023,2,Jeans,Pants,12,600,699,8388,1188
06-05-2023,3,Denim jacket,Outerwear,14,700,749,10486,686
06-05-2023,4,Tuxedo, Suits,20,560,669,13380,2180
06-05-2023,5,V-neck -Sweaters,Sweaters,17,420,489,8313,1173
06-05-2023,6,Graphic T-shirt,T-shirts,21,150,199,4179,1029
06-05-2023,7,Running jacket,Activewear,16,420,499,7984,1264
06-05-2023,8,Belt,Accessories,24,110,159,3816,1176
06-05-2023,9,Watch,Accessories,26,380,419,10894,1014
06-05-2023,10,Sneakers,Footwear,13,350,449,5837,1287
07-05-2023,1,Polo shirt,Shirts,22,300,399,8778,2178
07-05-2023,2,Jeans,Pants,27,600,699,18873,2673
07-05-2023,3,Denim jacket,Outerwear,10,700,749,7490,490
07-05-2023,4,Tuxedo, Suits,25,560,669,16725,2725
07-05-2023,5,V-neck -Sweaters,Sweaters,22,420,489,10758,1518
07-05-2023,6,Graphic T-shirt,T-shirts,19,150,199,3781,931
07-05-2023,7,Running jacket,Activewear,21,420,499,10479,1659
07-05-2023,8,Belt,Accessories,11,110,159,1749,539
07-05-2023,9,Watch,Accessories,12,380,419,5028,468
07-05-2023,10,Sneakers,Footwear,19,350,449,8531,1881
08-05-2023,1,Polo shirt,Shirts,11,300,399,4389,1089
08-05-2023,2,Jeans,Pants,22,600,699,15378,2178
08-05-2023,3,Denim jacket,Outerwear,22,700,749,16478,1078
08-05-2023,4,Tuxedo, Suits,27,560,669,18063,2943
08-05-2023,5,V-neck -Sweaters,Sweaters,12,420,489,5868,828
08-05-2023,6,Graphic T-shirt,T-shirts,16,150,199,3184,784
08-05-2023,7,Running jacket,Activewear,23,420,499,11477,1817
08-05-2023,8,Belt,Accessories,29,110,159,4611,1421
08-05-2023,9,Watch,Accessories,26,380,419,10894,1014
08-05-2023,10,Sneakers,Footwear,21,350,449,9429,2079
09-05-2023,1,Polo shirt,Shirts,25,300,399,9975,2475
09-05-2023,2,Jeans,Pants,21,600,699,14679,2079
09-05-2023,3,Denim jacket,Outerwear,24,700,749,17976,1176
09-05-2023,4,Tuxedo, Suits,19,560,669,12711,2071
09-05-2023,5,V-neck -Sweaters,Sweaters,16,420,489,7824,1104
09-05-2023,6,Graphic T-shirt,T-shirts,29,150,199,5771,1421
09-05-2023,7,Running jacket,Activewear,14,420,499,6986,1106
09-05-2023,8,Belt,Accessories,10,110,159,1590,490
09-05-2023,9,Watch,Accessories,26,380,419,10894,1014
09-05-2023,10,Sneakers,Footwear,12,350,449,5388,1188
10-05-2023,1,Polo shirt,Shirts,22,300,399,8778,2178
10-05-2023,2,Jeans,Pants,23,600,699,16077,2277
10-05-2023,3,Denim jacket,Outerwear,27,700,749,20223,1323
10-05-2023,4,Tuxedo, Suits,13,560,669,8697,1417
10-05-2023,5,V-neck -Sweaters,Sweaters,27,420,489,13203,1863
10-05-2023,6,Graphic T-shirt,T-shirts,14,150,199,2786,686
10-05-2023,7,Running jacket,Activewear,25,420,499,12475,1975
10-05-2023,8,Belt,Accessories,10,110,159,1590,490
10-05-2023,9,Watch,Accessories,23,380,419,9637,897
10-05-2023,10,Sneakers,Footwear,24,350,449,10776,2376
11-05-2023,1,Polo shirt,Shirts,18,300,399,7182,1782
11-05-2023,2,Jeans,Pants,24,600,699,16776,2376
11-05-2023,3,Denim jacket,Outerwear,26,700,749,19474,1274
11-05-2023,4,Tuxedo, Suits,13,560,669,8697,1417
11-05-2023,5,V-neck -Sweaters,Sweaters,21,420,489,10269,1449
11-05-2023,6,Graphic T-shirt,T-shirts,14,150,199,2786,686
11-05-2023,7,Running jacket,Activewear,14,420,499,6986,1106
11-05-2023,8,Belt,Accessories,20,110,159,3180,980
11-05-2023,9,Watch,Accessories,15,380,419,6285,585
11-05-2023,10,Sneakers,Footwear,16,350,449,7184,1584
12-05-2023,1,Polo shirt,Shirts,23,300,399,9177,2277
12-05-2023,2,Jeans,Pants,20,600,699,13980,1980
12-05-2023,3,Denim jacket,Outerwear,22,700,749,16478,1078
12-05-2023,4,Tuxedo, Suits,11,560,669,7359,1199
12-05-2023,5,V-neck -Sweaters,Sweaters,16,420,489,7824,1104
12-05-2023,6,Graphic T-shirt,T-shirts,29,150,199,5771,1421
12-05-2023,7,Running jacket,Activewear,13,420,499,6487,1027
12-05-2023,8,Belt,Accessories,17,110,159,2703,833
12-05-2023,9,Watch,Accessories,29,380,419,12151,1131
12-05-2023,10,Sneakers,Footwear,28,350,449,12572,2772
13-05-2023,1,Polo shirt,Shirts,22,300,399,8778,2178
13-05-2023,2,Jeans,Pants,23,600,699,16077,2277
13-05-2023,3,Denim jacket,Outerwear,19,700,749,14231,931
13-05-2023,4,Tuxedo, Suits,20,560,669,13380,2180
13-05-2023,5,V-neck -Sweaters,Sweaters,11,420,489,5379,759
13-05-2023,6,Graphic T-shirt,T-shirts,18,150,199,3582,882
13-05-2023,7,Running jacket,Activewear,26,420,499,12974,2054
13-05-2023,8,Belt,Accessories,12,110,159,1908,588
13-05-2023,9,Watch,Accessories,15,380,419,6285,585
13-05-2023,10,Sneakers,Footwear,14,350,449,6286,1386
14-05-2023,1,Polo shirt,Shirts,14,300,399,5586,1386
14-05-2023,2,Jeans,Pants,24,600,699,16776,2376
14-05-2023,3,Denim jacket,Outerwear,26,700,749,19474,1274
14-05-2023,4,Tuxedo, Suits,18,560,669,12042,1962
14-05-2023,5,V-neck -Sweaters,Sweaters,12,420,489,5868,828
14-05-2023,6,Graphic T-shirt,T-shirts,29,150,199,5771,1421
14-05-2023,7,Running jacket,Activewear,26,420,499,12974,2054
14-05-2023,8,Belt,Accessories,19,110,159,3021,931
14-05-2023,9,Watch,Accessories,12,380,419,5028,468
14-05-2023,10,Sneakers,Footwear,27,350,449,12123,2673
15-05-2023,1,Polo shirt,Shirts,27,300,399,10773,2673
15-05-2023,2,Jeans,Pants,26,600,699,18174,2574
15-05-2023,3,Denim jacket,Outerwear,12,700,749,8988,588
15-05-2023,4,Tuxedo, Suits,12,560,669,8028,1308
15-05-2023,5,V-neck -Sweaters,Sweaters,15,420,489,7335,1035
15-05-2023,6,Graphic T-shirt,T-shirts,22,150,199,4378,1078
15-05-2023,7,Running jacket,Activewear,24,420,499,11976,1896
15-05-2023,8,Belt,Accessories,18,110,159,2862,882
15-05-2023,9,Watch,Accessories,13,380,419,5447,507
15-05-2023,10,Sneakers,Footwear,23,350,449,10327,2277
16-05-2023,1,Polo shirt,Shirts,14,300,399,5586,1386
16-05-2023,2,Jeans,Pants,11,600,699,7689,1089
16-05-2023,3,Denim jacket,Outerwear,20,700,749,14980,980
16-05-2023,4,Tuxedo, Suits,18,560,669,12042,1962
16-05-2023,5,V-neck -Sweaters,Sweaters,12,420,489,5868,828
16-05-2023,6,Graphic T-shirt,T-shirts,18,150,199,3582,882
16-05-2023,7,Running jacket,Activewear,12,420,499,5988,948
16-05-2023,8,Belt,Accessories,11,110,159,1749,539
16-05-2023,9,Watch,Accessories,21,380,419,8799,819
16-05-2023,10,Sneakers,Footwear,19,350,449,8531,1881
17-05-2023,1,Polo shirt,Shirts,18,300,399,7182,1782
17-05-2023,2,Jeans,Pants,24,600,699,16776,2376
17-05-2023,3,Denim jacket,Outerwear,17,700,749,12733,833
17-05-2023,4,Tuxedo, Suits,14,560,669,9366,1526
17-05-2023,5,V-neck -Sweaters,Sweaters,20,420,489,9780,1380
17-05-2023,6,Graphic T-shirt,T-shirts,11,150,199,2189,539
17-05-2023,7,Running jacket,Activewear,24,420,499,11976,1896
17-05-2023,8,Belt,Accessories,15,110,159,2385,735
17-05-2023,9,Watch,Accessories,17,380,419,7123,663
17-05-2023,10,Sneakers,Footwear,14,350,449,6286,1386
18-05-2023,1,Polo shirt,Shirts,25,300,399,9975,2475
18-05-2023,2,Jeans,Pants,27,600,699,18873,2673
18-05-2023,3,Denim jacket,Outerwear,15,700,749,11235,735
18-05-2023,4,Tuxedo, Suits,14,560,669,9366,1526
18-05-2023,5,V-neck -Sweaters,Sweaters,25,420,489,12225,1725
18-05-2023,6,Graphic T-shirt,T-shirts,22,150,199,4378,1078
18-05-2023,7,Running jacket,Activewear,14,420,499,6986,1106
18-05-2023,8,Belt,Accessories,22,110,159,3498,1078
18-05-2023,9,Watch,Accessories,26,380,419,10894,1014
18-05-2023,10,Sneakers,Footwear,27,350,449,12123,2673
19-05-2023,1,Polo shirt,Shirts,17,300,399,6783,1683
19-05-2023,2,Jeans,Pants,22,600,699,15378,2178
19-05-2023,3,Denim jacket,Outerwear,28,700,749,20972,1372
19-05-2023,4,Tuxedo, Suits,12,560,669,8028,1308
19-05-2023,5,V-neck -Sweaters,Sweaters,17,420,489,8313,1173
19-05-2023,6,Graphic T-shirt,T-shirts,11,150,199,2189,539
19-05-2023,7,Running jacket,Activewear,17,420,499,8483,1343
19-05-2023,8,Belt,Accessories,22,110,159,3498,1078
19-05-2023,9,Watch,Accessories,22,380,419,9218,858
19-05-2023,10,Sneakers,Footwear,10,350,449,4490,990
20-05-2023,1,Polo shirt,Shirts,15,300,399,5985,1485
20-05-2023,2,Jeans,Pants,28,600,699,19572,2772
20-05-2023,3,Denim jacket,Outerwear,25,700,749,18725,1225
20-05-2023,4,Tuxedo, Suits,17,560,669,11373,1853
20-05-2023,5,V-neck -Sweaters,Sweaters,10,420,489,4890,690
20-05-2023,6,Graphic T-shirt,T-shirts,25,150,199,4975,1225
20-05-2023,7,Running jacket,Activewear,18,420,499,8982,1422
20-05-2023,8,Belt,Accessories,22,110,159,3498,1078
20-05-2023,9,Watch,Accessories,20,380,419,8380,780
20-05-2023,10,Sneakers,Footwear,22,350,449,9878,2178
21-05-2023,1,Polo shirt,Shirts,19,300,399,7581,1881
21-05-2023,2,Jeans,Pants,13,600,699,9087,1287
21-05-2023,3,Denim jacket,Outerwear,15,700,749,11235,735
21-05-2023,4,Tuxedo, Suits,16,560,669,10704,1744
21-05-2023,5,V-neck -Sweaters,Sweaters,14,420,489,6846,966
21-05-2023,6,Graphic T-shirt,T-shirts,20,150,199,3980,980
21-05-2023,7,Running jacket,Activewear,22,420,499,10978,1738
21-05-2023,8,Belt,Accessories,28,110,159,4452,1372
21-05-2023,9,Watch,Accessories,19,380,419,7961,741
21-05-2023,10,Sneakers,Footwear,19,350,449,8531,1881
22-05-2023,1,Polo shirt,Shirts,20,300,399,7980,1980
22-05-2023,2,Jeans,Pants,16,600,699,11184,1584
22-05-2023,3,Denim jacket,Outerwear,27,700,749,20223,1323
22-05-2023,4,Tuxedo, Suits,13,560,669,8697,1417
22-05-2023,5,V-neck -Sweaters,Sweaters,11,420,489,5379,759
22-05-2023,6,Graphic T-shirt,T-shirts,23,150,199,4577,1127
22-05-2023,7,Running jacket,Activewear,22,420,499,10978,1738
22-05-2023,8,Belt,Accessories,21,110,159,3339,1029
22-05-2023,9,Watch,Accessories,16,380,419,6704,624
22-05-2023,10,Sneakers,Footwear,11,350,449,4939,1089
23-05-2023,1,Polo shirt,Shirts,22,300,399,8778,2178
23-05-2023,2,Jeans,Pants,23,600,699,16077,2277
23-05-2023,3,Denim jacket,Outerwear,26,700,749,19474,1274
23-05-2023,4,Tuxedo, Suits,18,560,669,12042,1962
23-05-2023,5,V-neck -Sweaters,Sweaters,26,420,489,12714,1794
23-05-2023,6,Graphic T-shirt,T-shirts,17,150,199,3383,833
23-05-2023,7,Running jacket,Activewear,11,420,499,5489,869
23-05-2023,8,Belt,Accessories,22,110,159,3498,1078
23-05-2023,9,Watch,Accessories,12,380,419,5028,468
23-05-2023,10,Sneakers,Footwear,25,350,449,11225,2475
24-05-2023,1,Polo shirt,Shirts,15,300,399,5985,1485
24-05-2023,2,Jeans,Pants,28,600,699,19572,2772
24-05-2023,3,Denim jacket,Outerwear,16,700,749,11984,784
24-05-2023,4,Tuxedo, Suits,19,560,669,12711,2071
24-05-2023,5,V-neck -Sweaters,Sweaters,18,420,489,8802,1242
24-05-2023,6,Graphic T-shirt,T-shirts,11,150,199,2189,539
24-05-2023,7,Running jacket,Activewear,24,420,499,11976,1896
24-05-2023,8,Belt,Accessories,14,110,159,2226,686
24-05-2023,9,Watch,Accessories,13,380,419,5447,507
24-05-2023,10,Sneakers,Footwear,29,350,449,13021,2871
25-05-2023,1,Polo shirt,Shirts,13,300,399,5187,1287
25-05-2023,2,Jeans,Pants,27,600,699,18873,2673
25-05-2023,3,Denim jacket,Outerwear,13,700,749,9737,637
25-05-2023,4,Tuxedo, Suits,26,560,669,17394,2834
25-05-2023,5,V-neck -Sweaters,Sweaters,21,420,489,10269,1449
25-05-2023,6,Graphic T-shirt,T-shirts,26,150,199,5174,1274
25-05-2023,7,Running jacket,Activewear,19,420,499,9481,1501
25-05-2023,8,Belt,Accessories,10,110,159,1590,490
25-05-2023,9,Watch,Accessories,27,380,419,11313,1053
25-05-2023,10,Sneakers,Footwear,27,350,449,12123,2673
26-05-2023,1,Polo shirt,Shirts,23,300,399,9177,2277
26-05-2023,2,Jeans,Pants,24,600,699,16776,2376
26-05-2023,3,Denim jacket,Outerwear,21,700,749,15729,1029
26-05-2023,4,Tuxedo, Suits,13,560,669,8697,1417
26-05-2023,5,V-neck -Sweaters,Sweaters,12,420,489,5868,828
26-05-2023,6,Graphic T-shirt,T-shirts,29,150,199,5771,1421
26-05-2023,7,Running jacket,Activewear,21,420,499,10479,1659
26-05-2023,8,Belt,Accessories,16,110,159,2544,784
26-05-2023,9,Watch,Accessories,20,380,419,8380,780
26-05-2023,10,Sneakers,Footwear,10,350,449,4490,990
27-05-2023,1,Polo shirt,Shirts,15,300,399,5985,1485
27-05-2023,2,Jeans,Pants,24,600,699,16776,2376
27-05-2023,3,Denim jacket,Outerwear,24,700,749,17976,1176
27-05-2023,4,Tuxedo, Suits,28,560,669,18732,3052
27-05-2023,5,V-neck -Sweaters,Sweaters,20,420,489,9780,1380
27-05-2023,6,Graphic T-shirt,T-shirts,11,150,199,2189,539
27-05-2023,7,Running jacket,Activewear,23,420,499,11477,1817
27-05-2023,8,Belt,Accessories,11,110,159,1749,539
27-05-2023,9,Watch,Accessories,13,380,419,5447,507
27-05-2023,10,Sneakers,Footwear,26,350,449,11674,2574
28-05-2023,1,Polo shirt,Shirts,12,300,399,4788,1188
28-05-2023,2,Jeans,Pants,22,600,699,15378,2178
28-05-2023,3,Denim jacket,Outerwear,18,700,749,13482,882
28-05-2023,4,Tuxedo, Suits,16,560,669,10704,1744
28-05-2023,5,V-neck -Sweaters,Sweaters,24,420,489,11736,1656
28-05-2023,6,Graphic T-shirt,T-shirts,20,150,199,3980,980
28-05-2023,7,Running jacket,Activewear,29,420,499,14471,2291
28-05-2023,8,Belt,Accessories,11,110,159,1749,539
28-05-2023,9,Watch,Accessories,24,380,419,10056,936
28-05-2023,10,Sneakers,Footwear,23,350,449,10327,2277
29-05-2023,1,Polo shirt,Shirts,29,300,399,11571,2871
29-05-2023,2,Jeans,Pants,20,600,699,13980,1980
29-05-2023,3,Denim jacket,Outerwear,12,700,749,8988,588
29-05-2023,4,Tuxedo, Suits,26,560,669,17394,2834
29-05-2023,5,V-neck -Sweaters,Sweaters,21,420,489,10269,1449
29-05-2023,6,Graphic T-shirt,T-shirts,24,150,199,4776,1176
29-05-2023,7,Running jacket,Activewear,25,420,499,12475,1975
29-05-2023,8,Belt,Accessories,14,110,159,2226,686
29-05-2023,9,Watch,Accessories,29,380,419,12151,1131
29-05-2023,10,Sneakers,Footwear,15,350,449,6735,1485
30-05-2023,1,Polo shirt,Shirts,28,300,399,11172,2772
30-05-2023,2,Jeans,Pants,14,600,699,9786,1386
30-05-2023,3,Denim jacket,Outerwear,12,700,749,8988,588
30-05-2023,4,Tuxedo, Suits,10,560,669,6690,1090
30-05-2023,5,V-neck -Sweaters,Sweaters,15,420,489,7335,1035
30-05-2023,6,Graphic T-shirt,T-shirts,24,150,199,4776,1176
30-05-2023,7,Running jacket,Activewear,11,420,499,5489,869
30-05-2023,8,Belt,Accessories,12,110,159,1908,588
30-05-2023,9,Watch,Accessories,26,380,419,10894,1014
30-05-2023,10,Sneakers,Footwear,21,350,449,9429,2079
31-05-2023,1,Polo shirt,Shirts,27,300,399,10773,2673
31-05-2023,2,Jeans,Pants,24,600,699,16776,2376
31-05-2023,3,Denim jacket,Outerwear,21,700,749,15729,1029
31-05-2023,4,Tuxedo, Suits,25,560,669,16725,2725
31-05-2023,5,V-neck -Sweaters,Sweaters,17,420,489,8313,1173
31-05-2023,6,Graphic T-shirt,T-shirts,23,150,199,4577,1127
31-05-2023,7,Running jacket,Activewear,26,420,499,12974,2054
31-05-2023,8,Belt,Accessories,17,110,159,2703,833
31-05-2023,9,Watch,Accessories,24,380,419,10056,936
31-05-2023,10,Sneakers,Footwear,23,350,449,10327,2277
01-06-2023,1,Polo shirt,Shirts,27,300,399,10773,2673
01-06-2023,2,Jeans,Pants,29,600,699,20271,2871
01-06-2023,3,Denim jacket,Outerwear,16,700,749,11984,784
01-06-2023,4,Tuxedo, Suits,12,560,669,8028,1308
01-06-2023,5,V-neck -Sweaters,Sweaters,21,420,489,10269,1449
01-06-2023,6,Graphic T-shirt,T-shirts,12,150,199,2388,588
01-06-2023,7,Running jacket,Activewear,29,420,499,14471,2291
01-06-2023,8,Belt,Accessories,23,110,159,3657,1127
01-06-2023,9,Watch,Accessories,24,380,419,10056,936
01-06-2023,10,Sneakers,Footwear,23,350,449,10327,2277
02-06-2023,1,Polo shirt,Shirts,16,300,399,6384,1584
02-06-2023,2,Jeans,Pants,26,600,699,18174,2574
02-06-2023,3,Denim jacket,Outerwear,21,700,749,15729,1029
02-06-2023,4,Tuxedo, Suits,29,560,669,19401,3161
02-06-2023,5,V-neck -Sweaters,Sweaters,13,420,489,6357,897
02-06-2023,6,Graphic T-shirt,T-shirts,18,150,199,3582,882
02-06-2023,7,Running jacket,Activewear,15,420,499,7485,1185
02-06-2023,8,Belt,Accessories,25,110,159,3975,1225
02-06-2023,9,Watch,Accessories,11,380,419,4609,429
02-06-2023,10,Sneakers,Footwear,17,350,449,7633,1683
03-06-2023,1,Polo shirt,Shirts,20,300,399,7980,1980
03-06-2023,2,Jeans,Pants,22,600,699,15378,2178
03-06-2023,3,Denim jacket,Outerwear,26,700,749,19474,1274
03-06-2023,4,Tuxedo, Suits,17,560,669,11373,1853
03-06-2023,5,V-neck -Sweaters,Sweaters,27,420,489,13203,1863
03-06-2023,6,Graphic T-shirt,T-shirts,27,150,199,5373,1323
03-06-2023,7,Running jacket,Activewear,23,420,499,11477,1817
03-06-2023,8,Belt,Accessories,24,110,159,3816,1176
03-06-2023,9,Watch,Accessories,15,380,419,6285,585
03-06-2023,10,Sneakers,Footwear,20,350,449,8980,1980
04-06-2023,1,Polo shirt,Shirts,22,300,399,8778,2178
04-06-2023,2,Jeans,Pants,10,600,699,6990,990
04-06-2023,3,Denim jacket,Outerwear,15,700,749,11235,735
04-06-2023,4,Tuxedo, Suits,18,560,669,12042,1962
04-06-2023,5,V-neck -Sweaters,Sweaters,17,420,489,8313,1173
04-06-2023,6,Graphic T-shirt,T-shirts,20,150,199,3980,980
04-06-2023,7,Running jacket,Activewear,28,420,499,13972,2212
04-06-2023,8,Belt,Accessories,18,110,159,2862,882
04-06-2023,9,Watch,Accessories,26,380,419,10894,1014
04-06-2023,10,Sneakers,Footwear,21,350,449,9429,2079
05-06-2023,1,Polo shirt,Shirts,23,300,399,9177,2277
05-06-2023,2,Jeans,Pants,24,600,699,16776,2376
05-06-2023,3,Denim jacket,Outerwear,25,700,749,18725,1225
05-06-2023,4,Tuxedo, Suits,29,560,669,19401,3161
05-06-2023,5,V-neck -Sweaters,Sweaters,10,420,489,4890,690
05-06-2023,6,Graphic T-shirt,T-shirts,19,150,199,3781,931
05-06-2023,7,Running jacket,Activewear,17,420,499,8483,1343
05-06-2023,8,Belt,Accessories,27,110,159,4293,1323
05-06-2023,9,Watch,Accessories,10,380,419,4190,390
05-06-2023,10,Sneakers,Footwear,11,350,449,4939,1089
06-06-2023,1,Polo shirt,Shirts,10,300,399,3990,990
06-06-2023,2,Jeans,Pants,10,600,699,6990,990
06-06-2023,3,Denim jacket,Outerwear,18,700,749,13482,882
06-06-2023,4,Tuxedo, Suits,22,560,669,14718,2398
06-06-2023,5,V-neck -Sweaters,Sweaters,10,420,489,4890,690
06-06-2023,6,Graphic T-shirt,T-shirts,22,150,199,4378,1078
06-06-2023,7,Running jacket,Activewear,29,420,499,14471,2291
06-06-2023,8,Belt,Accessories,16,110,159,2544,784
06-06-2023,9,Watch,Accessories,11,380,419,4609,429
06-06-2023,10,Sneakers,Footwear,15,350,449,6735,1485
07-06-2023,1,Polo shirt,Shirts,16,300,399,6384,1584
07-06-2023,2,Jeans,Pants,23,600,699,16077,2277
07-06-2023,3,Denim jacket,Outerwear,27,700,749,20223,1323
07-06-2023,4,Tuxedo, Suits,24,560,669,16056,2616
07-06-2023,5,V-neck -Sweaters,Sweaters,11,420,489,5379,759
07-06-2023,6,Graphic T-shirt,T-shirts,19,150,199,3781,931
07-06-2023,7,Running jacket,Activewear,21,420,499,10479,1659
07-06-2023,8,Belt,Accessories,26,110,159,4134,1274
07-06-2023,9,Watch,Accessories,17,380,419,7123,663
07-06-2023,10,Sneakers,Footwear,20,350,449,8980,1980
08-06-2023,1,Polo shirt,Shirts,12,300,399,4788,1188
08-06-2023,2,Jeans,Pants,15,600,699,10485,1485
08-06-2023,3,Denim jacket,Outerwear,18,700,749,13482,882
08-06-2023,4,Tuxedo, Suits,15,560,669,10035,1635
08-06-2023,5,V-neck -Sweaters,Sweaters,18,420,489,8802,1242
08-06-2023,6,Graphic T-shirt,T-shirts,16,150,199,3184,784
08-06-2023,7,Running jacket,Activewear,18,420,499,8982,1422
08-06-2023,8,Belt,Accessories,27,110,159,4293,1323
08-06-2023,9,Watch,Accessories,21,380,419,8799,819
08-06-2023,10,Sneakers,Footwear,17,350,449,7633,1683
09-06-2023,1,Polo shirt,Shirts,17,300,399,6783,1683
09-06-2023,2,Jeans,Pants,27,600,699,18873,2673
09-06-2023,3,Denim jacket,Outerwear,29,700,749,21721,1421
09-06-2023,4,Tuxedo, Suits,24,560,669,16056,2616
09-06-2023,5,V-neck -Sweaters,Sweaters,16,420,489,7824,1104
09-06-2023,6,Graphic T-shirt,T-shirts,20,150,199,3980,980
09-06-2023,7,Running jacket,Activewear,29,420,499,14471,2291
09-06-2023,8,Belt,Accessories,25,110,159,3975,1225
09-06-2023,9,Watch,Accessories,13,380,419,5447,507
09-06-2023,10,Sneakers,Footwear,15,350,449,6735,1485
10-06-2023,1,Polo shirt,Shirts,12,300,399,4788,1188
10-06-2023,2,Jeans,Pants,18,600,699,12582,1782
10-06-2023,3,Denim jacket,Outerwear,19,700,749,14231,931
10-06-2023,4,Tuxedo, Suits,23,560,669,15387,2507
10-06-2023,5,V-neck -Sweaters,Sweaters,20,420,489,9780,1380
10-06-2023,6,Graphic T-shirt,T-shirts,27,150,199,5373,1323
10-06-2023,7,Running jacket,Activewear,21,420,499,10479,1659
10-06-2023,8,Belt,Accessories,21,110,159,3339,1029
10-06-2023,9,Watch,Accessories,22,380,419,9218,858
10-06-2023,10,Sneakers,Footwear,22,350,449,9878,2178
11-06-2023,1,Polo shirt,Shirts,28,300,399,11172,2772
11-06-2023,2,Jeans,Pants,28,600,699,19572,2772
11-06-2023,3,Denim jacket,Outerwear,23,700,749,17227,1127
11-06-2023,4,Tuxedo, Suits,13,560,669,8697,1417
11-06-2023,5,V-neck -Sweaters,Sweaters,22,420,489,10758,1518
11-06-2023,6,Graphic T-shirt,T-shirts,17,150,199,3383,833
11-06-2023,7,Running jacket,Activewear,28,420,499,13972,2212
11-06-2023,8,Belt,Accessories,21,110,159,3339,1029
11-06-2023,9,Watch,Accessories,27,380,419,11313,1053
11-06-2023,10,Sneakers,Footwear,15,350,449,6735,1485
12-06-2023,1,Polo shirt,Shirts,27,300,399,10773,2673
12-06-2023,2,Jeans,Pants,28,600,699,19572,2772
12-06-2023,3,Denim jacket,Outerwear,14,700,749,10486,686
12-06-2023,4,Tuxedo, Suits,18,560,669,12042,1962
12-06-2023,5,V-neck -Sweaters,Sweaters,12,420,489,5868,828
12-06-2023,6,Graphic T-shirt,T-shirts,19,150,199,3781,931
12-06-2023,7,Running jacket,Activewear,28,420,499,13972,2212
12-06-2023,8,Belt,Accessories,12,110,159,1908,588
12-06-2023,9,Watch,Accessories,24,380,419,10056,936
12-06-2023,10,Sneakers,Footwear,10,350,449,4490,990
13-06-2023,1,Polo shirt,Shirts,16,300,399,6384,1584
13-06-2023,2,Jeans,Pants,21,600,699,14679,2079
13-06-2023,3,Denim jacket,Outerwear,26,700,749,19474,1274
13-06-2023,4,Tuxedo, Suits,29,560,669,19401,3161
13-06-2023,5,V-neck -Sweaters,Sweaters,14,420,489,6846,966
13-06-2023,6,Graphic T-shirt,T-shirts,13,150,199,2587,637
13-06-2023,7,Running jacket,Activewear,21,420,499,10479,1659
13-06-2023,8,Belt,Accessories,29,110,159,4611,1421
13-06-2023,9,Watch,Accessories,27,380,419,11313,1053
13-06-2023,10,Sneakers,Footwear,26,350,449,11674,2574
14-06-2023,1,Polo shirt,Shirts,28,300,399,11172,2772
14-06-2023,2,Jeans,Pants,18,600,699,12582,1782
14-06-2023,3,Denim jacket,Outerwear,13,700,749,9737,637
14-06-2023,4,Tuxedo, Suits,11,560,669,7359,1199
14-06-2023,5,V-neck -Sweaters,Sweaters,13,420,489,6357,897
14-06-2023,6,Graphic T-shirt,T-shirts,11,150,199,2189,539
14-06-2023,7,Running jacket,Activewear,24,420,499,11976,1896
14-06-2023,8,Belt,Accessories,11,110,159,1749,539
14-06-2023,9,Watch,Accessories,13,380,419,5447,507
14-06-2023,10,Sneakers,Footwear,15,350,449,6735,1485
15-06-2023,1,Polo shirt,Shirts,16,300,399,6384,1584
15-06-2023,2,Jeans,Pants,19,600,699,13281,1881
15-06-2023,3,Denim jacket,Outerwear,28,700,749,20972,1372
15-06-2023,4,Tuxedo, Suits,28,560,669,18732,3052
15-06-2023,5,V-neck -Sweaters,Sweaters,21,420,489,10269,1449
15-06-2023,6,Graphic T-shirt,T-shirts,12,150,199,2388,588
15-06-2023,7,Running jacket,Activewear,22,420,499,10978,1738
15-06-2023,8,Belt,Accessories,27,110,159,4293,1323
15-06-2023,9,Watch,Accessories,17,380,419,7123,663
15-06-2023,10,Sneakers,Footwear,24,350,449,10776,2376
16-06-2023,1,Polo shirt,Shirts,10,300,399,3990,990
16-06-2023,2,Jeans,Pants,12,600,699,8388,1188
16-06-2023,3,Denim jacket,Outerwear,17,700,749,12733,833
16-06-2023,4,Tuxedo, Suits,13,560,669,8697,1417
16-06-2023,5,V-neck -Sweaters,Sweaters,25,420,489,12225,1725
16-06-2023,6,Graphic T-shirt,T-shirts,19,150,199,3781,931
16-06-2023,7,Running jacket,Activewear,21,420,499,10479,1659
16-06-2023,8,Belt,Accessories,23,110,159,3657,1127
16-06-2023,9,Watch,Accessories,23,380,419,9637,897
16-06-2023,10,Sneakers,Footwear,11,350,449,4939,1089
17-06-2023,1,Polo shirt,Shirts,14,300,399,5586,1386
17-06-2023,2,Jeans,Pants,14,600,699,9786,1386
17-06-2023,3,Denim jacket,Outerwear,15,700,749,11235,735
17-06-2023,4,Tuxedo, Suits,22,560,669,14718,2398
17-06-2023,5,V-neck -Sweaters,Sweaters,18,420,489,8802,1242
17-06-2023,6,Graphic T-shirt,T-shirts,24,150,199,4776,1176
17-06-2023,7,Running jacket,Activewear,23,420,499,11477,1817
17-06-2023,8,Belt,Accessories,16,110,159,2544,784
17-06-2023,9,Watch,Accessories,29,380,419,12151,1131
17-06-2023,10,Sneakers,Footwear,11,350,449,4939,1089
18-06-2023,1,Polo shirt,Shirts,16,300,399,6384,1584
18-06-2023,2,Jeans,Pants,15,600,699,10485,1485
18-06-2023,3,Denim jacket,Outerwear,26,700,749,19474,1274
18-06-2023,4,Tuxedo, Suits,11,560,669,7359,1199
18-06-2023,5,V-neck -Sweaters,Sweaters,12,420,489,5868,828
18-06-2023,6,Graphic T-shirt,T-shirts,14,150,199,2786,686
18-06-2023,7,Running jacket,Activewear,14,420,499,6986,1106
18-06-2023,8,Belt,Accessories,10,110,159,1590,490
18-06-2023,9,Watch,Accessories,17,380,419,7123,663
18-06-2023,10,Sneakers,Footwear,21,350,449,9429,2079
19-06-2023,1,Polo shirt,Shirts,13,300,399,5187,1287
19-06-2023,2,Jeans,Pants,22,600,699,15378,2178
19-06-2023,3,Denim jacket,Outerwear,24,700,749,17976,1176
19-06-2023,4,Tuxedo, Suits,20,560,669,13380,2180
19-06-2023,5,V-neck -Sweaters,Sweaters,19,420,489,9291,1311
19-06-2023,6,Graphic T-shirt,T-shirts,12,150,199,2388,588
19-06-2023,7,Running jacket,Activewear,23,420,499,11477,1817
19-06-2023,8,Belt,Accessories,25,110,159,3975,1225
19-06-2023,9,Watch,Accessories,19,380,419,7961,741
19-06-2023,10,Sneakers,Footwear,19,350,449,8531,1881
20-06-2023,1,Polo shirt,Shirts,21,300,399,8379,2079
20-06-2023,2,Jeans,Pants,18,600,699,12582,1782
20-06-2023,3,Denim jacket,Outerwear,10,700,749,7490,490
20-06-2023,4,Tuxedo, Suits,14,560,669,9366,1526
20-06-2023,5,V-neck -Sweaters,Sweaters,29,420,489,14181,2001
20-06-2023,6,Graphic T-shirt,T-shirts,17,150,199,3383,833
20-06-2023,7,Running jacket,Activewear,20,420,499,9980,1580
20-06-2023,8,Belt,Accessories,21,110,159,3339,1029
20-06-2023,9,Watch,Accessories,10,380,419,4190,390
20-06-2023,10,Sneakers,Footwear,29,350,449,13021,2871
21-06-2023,1,Polo shirt,Shirts,20,300,399,7980,1980
21-06-2023,2,Jeans,Pants,14,600,699,9786,1386
21-06-2023,3,Denim jacket,Outerwear,24,700,749,17976,1176
21-06-2023,4,Tuxedo, Suits,14,560,669,9366,1526
21-06-2023,5,V-neck -Sweaters,Sweaters,21,420,489,10269,1449
21-06-2023,6,Graphic T-shirt,T-shirts,14,150,199,2786,686
21-06-2023,7,Running jacket,Activewear,26,420,499,12974,2054
21-06-2023,8,Belt,Accessories,26,110,159,4134,1274
21-06-2023,9,Watch,Accessories,21,380,419,8799,819
21-06-2023,10,Sneakers,Footwear,24,350,449,10776,2376
22-06-2023,1,Polo shirt,Shirts,24,300,399,9576,2376
22-06-2023,2,Jeans,Pants,15,600,699,10485,1485
22-06-2023,3,Denim jacket,Outerwear,21,700,749,15729,1029
22-06-2023,4,Tuxedo, Suits,29,560,669,19401,3161
22-06-2023,5,V-neck -Sweaters,Sweaters,27,420,489,13203,1863
22-06-2023,6,Graphic T-shirt,T-shirts,23,150,199,4577,1127
22-06-2023,7,Running jacket,Activewear,11,420,499,5489,869
22-06-2023,8,Belt,Accessories,18,110,159,2862,882
22-06-2023,9,Watch,Accessories,14,380,419,5866,546
22-06-2023,10,Sneakers,Footwear,29,350,449,13021,2871
23-06-2023,1,Polo shirt,Shirts,10,300,399,3990,990
23-06-2023,2,Jeans,Pants,12,600,699,8388,1188
23-06-2023,3,Denim jacket,Outerwear,15,700,749,11235,735
23-06-2023,4,Tuxedo, Suits,14,560,669,9366,1526
23-06-2023,5,V-neck -Sweaters,Sweaters,14,420,489,6846,966
23-06-2023,6,Graphic T-shirt,T-shirts,10,150,199,1990,490
23-06-2023,7,Running jacket,Activewear,26,420,499,12974,2054
23-06-2023,8,Belt,Accessories,28,110,159,4452,1372
23-06-2023,9,Watch,Accessories,23,380,419,9637,897
23-06-2023,10,Sneakers,Footwear,21,350,449,9429,2079
24-06-2023,1,Polo shirt,Shirts,19,300,399,7581,1881
24-06-2023,2,Jeans,Pants,29,600,699,20271,2871
24-06-2023,3,Denim jacket,Outerwear,27,700,749,20223,1323
24-06-2023,4,Tuxedo, Suits,20,560,669,13380,2180
24-06-2023,5,V-neck -Sweaters,Sweaters,11,420,489,5379,759
24-06-2023,6,Graphic T-shirt,T-shirts,27,150,199,5373,1323
24-06-2023,7,Running jacket,Activewear,16,420,499,7984,1264
24-06-2023,8,Belt,Accessories,24,110,159,3816,1176
24-06-2023,9,Watch,Accessories,20,380,419,8380,780
24-06-2023,10,Sneakers,Footwear,27,350,449,12123,2673
25-06-2023,1,Polo shirt,Shirts,21,300,399,8379,2079
25-06-2023,2,Jeans,Pants,15,600,699,10485,1485
25-06-2023,3,Denim jacket,Outerwear,29,700,749,21721,1421
25-06-2023,4,Tuxedo, Suits,22,560,669,14718,2398
25-06-2023,5,V-neck -Sweaters,Sweaters,29,420,489,14181,2001
25-06-2023,6,Graphic T-shirt,T-shirts,25,150,199,4975,1225
25-06-2023,7,Running jacket,Activewear,27,420,499,13473,2133
25-06-2023,8,Belt,Accessories,19,110,159,3021,931
25-06-2023,9,Watch,Accessories,17,380,419,7123,663
25-06-2023,10,Sneakers,Footwear,27,350,449,12123,2673
26-06-2023,1,Polo shirt,Shirts,10,300,399,3990,990
26-06-2023,2,Jeans,Pants,17,600,699,11883,1683
26-06-2023,3,Denim jacket,Outerwear,15,700,749,11235,735
26-06-2023,4,Tuxedo, Suits,14,560,669,9366,1526
26-06-2023,5,V-neck -Sweaters,Sweaters,24,420,489,11736,1656
26-06-2023,6,Graphic T-shirt,T-shirts,24,150,199,4776,1176
26-06-2023,7,Running jacket,Activewear,11,420,499,5489,869
26-06-2023,8,Belt,Accessories,10,110,159,1590,490
26-06-2023,9,Watch,Accessories,20,380,419,8380,780
26-06-2023,10,Sneakers,Footwear,19,350,449,8531,1881
27-06-2023,1,Polo shirt,Shirts,27,300,399,10773,2673
27-06-2023,2,Jeans,Pants,27,600,699,18873,2673
27-06-2023,3,Denim jacket,Outerwear,26,700,749,19474,1274
27-06-2023,4,Tuxedo, Suits,17,560,669,11373,1853
27-06-2023,5,V-neck -Sweaters,Sweaters,24,420,489,11736,1656
27-06-2023,6,Graphic T-shirt,T-shirts,17,150,199,3383,833
27-06-2023,7,Running jacket,Activewear,26,420,499,12974,2054
27-06-2023,8,Belt,Accessories,21,110,159,3339,1029
27-06-2023,9,Watch,Accessories,17,380,419,7123,663
27-06-2023,10,Sneakers,Footwear,23,350,449,10327,2277
28-06-2023,1,Polo shirt,Shirts,13,300,399,5187,1287
28-06-2023,2,Jeans,Pants,10,600,699,6990,990
28-06-2023,3,Denim jacket,Outerwear,10,700,749,7490,490
28-06-2023,4,Tuxedo, Suits,28,560,669,18732,3052
28-06-2023,5,V-neck -Sweaters,Sweaters,25,420,489,12225,1725
28-06-2023,6,Graphic T-shirt,T-shirts,23,150,199,4577,1127
28-06-2023,7,Running jacket,Activewear,25,420,499,12475,1975
28-06-2023,8,Belt,Accessories,14,110,159,2226,686
28-06-2023,9,Watch,Accessories,18,380,419,7542,702
28-06-2023,10,Sneakers,Footwear,11,350,449,4939,1089
29-06-2023,1,Polo shirt,Shirts,27,300,399,10773,2673
29-06-2023,2,Jeans,Pants,15,600,699,10485,1485
29-06-2023,3,Denim jacket,Outerwear,18,700,749,13482,882
29-06-2023,4,Tuxedo, Suits,10,560,669,6690,1090
29-06-2023,5,V-neck -Sweaters,Sweaters,18,420,489,8802,1242
29-06-2023,6,Graphic T-shirt,T-shirts,25,150,199,4975,1225
29-06-2023,7,Running jacket,Activewear,22,420,499,10978,1738
29-06-2023,8,Belt,Accessories,18,110,159,2862,882
29-06-2023,9,Watch,Accessories,22,380,419,9218,858
29-06-2023,10,Sneakers,Footwear,18,350,449,8082,1782
30-06-2023,1,Polo shirt,Shirts,20,300,399,7980,1980
30-06-2023,2,Jeans,Pants,13,600,699,9087,1287
30-06-2023,3,Denim jacket,Outerwear,11,700,749,8239,539
30-06-2023,4,Tuxedo, Suits,15,560,669,10035,1635
30-06-2023,5,V-neck -Sweaters,Sweaters,23,420,489,11247,1587
30-06-2023,6,Graphic T-shirt,T-shirts,13,150,199,2587,637
30-06-2023,7,Running jacket,Activewear,15,420,499,7485,1185
30-06-2023,8,Belt,Accessories,28,110,159,4452,1372
30-06-2023,9,Watch,Accessories,15,380,419,6285,585
30-06-2023,10,Sneakers,Footwear,11,350,449,4939,1089
01-07-2023,1,Polo shirt,Shirts,27,300,399,10773,2673
01-07-2023,2,Jeans,Pants,22,600,699,15378,2178
01-07-2023,3,Denim jacket,Outerwear,18,700,749,13482,882
01-07-2023,4,Tuxedo, Suits,28,560,669,18732,3052
01-07-2023,5,V-neck -Sweaters,Sweaters,22,420,489,10758,1518
01-07-2023,6,Graphic T-shirt,T-shirts,20,150,199,3980,980
01-07-2023,7,Running jacket,Activewear,10,420,499,4990,790
01-07-2023,8,Belt,Accessories,16,110,159,2544,784
01-07-2023,9,Watch,Accessories,24,380,419,10056,936
01-07-2023,10,Sneakers,Footwear,10,350,449,4490,990
02-07-2023,1,Polo shirt,Shirts,21,300,399,8379,2079
02-07-2023,2,Jeans,Pants,16,600,699,11184,1584
02-07-2023,3,Denim jacket,Outerwear,24,700,749,17976,1176
02-07-2023,4,Tuxedo, Suits,28,560,669,18732,3052
02-07-2023,5,V-neck -Sweaters,Sweaters,10,420,489,4890,690
02-07-2023,6,Graphic T-shirt,T-shirts,26,150,199,5174,1274
02-07-2023,7,Running jacket,Activewear,26,420,499,12974,2054
02-07-2023,8,Belt,Accessories,12,110,159,1908,588
02-07-2023,9,Watch,Accessories,21,380,419,8799,819
02-07-2023,10,Sneakers,Footwear,15,350,449,6735,1485
03-07-2023,1,Polo shirt,Shirts,20,300,399,7980,1980
03-07-2023,2,Jeans,Pants,12,600,699,8388,1188
03-07-2023,3,Denim jacket,Outerwear,17,700,749,12733,833
03-07-2023,4,Tuxedo, Suits,23,560,669,15387,2507
03-07-2023,5,V-neck -Sweaters,Sweaters,23,420,489,11247,1587
03-07-2023,6,Graphic T-shirt,T-shirts,19,150,199,3781,931
03-07-2023,7,Running jacket,Activewear,11,420,499,5489,869
03-07-2023,8,Belt,Accessories,23,110,159,3657,1127
03-07-2023,9,Watch,Accessories,18,380,419,7542,702
03-07-2023,10,Sneakers,Footwear,12,350,449,5388,1188
04-07-2023,1,Polo shirt,Shirts,17,300,399,6783,1683
04-07-2023,2,Jeans,Pants,25,600,699,17475,2475
04-07-2023,3,Denim jacket,Outerwear,11,700,749,8239,539
04-07-2023,4,Tuxedo, Suits,15,560,669,10035,1635
04-07-2023,5,V-neck -Sweaters,Sweaters,21,420,489,10269,1449
04-07-2023,6,Graphic T-shirt,T-shirts,14,150,199,2786,686
04-07-2023,7,Running jacket,Activewear,11,420,499,5489,869
04-07-2023,8,Belt,Accessories,25,110,159,3975,1225
04-07-2023,9,Watch,Accessories,14,380,419,5866,546
04-07-2023,10,Sneakers,Footwear,24,350,449,10776,2376
05-07-2023,1,Polo shirt,Shirts,21,300,399,8379,2079
05-07-2023,2,Jeans,Pants,13,600,699,9087,1287
05-07-2023,3,Denim jacket,Outerwear,24,700,749,17976,1176
05-07-2023,4,Tuxedo, Suits,20,560,669,13380,2180
05-07-2023,5,V-neck -Sweaters,Sweaters,25,420,489,12225,1725
05-07-2023,6,Graphic T-shirt,T-shirts,15,150,199,2985,735
05-07-2023,7,Running jacket,Activewear,23,420,499,11477,1817
05-07-2023,8,Belt,Accessories,27,110,159,4293,1323
05-07-2023,9,Watch,Accessories,21,380,419,8799,819
05-07-2023,10,Sneakers,Footwear,20,350,449,8980,1980
06-07-2023,1,Polo shirt,Shirts,22,300,399,8778,2178
06-07-2023,2,Jeans,Pants,20,600,699,13980,1980
06-07-2023,3,Denim jacket,Outerwear,25,700,749,18725,1225
06-07-2023,4,Tuxedo, Suits,24,560,669,16056,2616
06-07-2023,5,V-neck -Sweaters,Sweaters,24,420,489,11736,1656
06-07-2023,6,Graphic T-shirt,T-shirts,13,150,199,2587,637
06-07-2023,7,Running jacket,Activewear,20,420,499,9980,1580
06-07-2023,8,Belt,Accessories,28,110,159,4452,1372
06-07-2023,9,Watch,Accessories,24,380,419,10056,936
06-07-2023,10,Sneakers,Footwear,13,350,449,5837,1287
07-07-2023,1,Polo shirt,Shirts,22,300,399,8778,2178
07-07-2023,2,Jeans,Pants,28,600,699,19572,2772
07-07-2023,3,Denim jacket,Outerwear,11,700,749,8239,539
07-07-2023,4,Tuxedo, Suits,23,560,669,15387,2507
07-07-2023,5,V-neck -Sweaters,Sweaters,13,420,489,6357,897
07-07-2023,6,Graphic T-shirt,T-shirts,25,150,199,4975,1225
07-07-2023,7,Running jacket,Activewear,29,420,499,14471,2291
07-07-2023,8,Belt,Accessories,23,110,159,3657,1127
07-07-2023,9,Watch,Accessories,24,380,419,10056,936
07-07-2023,10,Sneakers,Footwear,12,350,449,5388,1188
08-07-2023,1,Polo shirt,Shirts,17,300,399,6783,1683
08-07-2023,2,Jeans,Pants,25,600,699,17475,2475
08-07-2023,3,Denim jacket,Outerwear,19,700,749,14231,931
08-07-2023,4,Tuxedo, Suits,13,560,669,8697,1417
08-07-2023,5,V-neck -Sweaters,Sweaters,27,420,489,13203,1863
08-07-2023,6,Graphic T-shirt,T-shirts,11,150,199,2189,539
08-07-2023,7,Running jacket,Activewear,26,420,499,12974,2054
08-07-2023,8,Belt,Accessories,22,110,159,3498,1078
08-07-2023,9,Watch,Accessories,13,380,419,5447,507
08-07-2023,10,Sneakers,Footwear,20,350,449,8980,1980
09-07-2023,1,Polo shirt,Shirts,16,300,399,6384,1584
09-07-2023,2,Jeans,Pants,21,600,699,14679,2079
09-07-2023,3,Denim jacket,Outerwear,19,700,749,14231,931
09-07-2023,4,Tuxedo, Suits,16,560,669,10704,1744
09-07-2023,5,V-neck -Sweaters,Sweaters,22,420,489,10758,1518
09-07-2023,6,Graphic T-shirt,T-shirts,16,150,199,3184,784
09-07-2023,7,Running jacket,Activewear,26,420,499,12974,2054
09-07-2023,8,Belt,Accessories,19,110,159,3021,931
09-07-2023,9,Watch,Accessories,19,380,419,7961,741
09-07-2023,10,Sneakers,Footwear,13,350,449,5837,1287
10-07-2023,1,Polo shirt,Shirts,29,300,399,11571,2871
10-07-2023,2,Jeans,Pants,13,600,699,9087,1287
10-07-2023,3,Denim jacket,Outerwear,16,700,749,11984,784
10-07-2023,4,Tuxedo, Suits,10,560,669,6690,1090
10-07-2023,5,V-neck -Sweaters,Sweaters,21,420,489,10269,1449
10-07-2023,6,Graphic T-shirt,T-shirts,22,150,199,4378,1078
10-07-2023,7,Running jacket,Activewear,19,420,499,9481,1501
10-07-2023,8,Belt,Accessories,24,110,159,3816,1176
10-07-2023,9,Watch,Accessories,22,380,419,9218,858
10-07-2023,10,Sneakers,Footwear,18,350,449,8082,1782
11-07-2023,1,Polo shirt,Shirts,18,300,399,7182,1782
11-07-2023,2,Jeans,Pants,24,600,699,16776,2376
11-07-2023,3,Denim jacket,Outerwear,19,700,749,14231,931
11-07-2023,4,Tuxedo, Suits,19,560,669,12711,2071
11-07-2023,5,V-neck -Sweaters,Sweaters,17,420,489,8313,1173
11-07-2023,6,Graphic T-shirt,T-shirts,25,150,199,4975,1225
11-07-2023,7,Running jacket,Activewear,26,420,499,12974,2054
11-07-2023,8,Belt,Accessories,14,110,159,2226,686
11-07-2023,9,Watch,Accessories,13,380,419,5447,507
11-07-2023,10,Sneakers,Footwear,27,350,449,12123,2673
12-07-2023,1,Polo shirt,Shirts,28,300,399,11172,2772
12-07-2023,2,Jeans,Pants,13,600,699,9087,1287
12-07-2023,3,Denim jacket,Outerwear,16,700,749,11984,784
12-07-2023,4,Tuxedo, Suits,19,560,669,12711,2071
12-07-2023,5,V-neck -Sweaters,Sweaters,27,420,489,13203,1863
12-07-2023,6,Graphic T-shirt,T-shirts,28,150,199,5572,1372
12-07-2023,7,Running jacket,Activewear,13,420,499,6487,1027
12-07-2023,8,Belt,Accessories,19,110,159,3021,931
12-07-2023,9,Watch,Accessories,10,380,419,4190,390
12-07-2023,10,Sneakers,Footwear,27,350,449,12123,2673
13-07-2023,1,Polo shirt,Shirts,14,300,399,5586,1386
13-07-2023,2,Jeans,Pants,24,600,699,16776,2376
13-07-2023,3,Denim jacket,Outerwear,26,700,749,19474,1274
13-07-2023,4,Tuxedo, Suits,12,560,669,8028,1308
13-07-2023,5,V-neck -Sweaters,Sweaters,21,420,489,10269,1449
13-07-2023,6,Graphic T-shirt,T-shirts,11,150,199,2189,539
13-07-2023,7,Running jacket,Activewear,10,420,499,4990,790
13-07-2023,8,Belt,Accessories,26,110,159,4134,1274
13-07-2023,9,Watch,Accessories,25,380,419,10475,975
13-07-2023,10,Sneakers,Footwear,14,350,449,6286,1386
14-07-2023,1,Polo shirt,Shirts,24,300,399,9576,2376
14-07-2023,2,Jeans,Pants,12,600,699,8388,1188
14-07-2023,3,Denim jacket,Outerwear,16,700,749,11984,784
14-07-2023,4,Tuxedo, Suits,20,560,669,13380,2180
14-07-2023,5,V-neck -Sweaters,Sweaters,19,420,489,9291,1311
14-07-2023,6,Graphic T-shirt,T-shirts,18,150,199,3582,882
14-07-2023,7,Running jacket,Activewear,23,420,499,11477,1817
14-07-2023,8,Belt,Accessories,22,110,159,3498,1078
14-07-2023,9,Watch,Accessories,11,380,419,4609,429
14-07-2023,10,Sneakers,Footwear,12,350,449,5388,1188
15-07-2023,1,Polo shirt,Shirts,16,300,399,6384,1584
15-07-2023,2,Jeans,Pants,27,600,699,18873,2673
15-07-2023,3,Denim jacket,Outerwear,12,700,749,8988,588
15-07-2023,4,Tuxedo, Suits,19,560,669,12711,2071
15-07-2023,5,V-neck -Sweaters,Sweaters,16,420,489,7824,1104
15-07-2023,6,Graphic T-shirt,T-shirts,18,150,199,3582,882
15-07-2023,7,Running jacket,Activewear,26,420,499,12974,2054
15-07-2023,8,Belt,Accessories,20,110,159,3180,980
15-07-2023,9,Watch,Accessories,16,380,419,6704,624
15-07-2023,10,Sneakers,Footwear,23,350,449,10327,2277
16-07-2023,1,Polo shirt,Shirts,28,300,399,11172,2772
16-07-2023,2,Jeans,Pants,13,600,699,9087,1287
16-07-2023,3,Denim jacket,Outerwear,15,700,749,11235,735
16-07-2023,4,Tuxedo, Suits,19,560,669,12711,2071
16-07-2023,5,V-neck -Sweaters,Sweaters,16,420,489,7824,1104
16-07-2023,6,Graphic T-shirt,T-shirts,22,150,199,4378,1078
16-07-2023,7,Running jacket,Activewear,23,420,499,11477,1817
16-07-2023,8,Belt,Accessories,13,110,159,2067,637
16-07-2023,9,Watch,Accessories,17,380,419,7123,663
16-07-2023,10,Sneakers,Footwear,14,350,449,6286,1386
17-07-2023,1,Polo shirt,Shirts,10,300,399,3990,990
17-07-2023,2,Jeans,Pants,13,600,699,9087,1287
17-07-2023,3,Denim jacket,Outerwear,12,700,749,8988,588
17-07-2023,4,Tuxedo, Suits,18,560,669,12042,1962
17-07-2023,5,V-neck -Sweaters,Sweaters,17,420,489,8313,1173
17-07-2023,6,Graphic T-shirt,T-shirts,10,150,199,1990,490
17-07-2023,7,Running jacket,Activewear,15,420,499,7485,1185
17-07-2023,8,Belt,Accessories,18,110,159,2862,882
17-07-2023,9,Watch,Accessories,16,380,419,6704,624
17-07-2023,10,Sneakers,Footwear,13,350,449,5837,1287
18-07-2023,1,Polo shirt,Shirts,22,300,399,8778,2178
18-07-2023,2,Jeans,Pants,26,600,699,18174,2574
18-07-2023,3,Denim jacket,Outerwear,11,700,749,8239,539
18-07-2023,4,Tuxedo, Suits,14,560,669,9366,1526
18-07-2023,5,V-neck -Sweaters,Sweaters,21,420,489,10269,1449
18-07-2023,6,Graphic T-shirt,T-shirts,17,150,199,3383,833
18-07-2023,7,Running jacket,Activewear,15,420,499,7485,1185
18-07-2023,8,Belt,Accessories,17,110,159,2703,833
18-07-2023,9,Watch,Accessories,27,380,419,11313,1053
18-07-2023,10,Sneakers,Footwear,12,350,449,5388,1188
19-07-2023,1,Polo shirt,Shirts,21,300,399,8379,2079
19-07-2023,2,Jeans,Pants,12,600,699,8388,1188
19-07-2023,3,Denim jacket,Outerwear,15,700,749,11235,735
19-07-2023,4,Tuxedo, Suits,11,560,669,7359,1199
19-07-2023,5,V-neck -Sweaters,Sweaters,21,420,489,10269,1449
19-07-2023,6,Graphic T-shirt,T-shirts,11,150,199,2189,539
19-07-2023,7,Running jacket,Activewear,15,420,499,7485,1185
19-07-2023,8,Belt,Accessories,26,110,159,4134,1274
19-07-2023,9,Watch,Accessories,12,380,419,5028,468
19-07-2023,10,Sneakers,Footwear,11,350,449,4939,1089
20-07-2023,1,Polo shirt,Shirts,29,300,399,11571,2871
20-07-2023,2,Jeans,Pants,17,600,699,11883,1683
20-07-2023,3,Denim jacket,Outerwear,21,700,749,15729,1029
20-07-2023,4,Tuxedo, Suits,13,560,669,8697,1417
20-07-2023,5,V-neck -Sweaters,Sweaters,14,420,489,6846,966
20-07-2023,6,Graphic T-shirt,T-shirts,22,150,199,4378,1078
20-07-2023,7,Running jacket,Activewear,24,420,499,11976,1896
20-07-2023,8,Belt,Accessories,25,110,159,3975,1225
20-07-2023,9,Watch,Accessories,19,380,419,7961,741
20-07-2023,10,Sneakers,Footwear,25,350,449,11225,2475
21-07-2023,1,Polo shirt,Shirts,21,300,399,8379,2079
21-07-2023,2,Jeans,Pants,26,600,699,18174,2574
21-07-2023,3,Denim jacket,Outerwear,25,700,749,18725,1225
21-07-2023,4,Tuxedo, Suits,21,560,669,14049,2289
21-07-2023,5,V-neck -Sweaters,Sweaters,17,420,489,8313,1173
21-07-2023,6,Graphic T-shirt,T-shirts,29,150,199,5771,1421
21-07-2023,7,Running jacket,Activewear,12,420,499,5988,948
21-07-2023,8,Belt,Accessories,25,110,159,3975,1225
21-07-2023,9,Watch,Accessories,22,380,419,9218,858
21-07-2023,10,Sneakers,Footwear,28,350,449,12572,2772
22-07-2023,1,Polo shirt,Shirts,17,300,399,6783,1683
22-07-2023,2,Jeans,Pants,14,600,699,9786,1386
22-07-2023,3,Denim jacket,Outerwear,29,700,749,21721,1421
22-07-2023,4,Tuxedo, Suits,17,560,669,11373,1853
22-07-2023,5,V-neck -Sweaters,Sweaters,21,420,489,10269,1449
22-07-2023,6,Graphic T-shirt,T-shirts,10,150,199,1990,490
22-07-2023,7,Running jacket,Activewear,29,420,499,14471,2291
22-07-2023,8,Belt,Accessories,15,110,159,2385,735
22-07-2023,9,Watch,Accessories,27,380,419,11313,1053
22-07-2023,10,Sneakers,Footwear,17,350,449,7633,1683
23-07-2023,1,Polo shirt,Shirts,16,300,399,6384,1584
23-07-2023,2,Jeans,Pants,10,600,699,6990,990
23-07-2023,3,Denim jacket,Outerwear,25,700,749,18725,1225
23-07-2023,4,Tuxedo, Suits,21,560,669,14049,2289
23-07-2023,5,V-neck -Sweaters,Sweaters,15,420,489,7335,1035
23-07-2023,6,Graphic T-shirt,T-shirts,29,150,199,5771,1421
23-07-2023,7,Running jacket,Activewear,11,420,499,5489,869
23-07-2023,8,Belt,Accessories,23,110,159,3657,1127
23-07-2023,9,Watch,Accessories,13,380,419,5447,507
23-07-2023,10,Sneakers,Footwear,10,350,449,4490,990
24-07-2023,1,Polo shirt,Shirts,27,300,399,10773,2673
24-07-2023,2,Jeans,Pants,22,600,699,15378,2178
24-07-2023,3,Denim jacket,Outerwear,11,700,749,8239,539
24-07-2023,4,Tuxedo, Suits,18,560,669,12042,1962
24-07-2023,5,V-neck -Sweaters,Sweaters,11,420,489,5379,759
24-07-2023,6,Graphic T-shirt,T-shirts,18,150,199,3582,882
24-07-2023,7,Running jacket,Activewear,10,420,499,4990,790
24-07-2023,8,Belt,Accessories,20,110,159,3180,980
24-07-2023,9,Watch,Accessories,12,380,419,5028,468
24-07-2023,10,Sneakers,Footwear,29,350,449,13021,2871
25-07-2023,1,Polo shirt,Shirts,13,300,399,5187,1287
25-07-2023,2,Jeans,Pants,27,600,699,18873,2673
25-07-2023,3,Denim jacket,Outerwear,15,700,749,11235,735
25-07-2023,4,Tuxedo, Suits,12,560,669,8028,1308
25-07-2023,5,V-neck -Sweaters,Sweaters,20,420,489,9780,1380
25-07-2023,6,Graphic T-shirt,T-shirts,24,150,199,4776,1176
25-07-2023,7,Running jacket,Activewear,14,420,499,6986,1106
25-07-2023,8,Belt,Accessories,29,110,159,4611,1421
25-07-2023,9,Watch,Accessories,19,380,419,7961,741
25-07-2023,10,Sneakers,Footwear,21,350,449,9429,2079
26-07-2023,1,Polo shirt,Shirts,24,300,399,9576,2376
26-07-2023,2,Jeans,Pants,26,600,699,18174,2574
26-07-2023,3,Denim jacket,Outerwear,19,700,749,14231,931
26-07-2023,4,Tuxedo, Suits,15,560,669,10035,1635
26-07-2023,5,V-neck -Sweaters,Sweaters,27,420,489,13203,1863
26-07-2023,6,Graphic T-shirt,T-shirts,22,150,199,4378,1078
26-07-2023,7,Running jacket,Activewear,12,420,499,5988,948
26-07-2023,8,Belt,Accessories,19,110,159,3021,931
26-07-2023,9,Watch,Accessories,23,380,419,9637,897
26-07-2023,10,Sneakers,Footwear,15,350,449,6735,1485
27-07-2023,1,Polo shirt,Shirts,12,300,399,4788,1188
27-07-2023,2,Jeans,Pants,25,600,699,17475,2475
27-07-2023,3,Denim jacket,Outerwear,16,700,749,11984,784
27-07-2023,4,Tuxedo, Suits,29,560,669,19401,3161
27-07-2023,5,V-neck -Sweaters,Sweaters,23,420,489,11247,1587
27-07-2023,6,Graphic T-shirt,T-shirts,18,150,199,3582,882
27-07-2023,7,Running jacket,Activewear,24,420,499,11976,1896
27-07-2023,8,Belt,Accessories,12,110,159,1908,588
27-07-2023,9,Watch,Accessories,11,380,419,4609,429
27-07-2023,10,Sneakers,Footwear,11,350,449,4939,1089
28-07-2023,1,Polo shirt,Shirts,12,300,399,4788,1188
28-07-2023,2,Jeans,Pants,27,600,699,18873,2673
28-07-2023,3,Denim jacket,Outerwear,23,700,749,17227,1127
28-07-2023,4,Tuxedo, Suits,29,560,669,19401,3161
28-07-2023,5,V-neck -Sweaters,Sweaters,27,420,489,13203,1863
28-07-2023,6,Graphic T-shirt,T-shirts,19,150,199,3781,931
28-07-2023,7,Running jacket,Activewear,11,420,499,5489,869
28-07-2023,8,Belt,Accessories,10,110,159,1590,490
28-07-2023,9,Watch,Accessories,13,380,419,5447,507
28-07-2023,10,Sneakers,Footwear,23,350,449,10327,2277
29-07-2023,1,Polo shirt,Shirts,10,300,399,3990,990
29-07-2023,2,Jeans,Pants,23,600,699,16077,2277
29-07-2023,3,Denim jacket,Outerwear,25,700,749,18725,1225
29-07-2023,4,Tuxedo, Suits,23,560,669,15387,2507
29-07-2023,5,V-neck -Sweaters,Sweaters,29,420,489,14181,2001
29-07-2023,6,Graphic T-shirt,T-shirts,12,150,199,2388,588
29-07-2023,7,Running jacket,Activewear,12,420,499,5988,948
29-07-2023,8,Belt,Accessories,18,110,159,2862,882
29-07-2023,9,Watch,Accessories,15,380,419,6285,585
29-07-2023,10,Sneakers,Footwear,22,350,449,9878,2178
30-07-2023,1,Polo shirt,Shirts,11,300,399,4389,1089
30-07-2023,2,Jeans,Pants,17,600,699,11883,1683
30-07-2023,3,Denim jacket,Outerwear,11,700,749,8239,539
30-07-2023,4,Tuxedo, Suits,13,560,669,8697,1417
30-07-2023,5,V-neck -Sweaters,Sweaters,24,420,489,11736,1656
30-07-2023,6,Graphic T-shirt,T-shirts,13,150,199,2587,637
30-07-2023,7,Running jacket,Activewear,22,420,499,10978,1738
30-07-2023,8,Belt,Accessories,21,110,159,3339,1029
30-07-2023,9,Watch,Accessories,22,380,419,9218,858
30-07-2023,10,Sneakers,Footwear,23,350,449,10327,2277
31-07-2023,1,Polo shirt,Shirts,29,300,399,11571,2871
31-07-2023,2,Jeans,Pants,27,600,699,18873,2673
31-07-2023,3,Denim jacket,Outerwear,15,700,749,11235,735
31-07-2023,4,Tuxedo, Suits,20,560,669,13380,2180
31-07-2023,5,V-neck -Sweaters,Sweaters,11,420,489,5379,759
31-07-2023,6,Graphic T-shirt,T-shirts,28,150,199,5572,1372
31-07-2023,7,Running jacket,Activewear,28,420,499,13972,2212
31-07-2023,8,Belt,Accessories,14,110,159,2226,686
31-07-2023,9,Watch,Accessories,28,380,419,11732,1092
31-07-2023,10,Sneakers,Footwear,11,350,449,4939,1089
01-08-2023,1,Polo shirt,Shirts,19,300,399,7581,1881
01-08-2023,2,Jeans,Pants,11,600,699,7689,1089
01-08-2023,3,Denim jacket,Outerwear,20,700,749,14980,980
01-08-2023,4,Tuxedo, Suits,27,560,669,18063,2943
01-08-2023,5,V-neck -Sweaters,Sweaters,24,420,489,11736,1656
01-08-2023,6,Graphic T-shirt,T-shirts,18,150,199,3582,882
01-08-2023,7,Running jacket,Activewear,28,420,499,13972,2212
01-08-2023,8,Belt,Accessories,18,110,159,2862,882
01-08-2023,9,Watch,Accessories,12,380,419,5028,468
01-08-2023,10,Sneakers,Footwear,18,350,449,8082,1782
02-08-2023,1,Polo shirt,Shirts,23,300,399,9177,2277
02-08-2023,2,Jeans,Pants,28,600,699,19572,2772
02-08-2023,3,Denim jacket,Outerwear,16,700,749,11984,784
02-08-2023,4,Tuxedo, Suits,25,560,669,16725,2725
02-08-2023,5,V-neck -Sweaters,Sweaters,25,420,489,12225,1725
02-08-2023,6,Graphic T-shirt,T-shirts,10,150,199,1990,490
02-08-2023,7,Running jacket,Activewear,13,420,499,6487,1027
02-08-2023,8,Belt,Accessories,13,110,159,2067,637
02-08-2023,9,Watch,Accessories,16,380,419,6704,624
02-08-2023,10,Sneakers,Footwear,17,350,449,7633,1683
03-08-2023,1,Polo shirt,Shirts,26,300,399,10374,2574
03-08-2023,2,Jeans,Pants,14,600,699,9786,1386
03-08-2023,3,Denim jacket,Outerwear,16,700,749,11984,784
03-08-2023,4,Tuxedo, Suits,29,560,669,19401,3161
03-08-2023,5,V-neck -Sweaters,Sweaters,29,420,489,14181,2001
03-08-2023,6,Graphic T-shirt,T-shirts,13,150,199,2587,637
03-08-2023,7,Running jacket,Activewear,15,420,499,7485,1185
03-08-2023,8,Belt,Accessories,16,110,159,2544,784
03-08-2023,9,Watch,Accessories,27,380,419,11313,1053
03-08-2023,10,Sneakers,Footwear,14,350,449,6286,1386
04-08-2023,1,Polo shirt,Shirts,29,300,399,11571,2871
04-08-2023,2,Jeans,Pants,12,600,699,8388,1188
04-08-2023,3,Denim jacket,Outerwear,16,700,749,11984,784
04-08-2023,4,Tuxedo, Suits,23,560,669,15387,2507
04-08-2023,5,V-neck -Sweaters,Sweaters,16,420,489,7824,1104
04-08-2023,6,Graphic T-shirt,T-shirts,14,150,199,2786,686
04-08-2023,7,Running jacket,Activewear,14,420,499,6986,1106
04-08-2023,8,Belt,Accessories,11,110,159,1749,539
04-08-2023,9,Watch,Accessories,15,380,419,6285,585
04-08-2023,10,Sneakers,Footwear,24,350,449,10776,2376
05-08-2023,1,Polo shirt,Shirts,19,300,399,7581,1881
05-08-2023,2,Jeans,Pants,16,600,699,11184,1584
05-08-2023,3,Denim jacket,Outerwear,14,700,749,10486,686
05-08-2023,4,Tuxedo, Suits,10,560,669,6690,1090
05-08-2023,5,V-neck -Sweaters,Sweaters,22,420,489,10758,1518
05-08-2023,6,Graphic T-shirt,T-shirts,27,150,199,5373,1323
05-08-2023,7,Running jacket,Activewear,22,420,499,10978,1738
05-08-2023,8,Belt,Accessories,27,110,159,4293,1323
05-08-2023,9,Watch,Accessories,14,380,419,5866,546
05-08-2023,10,Sneakers,Footwear,22,350,449,9878,2178
06-08-2023,1,Polo shirt,Shirts,13,300,399,5187,1287
06-08-2023,2,Jeans,Pants,26,600,699,18174,2574
06-08-2023,3,Denim jacket,Outerwear,12,700,749,8988,588
06-08-2023,4,Tuxedo, Suits,26,560,669,17394,2834
06-08-2023,5,V-neck -Sweaters,Sweaters,20,420,489,9780,1380
06-08-2023,6,Graphic T-shirt,T-shirts,29,150,199,5771,1421
06-08-2023,7,Running jacket,Activewear,13,420,499,6487,1027
06-08-2023,8,Belt,Accessories,11,110,159,1749,539
06-08-2023,9,Watch,Accessories,29,380,419,12151,1131
06-08-2023,10,Sneakers,Footwear,25,350,449,11225,2475
07-08-2023,1,Polo shirt,Shirts,27,300,399,10773,2673
07-08-2023,2,Jeans,Pants,17,600,699,11883,1683
07-08-2023,3,Denim jacket,Outerwear,12,700,749,8988,588
07-08-2023,4,Tuxedo, Suits,18,560,669,12042,1962
07-08-2023,5,V-neck -Sweaters,Sweaters,29,420,489,14181,2001
07-08-2023,6,Graphic T-shirt,T-shirts,15,150,199,2985,735
07-08-2023,7,Running jacket,Activewear,19,420,499,9481,1501
07-08-2023,8,Belt,Accessories,19,110,159,3021,931
07-08-2023,9,Watch,Accessories,22,380,419,9218,858
07-08-2023,10,Sneakers,Footwear,26,350,449,11674,2574
08-08-2023,1,Polo shirt,Shirts,18,300,399,7182,1782
08-08-2023,2,Jeans,Pants,26,600,699,18174,2574
08-08-2023,3,Denim jacket,Outerwear,18,700,749,13482,882
08-08-2023,4,Tuxedo, Suits,18,560,669,12042,1962
08-08-2023,5,V-neck -Sweaters,Sweaters,10,420,489,4890,690
08-08-2023,6,Graphic T-shirt,T-shirts,11,150,199,2189,539
08-08-2023,7,Running jacket,Activewear,25,420,499,12475,1975
08-08-2023,8,Belt,Accessories,10,110,159,1590,490
08-08-2023,9,Watch,Accessories,19,380,419,7961,741
08-08-2023,10,Sneakers,Footwear,27,350,449,12123,2673
09-08-2023,1,Polo shirt,Shirts,17,300,399,6783,1683
09-08-2023,2,Jeans,Pants,20,600,699,13980,1980
09-08-2023,3,Denim jacket,Outerwear,11,700,749,8239,539
09-08-2023,4,Tuxedo, Suits,17,560,669,11373,1853
09-08-2023,5,V-neck -Sweaters,Sweaters,17,420,489,8313,1173
09-08-2023,6,Graphic T-shirt,T-shirts,26,150,199,5174,1274
09-08-2023,7,Running jacket,Activewear,24,420,499,11976,1896
09-08-2023,8,Belt,Accessories,26,110,159,4134,1274
09-08-2023,9,Watch,Accessories,22,380,419,9218,858
09-08-2023,10,Sneakers,Footwear,28,350,449,12572,2772
10-08-2023,1,Polo shirt,Shirts,14,300,399,5586,1386
10-08-2023,2,Jeans,Pants,21,600,699,14679,2079
10-08-2023,3,Denim jacket,Outerwear,10,700,749,7490,490
10-08-2023,4,Tuxedo, Suits,14,560,669,9366,1526
10-08-2023,5,V-neck -Sweaters,Sweaters,17,420,489,8313,1173
10-08-2023,6,Graphic T-shirt,T-shirts,22,150,199,4378,1078
10-08-2023,7,Running jacket,Activewear,17,420,499,8483,1343
10-08-2023,8,Belt,Accessories,20,110,159,3180,980
10-08-2023,9,Watch,Accessories,10,380,419,4190,390
10-08-2023,10,Sneakers,Footwear,22,350,449,9878,2178
11-08-2023,1,Polo shirt,Shirts,28,300,399,11172,2772
11-08-2023,2,Jeans,Pants,12,600,699,8388,1188
11-08-2023,3,Denim jacket,Outerwear,26,700,749,19474,1274
11-08-2023,4,Tuxedo, Suits,14,560,669,9366,1526
11-08-2023,5,V-neck -Sweaters,Sweaters,29,420,489,14181,2001
11-08-2023,6,Graphic T-shirt,T-shirts,17,150,199,3383,833
11-08-2023,7,Running jacket,Activewear,23,420,499,11477,1817
11-08-2023,8,Belt,Accessories,13,110,159,2067,637
11-08-2023,9,Watch,Accessories,20,380,419,8380,780
11-08-2023,10,Sneakers,Footwear,29,350,449,13021,2871
12-08-2023,1,Polo shirt,Shirts,24,300,399,9576,2376
12-08-2023,2,Jeans,Pants,28,600,699,19572,2772
12-08-2023,3,Denim jacket,Outerwear,16,700,749,11984,784
12-08-2023,4,Tuxedo, Suits,28,560,669,18732,3052
12-08-2023,5,V-neck -Sweaters,Sweaters,28,420,489,13692,1932
12-08-2023,6,Graphic T-shirt,T-shirts,20,150,199,3980,980
12-08-2023,7,Running jacket,Activewear,14,420,499,6986,1106
12-08-2023,8,Belt,Accessories,14,110,159,2226,686
12-08-2023,9,Watch,Accessories,17,380,419,7123,663
12-08-2023,10,Sneakers,Footwear,19,350,449,8531,1881
13-08-2023,1,Polo shirt,Shirts,15,300,399,5985,1485
13-08-2023,2,Jeans,Pants,24,600,699,16776,2376
13-08-2023,3,Denim jacket,Outerwear,25,700,749,18725,1225
13-08-2023,4,Tuxedo, Suits,26,560,669,17394,2834
13-08-2023,5,V-neck -Sweaters,Sweaters,17,420,489,8313,1173
13-08-2023,6,Graphic T-shirt,T-shirts,17,150,199,3383,833
13-08-2023,7,Running jacket,Activewear,18,420,499,8982,1422
13-08-2023,8,Belt,Accessories,11,110,159,1749,539
13-08-2023,9,Watch,Accessories,24,380,419,10056,936
13-08-2023,10,Sneakers,Footwear,27,350,449,12123,2673
14-08-2023,1,Polo shirt,Shirts,12,300,399,4788,1188
14-08-2023,2,Jeans,Pants,26,600,699,18174,2574
14-08-2023,3,Denim jacket,Outerwear,13,700,749,9737,637
14-08-2023,4,Tuxedo, Suits,13,560,669,8697,1417
14-08-2023,5,V-neck -Sweaters,Sweaters,23,420,489,11247,1587
14-08-2023,6,Graphic T-shirt,T-shirts,18,150,199,3582,882
14-08-2023,7,Running jacket,Activewear,18,420,499,8982,1422
14-08-2023,8,Belt,Accessories,27,110,159,4293,1323
14-08-2023,9,Watch,Accessories,19,380,419,7961,741
14-08-2023,10,Sneakers,Footwear,13,350,449,5837,1287
15-08-2023,1,Polo shirt,Shirts,21,300,399,8379,2079
15-08-2023,2,Jeans,Pants,17,600,699,11883,1683
15-08-2023,3,Denim jacket,Outerwear,11,700,749,8239,539
15-08-2023,4,Tuxedo, Suits,22,560,669,14718,2398
15-08-2023,5,V-neck -Sweaters,Sweaters,25,420,489,12225,1725
15-08-2023,6,Graphic T-shirt,T-shirts,11,150,199,2189,539
15-08-2023,7,Running jacket,Activewear,20,420,499,9980,1580
15-08-2023,8,Belt,Accessories,19,110,159,3021,931
15-08-2023,9,Watch,Accessories,24,380,419,10056,936
15-08-2023,10,Sneakers,Footwear,26,350,449,11674,2574
16-08-2023,1,Polo shirt,Shirts,17,300,399,6783,1683
16-08-2023,2,Jeans,Pants,27,600,699,18873,2673
16-08-2023,3,Denim jacket,Outerwear,18,700,749,13482,882
16-08-2023,4,Tuxedo, Suits,17,560,669,11373,1853
16-08-2023,5,V-neck -Sweaters,Sweaters,23,420,489,11247,1587
16-08-2023,6,Graphic T-shirt,T-shirts,27,150,199,5373,1323
16-08-2023,7,Running jacket,Activewear,29,420,499,14471,2291
16-08-2023,8,Belt,Accessories,29,110,159,4611,1421
16-08-2023,9,Watch,Accessories,21,380,419,8799,819
16-08-2023,10,Sneakers,Footwear,28,350,449,12572,2772
17-08-2023,1,Polo shirt,Shirts,23,300,399,9177,2277
17-08-2023,2,Jeans,Pants,26,600,699,18174,2574
17-08-2023,3,Denim jacket,Outerwear,12,700,749,8988,588
17-08-2023,4,Tuxedo, Suits,16,560,669,10704,1744
17-08-2023,5,V-neck -Sweaters,Sweaters,26,420,489,12714,1794
17-08-2023,6,Graphic T-shirt,T-shirts,21,150,199,4179,1029
17-08-2023,7,Running jacket,Activewear,18,420,499,8982,1422
17-08-2023,8,Belt,Accessories,24,110,159,3816,1176
17-08-2023,9,Watch,Accessories,27,380,419,11313,1053
17-08-2023,10,Sneakers,Footwear,22,350,449,9878,2178
18-08-2023,1,Polo shirt,Shirts,17,300,399,6783,1683
18-08-2023,2,Jeans,Pants,23,600,699,16077,2277
18-08-2023,3,Denim jacket,Outerwear,17,700,749,12733,833
18-08-2023,4,Tuxedo, Suits,23,560,669,15387,2507
18-08-2023,5,V-neck -Sweaters,Sweaters,16,420,489,7824,1104
18-08-2023,6,Graphic T-shirt,T-shirts,21,150,199,4179,1029
18-08-2023,7,Running jacket,Activewear,20,420,499,9980,1580
18-08-2023,8,Belt,Accessories,20,110,159,3180,980
18-08-2023,9,Watch,Accessories,22,380,419,9218,858
18-08-2023,10,Sneakers,Footwear,27,350,449,12123,2673
19-08-2023,1,Polo shirt,Shirts,11,300,399,4389,1089
19-08-2023,2,Jeans,Pants,24,600,699,16776,2376
19-08-2023,3,Denim jacket,Outerwear,29,700,749,21721,1421
19-08-2023,4,Tuxedo, Suits,27,560,669,18063,2943
19-08-2023,5,V-neck -Sweaters,Sweaters,24,420,489,11736,1656
19-08-2023,6,Graphic T-shirt,T-shirts,28,150,199,5572,1372
19-08-2023,7,Running jacket,Activewear,21,420,499,10479,1659
19-08-2023,8,Belt,Accessories,22,110,159,3498,1078
19-08-2023,9,Watch,Accessories,20,380,419,8380,780
19-08-2023,10,Sneakers,Footwear,14,350,449,6286,1386
20-08-2023,1,Polo shirt,Shirts,10,300,399,3990,990
20-08-2023,2,Jeans,Pants,12,600,699,8388,1188
20-08-2023,3,Denim jacket,Outerwear,28,700,749,20972,1372
20-08-2023,4,Tuxedo, Suits,16,560,669,10704,1744
20-08-2023,5,V-neck -Sweaters,Sweaters,21,420,489,10269,1449
20-08-2023,6,Graphic T-shirt,T-shirts,24,150,199,4776,1176
20-08-2023,7,Running jacket,Activewear,14,420,499,6986,1106
20-08-2023,8,Belt,Accessories,24,110,159,3816,1176
20-08-2023,9,Watch,Accessories,17,380,419,7123,663
20-08-2023,10,Sneakers,Footwear,19,350,449,8531,1881
21-08-2023,1,Polo shirt,Shirts,25,300,399,9975,2475
21-08-2023,2,Jeans,Pants,17,600,699,11883,1683
21-08-2023,3,Denim jacket,Outerwear,10,700,749,7490,490
21-08-2023,4,Tuxedo, Suits,21,560,669,14049,2289
21-08-2023,5,V-neck -Sweaters,Sweaters,14,420,489,6846,966
21-08-2023,6,Graphic T-shirt,T-shirts,12,150,199,2388,588
21-08-2023,7,Running jacket,Activewear,10,420,499,4990,790
21-08-2023,8,Belt,Accessories,13,110,159,2067,637
21-08-2023,9,Watch,Accessories,17,380,419,7123,663
21-08-2023,10,Sneakers,Footwear,12,350,449,5388,1188
22-08-2023,1,Polo shirt,Shirts,19,300,399,7581,1881
22-08-2023,2,Jeans,Pants,11,600,699,7689,1089
22-08-2023,3,Denim jacket,Outerwear,20,700,749,14980,980
22-08-2023,4,Tuxedo, Suits,19,560,669,12711,2071
22-08-2023,5,V-neck -Sweaters,Sweaters,23,420,489,11247,1587
22-08-2023,6,Graphic T-shirt,T-shirts,16,150,199,3184,784
22-08-2023,7,Running jacket,Activewear,11,420,499,5489,869
22-08-2023,8,Belt,Accessories,18,110,159,2862,882
22-08-2023,9,Watch,Accessories,25,380,419,10475,975
22-08-2023,10,Sneakers,Footwear,22,350,449,9878,2178
23-08-2023,1,Polo shirt,Shirts,18,300,399,7182,1782
23-08-2023,2,Jeans,Pants,29,600,699,20271,2871
23-08-2023,3,Denim jacket,Outerwear,13,700,749,9737,637
23-08-2023,4,Tuxedo, Suits,19,560,669,12711,2071
23-08-2023,5,V-neck -Sweaters,Sweaters,21,420,489,10269,1449
23-08-2023,6,Graphic T-shirt,T-shirts,26,150,199,5174,1274
23-08-2023,7,Running jacket,Activewear,23,420,499,11477,1817
23-08-2023,8,Belt,Accessories,23,110,159,3657,1127
23-08-2023,9,Watch,Accessories,11,380,419,4609,429
23-08-2023,10,Sneakers,Footwear,29,350,449,13021,2871
24-08-2023,1,Polo shirt,Shirts,20,300,399,7980,1980
24-08-2023,2,Jeans,Pants,25,600,699,17475,2475
24-08-2023,3,Denim jacket,Outerwear,28,700,749,20972,1372
24-08-2023,4,Tuxedo, Suits,15,560,669,10035,1635
24-08-2023,5,V-neck -Sweaters,Sweaters,28,420,489,13692,1932
24-08-2023,6,Graphic T-shirt,T-shirts,14,150,199,2786,686
24-08-2023,7,Running jacket,Activewear,13,420,499,6487,1027
24-08-2023,8,Belt,Accessories,24,110,159,3816,1176
24-08-2023,9,Watch,Accessories,13,380,419,5447,507
24-08-2023,10,Sneakers,Footwear,29,350,449,13021,2871
25-08-2023,1,Polo shirt,Shirts,19,300,399,7581,1881
25-08-2023,2,Jeans,Pants,12,600,699,8388,1188
25-08-2023,3,Denim jacket,Outerwear,14,700,749,10486,686
25-08-2023,4,Tuxedo, Suits,15,560,669,10035,1635
25-08-2023,5,V-neck -Sweaters,Sweaters,17,420,489,8313,1173
25-08-2023,6,Graphic T-shirt,T-shirts,16,150,199,3184,784
25-08-2023,7,Running jacket,Activewear,19,420,499,9481,1501
25-08-2023,8,Belt,Accessories,15,110,159,2385,735
25-08-2023,9,Watch,Accessories,23,380,419,9637,897
25-08-2023,10,Sneakers,Footwear,13,350,449,5837,1287
26-08-2023,1,Polo shirt,Shirts,22,300,399,8778,2178
26-08-2023,2,Jeans,Pants,29,600,699,20271,2871
26-08-2023,3,Denim jacket,Outerwear,26,700,749,19474,1274
26-08-2023,4,Tuxedo, Suits,16,560,669,10704,1744
26-08-2023,5,V-neck -Sweaters,Sweaters,13,420,489,6357,897
26-08-2023,6,Graphic T-shirt,T-shirts,23,150,199,4577,1127
26-08-2023,7,Running jacket,Activewear,12,420,499,5988,948
26-08-2023,8,Belt,Accessories,14,110,159,2226,686
26-08-2023,9,Watch,Accessories,25,380,419,10475,975
26-08-2023,10,Sneakers,Footwear,29,350,449,13021,2871
27-08-2023,1,Polo shirt,Shirts,13,300,399,5187,1287
27-08-2023,2,Jeans,Pants,11,600,699,7689,1089
27-08-2023,3,Denim jacket,Outerwear,27,700,749,20223,1323
27-08-2023,4,Tuxedo, Suits,28,560,669,18732,3052
27-08-2023,5,V-neck -Sweaters,Sweaters,28,420,489,13692,1932
27-08-2023,6,Graphic T-shirt,T-shirts,26,150,199,5174,1274
27-08-2023,7,Running jacket,Activewear,23,420,499,11477,1817
27-08-2023,8,Belt,Accessories,28,110,159,4452,1372
27-08-2023,9,Watch,Accessories,22,380,419,9218,858
27-08-2023,10,Sneakers,Footwear,21,350,449,9429,2079
28-08-2023,1,Polo shirt,Shirts,15,300,399,5985,1485
28-08-2023,2,Jeans,Pants,13,600,699,9087,1287
28-08-2023,3,Denim jacket,Outerwear,28,700,749,20972,1372
28-08-2023,4,Tuxedo, Suits,25,560,669,16725,2725
28-08-2023,5,V-neck -Sweaters,Sweaters,22,420,489,10758,1518
28-08-2023,6,Graphic T-shirt,T-shirts,13,150,199,2587,637
28-08-2023,7,Running jacket,Activewear,26,420,499,12974,2054
28-08-2023,8,Belt,Accessories,10,110,159,1590,490
28-08-2023,9,Watch,Accessories,27,380,419,11313,1053
28-08-2023,10,Sneakers,Footwear,29,350,449,13021,2871
29-08-2023,1,Polo shirt,Shirts,26,300,399,10374,2574
29-08-2023,2,Jeans,Pants,24,600,699,16776,2376
29-08-2023,3,Denim jacket,Outerwear,20,700,749,14980,980
29-08-2023,4,Tuxedo, Suits,22,560,669,14718,2398
29-08-2023,5,V-neck -Sweaters,Sweaters,10,420,489,4890,690
29-08-2023,6,Graphic T-shirt,T-shirts,26,150,199,5174,1274
29-08-2023,7,Running jacket,Activewear,15,420,499,7485,1185
29-08-2023,8,Belt,Accessories,13,110,159,2067,637
29-08-2023,9,Watch,Accessories,29,380,419,12151,1131
29-08-2023,10,Sneakers,Footwear,25,350,449,11225,2475
30-08-2023,1,Polo shirt,Shirts,24,300,399,9576,2376
30-08-2023,2,Jeans,Pants,24,600,699,16776,2376
30-08-2023,3,Denim jacket,Outerwear,15,700,749,11235,735
30-08-2023,4,Tuxedo, Suits,24,560,669,16056,2616
30-08-2023,5,V-neck -Sweaters,Sweaters,23,420,489,11247,1587
30-08-2023,6,Graphic T-shirt,T-shirts,20,150,199,3980,980
30-08-2023,7,Running jacket,Activewear,16,420,499,7984,1264
30-08-2023,8,Belt,Accessories,18,110,159,2862,882
30-08-2023,9,Watch,Accessories,25,380,419,10475,975
30-08-2023,10,Sneakers,Footwear,14,350,449,6286,1386
31-08-2023,1,Polo shirt,Shirts,29,300,399,11571,2871
31-08-2023,2,Jeans,Pants,19,600,699,13281,1881
31-08-2023,3,Denim jacket,Outerwear,27,700,749,20223,1323
31-08-2023,4,Tuxedo, Suits,12,560,669,8028,1308
31-08-2023,5,V-neck -Sweaters,Sweaters,22,420,489,10758,1518
31-08-2023,6,Graphic T-shirt,T-shirts,20,150,199,3980,980
31-08-2023,7,Running jacket,Activewear,26,420,499,12974,2054
31-08-2023,8,Belt,Accessories,22,110,159,3498,1078
31-08-2023,9,Watch,Accessories,15,380,419,6285,585
31-08-2023,10,Sneakers,Footwear,26,350,449,11674,2574
01-09-2023,1,Polo shirt,Shirts,22,300,399,8778,2178
01-09-2023,2,Jeans,Pants,28,600,699,19572,2772
01-09-2023,3,Denim jacket,Outerwear,28,700,749,20972,1372
01-09-2023,4,Tuxedo, Suits,19,560,669,12711,2071
01-09-2023,5,V-neck -Sweaters,Sweaters,12,420,489,5868,828
01-09-2023,6,Graphic T-shirt,T-shirts,23,150,199,4577,1127
01-09-2023,7,Running jacket,Activewear,28,420,499,13972,2212
01-09-2023,8,Belt,Accessories,14,110,159,2226,686
01-09-2023,9,Watch,Accessories,14,380,419,5866,546
01-09-2023,10,Sneakers,Footwear,29,350,449,13021,2871
02-09-2023,1,Polo shirt,Shirts,26,300,399,10374,2574
02-09-2023,2,Jeans,Pants,19,600,699,13281,1881
02-09-2023,3,Denim jacket,Outerwear,14,700,749,10486,686
02-09-2023,4,Tuxedo, Suits,13,560,669,8697,1417
02-09-2023,5,V-neck -Sweaters,Sweaters,15,420,489,7335,1035
02-09-2023,6,Graphic T-shirt,T-shirts,13,150,199,2587,637
02-09-2023,7,Running jacket,Activewear,16,420,499,7984,1264
02-09-2023,8,Belt,Accessories,16,110,159,2544,784
02-09-2023,9,Watch,Accessories,27,380,419,11313,1053
02-09-2023,10,Sneakers,Footwear,12,350,449,5388,1188
03-09-2023,1,Polo shirt,Shirts,10,300,399,3990,990
03-09-2023,2,Jeans,Pants,13,600,699,9087,1287
03-09-2023,3,Denim jacket,Outerwear,15,700,749,11235,735
03-09-2023,4,Tuxedo, Suits,18,560,669,12042,1962
03-09-2023,5,V-neck -Sweaters,Sweaters,23,420,489,11247,1587
03-09-2023,6,Graphic T-shirt,T-shirts,21,150,199,4179,1029
03-09-2023,7,Running jacket,Activewear,29,420,499,14471,2291
03-09-2023,8,Belt,Accessories,13,110,159,2067,637
03-09-2023,9,Watch,Accessories,21,380,419,8799,819
03-09-2023,10,Sneakers,Footwear,19,350,449,8531,1881
04-09-2023,1,Polo shirt,Shirts,16,300,399,6384,1584
04-09-2023,2,Jeans,Pants,12,600,699,8388,1188
04-09-2023,3,Denim jacket,Outerwear,23,700,749,17227,1127
04-09-2023,4,Tuxedo, Suits,19,560,669,12711,2071
04-09-2023,5,V-neck -Sweaters,Sweaters,25,420,489,12225,1725
04-09-2023,6,Graphic T-shirt,T-shirts,25,150,199,4975,1225
04-09-2023,7,Running jacket,Activewear,19,420,499,9481,1501
04-09-2023,8,Belt,Accessories,22,110,159,3498,1078
04-09-2023,9,Watch,Accessories,15,380,419,6285,585
04-09-2023,10,Sneakers,Footwear,21,350,449,9429,2079
05-09-2023,1,Polo shirt,Shirts,18,300,399,7182,1782
05-09-2023,2,Jeans,Pants,22,600,699,15378,2178
05-09-2023,3,Denim jacket,Outerwear,13,700,749,9737,637
05-09-2023,4,Tuxedo, Suits,20,560,669,13380,2180
05-09-2023,5,V-neck -Sweaters,Sweaters,29,420,489,14181,2001
05-09-2023,6,Graphic T-shirt,T-shirts,27,150,199,5373,1323
05-09-2023,7,Running jacket,Activewear,20,420,499,9980,1580
05-09-2023,8,Belt,Accessories,13,110,159,2067,637
05-09-2023,9,Watch,Accessories,27,380,419,11313,1053
05-09-2023,10,Sneakers,Footwear,10,350,449,4490,990
06-09-2023,1,Polo shirt,Shirts,16,300,399,6384,1584
06-09-2023,2,Jeans,Pants,15,600,699,10485,1485
06-09-2023,3,Denim jacket,Outerwear,24,700,749,17976,1176
06-09-2023,4,Tuxedo, Suits,27,560,669,18063,2943
06-09-2023,5,V-neck -Sweaters,Sweaters,20,420,489,9780,1380
06-09-2023,6,Graphic T-shirt,T-shirts,29,150,199,5771,1421
06-09-2023,7,Running jacket,Activewear,24,420,499,11976,1896
06-09-2023,8,Belt,Accessories,25,110,159,3975,1225
06-09-2023,9,Watch,Accessories,16,380,419,6704,624
06-09-2023,10,Sneakers,Footwear,19,350,449,8531,1881
07-09-2023,1,Polo shirt,Shirts,21,300,399,8379,2079
07-09-2023,2,Jeans,Pants,23,600,699,16077,2277
07-09-2023,3,Denim jacket,Outerwear,14,700,749,10486,686
07-09-2023,4,Tuxedo, Suits,27,560,669,18063,2943
07-09-2023,5,V-neck -Sweaters,Sweaters,14,420,489,6846,966
07-09-2023,6,Graphic T-shirt,T-shirts,12,150,199,2388,588
07-09-2023,7,Running jacket,Activewear,14,420,499,6986,1106
07-09-2023,8,Belt,Accessories,26,110,159,4134,1274
07-09-2023,9,Watch,Accessories,28,380,419,11732,1092
07-09-2023,10,Sneakers,Footwear,28,350,449,12572,2772
08-09-2023,1,Polo shirt,Shirts,21,300,399,8379,2079
08-09-2023,2,Jeans,Pants,18,600,699,12582,1782
08-09-2023,3,Denim jacket,Outerwear,10,700,749,7490,490
08-09-2023,4,Tuxedo, Suits,27,560,669,18063,2943
08-09-2023,5,V-neck -Sweaters,Sweaters,13,420,489,6357,897
08-09-2023,6,Graphic T-shirt,T-shirts,19,150,199,3781,931
08-09-2023,7,Running jacket,Activewear,16,420,499,7984,1264
08-09-2023,8,Belt,Accessories,10,110,159,1590,490
08-09-2023,9,Watch,Accessories,26,380,419,10894,1014
08-09-2023,10,Sneakers,Footwear,11,350,449,4939,1089
09-09-2023,1,Polo shirt,Shirts,20,300,399,7980,1980
09-09-2023,2,Jeans,Pants,18,600,699,12582,1782
09-09-2023,3,Denim jacket,Outerwear,16,700,749,11984,784
09-09-2023,4,Tuxedo, Suits,26,560,669,17394,2834
09-09-2023,5,V-neck -Sweaters,Sweaters,26,420,489,12714,1794
09-09-2023,6,Graphic T-shirt,T-shirts,11,150,199,2189,539
09-09-2023,7,Running jacket,Activewear,15,420,499,7485,1185
09-09-2023,8,Belt,Accessories,23,110,159,3657,1127
09-09-2023,9,Watch,Accessories,15,380,419,6285,585
09-09-2023,10,Sneakers,Footwear,11,350,449,4939,1089
10-09-2023,1,Polo shirt,Shirts,10,300,399,3990,990
10-09-2023,2,Jeans,Pants,19,600,699,13281,1881
10-09-2023,3,Denim jacket,Outerwear,14,700,749,10486,686
10-09-2023,4,Tuxedo, Suits,11,560,669,7359,1199
10-09-2023,5,V-neck -Sweaters,Sweaters,25,420,489,12225,1725
10-09-2023,6,Graphic T-shirt,T-shirts,11,150,199,2189,539
10-09-2023,7,Running jacket,Activewear,19,420,499,9481,1501
10-09-2023,8,Belt,Accessories,11,110,159,1749,539
10-09-2023,9,Watch,Accessories,25,380,419,10475,975
10-09-2023,10,Sneakers,Footwear,25,350,449,11225,2475
11-09-2023,1,Polo shirt,Shirts,28,300,399,11172,2772
11-09-2023,2,Jeans,Pants,16,600,699,11184,1584
11-09-2023,3,Denim jacket,Outerwear,21,700,749,15729,1029
11-09-2023,4,Tuxedo, Suits,24,560,669,16056,2616
11-09-2023,5,V-neck -Sweaters,Sweaters,17,420,489,8313,1173
11-09-2023,6,Graphic T-shirt,T-shirts,15,150,199,2985,735
11-09-2023,7,Running jacket,Activewear,19,420,499,9481,1501
11-09-2023,8,Belt,Accessories,12,110,159,1908,588
11-09-2023,9,Watch,Accessories,28,380,419,11732,1092
11-09-2023,10,Sneakers,Footwear,26,350,449,11674,2574
12-09-2023,1,Polo shirt,Shirts,16,300,399,6384,1584
12-09-2023,2,Jeans,Pants,29,600,699,20271,2871
12-09-2023,3,Denim jacket,Outerwear,13,700,749,9737,637
12-09-2023,4,Tuxedo, Suits,23,560,669,15387,2507
12-09-2023,5,V-neck -Sweaters,Sweaters,29,420,489,14181,2001
12-09-2023,6,Graphic T-shirt,T-shirts,24,150,199,4776,1176
12-09-2023,7,Running jacket,Activewear,17,420,499,8483,1343
12-09-2023,8,Belt,Accessories,24,110,159,3816,1176
12-09-2023,9,Watch,Accessories,29,380,419,12151,1131
12-09-2023,10,Sneakers,Footwear,23,350,449,10327,2277
13-09-2023,1,Polo shirt,Shirts,18,300,399,7182,1782
13-09-2023,2,Jeans,Pants,17,600,699,11883,1683
13-09-2023,3,Denim jacket,Outerwear,26,700,749,19474,1274
13-09-2023,4,Tuxedo, Suits,11,560,669,7359,1199
13-09-2023,5,V-neck -Sweaters,Sweaters,12,420,489,5868,828
13-09-2023,6,Graphic T-shirt,T-shirts,17,150,199,3383,833
13-09-2023,7,Running jacket,Activewear,21,420,499,10479,1659
13-09-2023,8,Belt,Accessories,10,110,159,1590,490
13-09-2023,9,Watch,Accessories,19,380,419,7961,741
13-09-2023,10,Sneakers,Footwear,29,350,449,13021,2871
14-09-2023,1,Polo shirt,Shirts,12,300,399,4788,1188
14-09-2023,2,Jeans,Pants,15,600,699,10485,1485
14-09-2023,3,Denim jacket,Outerwear,16,700,749,11984,784
14-09-2023,4,Tuxedo, Suits,29,560,669,19401,3161
14-09-2023,5,V-neck -Sweaters,Sweaters,27,420,489,13203,1863
14-09-2023,6,Graphic T-shirt,T-shirts,20,150,199,3980,980
14-09-2023,7,Running jacket,Activewear,28,420,499,13972,2212
14-09-2023,8,Belt,Accessories,14,110,159,2226,686
14-09-2023,9,Watch,Accessories,28,380,419,11732,1092
14-09-2023,10,Sneakers,Footwear,20,350,449,8980,1980
15-09-2023,1,Polo shirt,Shirts,21,300,399,8379,2079
15-09-2023,2,Jeans,Pants,19,600,699,13281,1881
15-09-2023,3,Denim jacket,Outerwear,17,700,749,12733,833
15-09-2023,4,Tuxedo, Suits,18,560,669,12042,1962
15-09-2023,5,V-neck -Sweaters,Sweaters,13,420,489,6357,897
15-09-2023,6,Graphic T-shirt,T-shirts,14,150,199,2786,686
15-09-2023,7,Running jacket,Activewear,17,420,499,8483,1343
15-09-2023,8,Belt,Accessories,18,110,159,2862,882
15-09-2023,9,Watch,Accessories,24,380,419,10056,936
15-09-2023,10,Sneakers,Footwear,24,350,449,10776,2376
16-09-2023,1,Polo shirt,Shirts,25,300,399,9975,2475
16-09-2023,2,Jeans,Pants,23,600,699,16077,2277
16-09-2023,3,Denim jacket,Outerwear,17,700,749,12733,833
16-09-2023,4,Tuxedo, Suits,27,560,669,18063,2943
16-09-2023,5,V-neck -Sweaters,Sweaters,19,420,489,9291,1311
16-09-2023,6,Graphic T-shirt,T-shirts,29,150,199,5771,1421
16-09-2023,7,Running jacket,Activewear,15,420,499,7485,1185
16-09-2023,8,Belt,Accessories,21,110,159,3339,1029
16-09-2023,9,Watch,Accessories,11,380,419,4609,429
16-09-2023,10,Sneakers,Footwear,16,350,449,7184,1584
17-09-2023,1,Polo shirt,Shirts,25,300,399,9975,2475
17-09-2023,2,Jeans,Pants,12,600,699,8388,1188
17-09-2023,3,Denim jacket,Outerwear,22,700,749,16478,1078
17-09-2023,4,Tuxedo, Suits,12,560,669,8028,1308
17-09-2023,5,V-neck -Sweaters,Sweaters,27,420,489,13203,1863
17-09-2023,6,Graphic T-shirt,T-shirts,20,150,199,3980,980
17-09-2023,7,Running jacket,Activewear,17,420,499,8483,1343
17-09-2023,8,Belt,Accessories,15,110,159,2385,735
17-09-2023,9,Watch,Accessories,10,380,419,4190,390
17-09-2023,10,Sneakers,Footwear,10,350,449,4490,990
18-09-2023,1,Polo shirt,Shirts,17,300,399,6783,1683
18-09-2023,2,Jeans,Pants,14,600,699,9786,1386
18-09-2023,3,Denim jacket,Outerwear,25,700,749,18725,1225
18-09-2023,4,Tuxedo, Suits,20,560,669,13380,2180
18-09-2023,5,V-neck -Sweaters,Sweaters,14,420,489,6846,966
18-09-2023,6,Graphic T-shirt,T-shirts,13,150,199,2587,637
18-09-2023,7,Running jacket,Activewear,15,420,499,7485,1185
18-09-2023,8,Belt,Accessories,23,110,159,3657,1127
18-09-2023,9,Watch,Accessories,28,380,419,11732,1092
18-09-2023,10,Sneakers,Footwear,18,350,449,8082,1782
19-09-2023,1,Polo shirt,Shirts,21,300,399,8379,2079
19-09-2023,2,Jeans,Pants,20,600,699,13980,1980
19-09-2023,3,Denim jacket,Outerwear,23,700,749,17227,1127
19-09-2023,4,Tuxedo, Suits,25,560,669,16725,2725
19-09-2023,5,V-neck -Sweaters,Sweaters,10,420,489,4890,690
19-09-2023,6,Graphic T-shirt,T-shirts,22,150,199,4378,1078
19-09-2023,7,Running jacket,Activewear,22,420,499,10978,1738
19-09-2023,8,Belt,Accessories,11,110,159,1749,539
19-09-2023,9,Watch,Accessories,13,380,419,5447,507
19-09-2023,10,Sneakers,Footwear,15,350,449,6735,1485
20-09-2023,1,Polo shirt,Shirts,14,300,399,5586,1386
20-09-2023,2,Jeans,Pants,12,600,699,8388,1188
20-09-2023,3,Denim jacket,Outerwear,10,700,749,7490,490
20-09-2023,4,Tuxedo, Suits,13,560,669,8697,1417
20-09-2023,5,V-neck -Sweaters,Sweaters,29,420,489,14181,2001
20-09-2023,6,Graphic T-shirt,T-shirts,11,150,199,2189,539
20-09-2023,7,Running jacket,Activewear,14,420,499,6986,1106
20-09-2023,8,Belt,Accessories,12,110,159,1908,588
20-09-2023,9,Watch,Accessories,18,380,419,7542,702
20-09-2023,10,Sneakers,Footwear,29,350,449,13021,2871
21-09-2023,1,Polo shirt,Shirts,15,300,399,5985,1485
21-09-2023,2,Jeans,Pants,27,600,699,18873,2673
21-09-2023,3,Denim jacket,Outerwear,15,700,749,11235,735
21-09-2023,4,Tuxedo, Suits,28,560,669,18732,3052
21-09-2023,5,V-neck -Sweaters,Sweaters,21,420,489,10269,1449
21-09-2023,6,Graphic T-shirt,T-shirts,20,150,199,3980,980
21-09-2023,7,Running jacket,Activewear,11,420,499,5489,869
21-09-2023,8,Belt,Accessories,24,110,159,3816,1176
21-09-2023,9,Watch,Accessories,21,380,419,8799,819
21-09-2023,10,Sneakers,Footwear,21,350,449,9429,2079
22-09-2023,1,Polo shirt,Shirts,18,300,399,7182,1782
22-09-2023,2,Jeans,Pants,11,600,699,7689,1089
22-09-2023,3,Denim jacket,Outerwear,12,700,749,8988,588
22-09-2023,4,Tuxedo, Suits,21,560,669,14049,2289
22-09-2023,5,V-neck -Sweaters,Sweaters,25,420,489,12225,1725
22-09-2023,6,Graphic T-shirt,T-shirts,10,150,199,1990,490
22-09-2023,7,Running jacket,Activewear,12,420,499,5988,948
22-09-2023,8,Belt,Accessories,29,110,159,4611,1421
22-09-2023,9,Watch,Accessories,11,380,419,4609,429
22-09-2023,10,Sneakers,Footwear,18,350,449,8082,1782
23-09-2023,1,Polo shirt,Shirts,28,300,399,11172,2772
23-09-2023,2,Jeans,Pants,24,600,699,16776,2376
23-09-2023,3,Denim jacket,Outerwear,27,700,749,20223,1323
23-09-2023,4,Tuxedo, Suits,20,560,669,13380,2180
23-09-2023,5,V-neck -Sweaters,Sweaters,25,420,489,12225,1725
23-09-2023,6,Graphic T-shirt,T-shirts,26,150,199,5174,1274
23-09-2023,7,Running jacket,Activewear,14,420,499,6986,1106
23-09-2023,8,Belt,Accessories,21,110,159,3339,1029
23-09-2023,9,Watch,Accessories,20,380,419,8380,780
23-09-2023,10,Sneakers,Footwear,24,350,449,10776,2376
24-09-2023,1,Polo shirt,Shirts,12,300,399,4788,1188
24-09-2023,2,Jeans,Pants,10,600,699,6990,990
24-09-2023,3,Denim jacket,Outerwear,29,700,749,21721,1421
24-09-2023,4,Tuxedo, Suits,25,560,669,16725,2725
24-09-2023,5,V-neck -Sweaters,Sweaters,11,420,489,5379,759
24-09-2023,6,Graphic T-shirt,T-shirts,11,150,199,2189,539
24-09-2023,7,Running jacket,Activewear,12,420,499,5988,948
24-09-2023,8,Belt,Accessories,17,110,159,2703,833
24-09-2023,9,Watch,Accessories,24,380,419,10056,936
24-09-2023,10,Sneakers,Footwear,16,350,449,7184,1584
25-09-2023,1,Polo shirt,Shirts,15,300,399,5985,1485
25-09-2023,2,Jeans,Pants,18,600,699,12582,1782
25-09-2023,3,Denim jacket,Outerwear,29,700,749,21721,1421
25-09-2023,4,Tuxedo, Suits,10,560,669,6690,1090
25-09-2023,5,V-neck -Sweaters,Sweaters,17,420,489,8313,1173
25-09-2023,6,Graphic T-shirt,T-shirts,12,150,199,2388,588
25-09-2023,7,Running jacket,Activewear,13,420,499,6487,1027
25-09-2023,8,Belt,Accessories,24,110,159,3816,1176
25-09-2023,9,Watch,Accessories,15,380,419,6285,585
25-09-2023,10,Sneakers,Footwear,24,350,449,10776,2376
26-09-2023,1,Polo shirt,Shirts,12,300,399,4788,1188
26-09-2023,2,Jeans,Pants,23,600,699,16077,2277
26-09-2023,3,Denim jacket,Outerwear,29,700,749,21721,1421
26-09-2023,4,Tuxedo, Suits,23,560,669,15387,2507
26-09-2023,5,V-neck -Sweaters,Sweaters,13,420,489,6357,897
26-09-2023,6,Graphic T-shirt,T-shirts,21,150,199,4179,1029
26-09-2023,7,Running jacket,Activewear,26,420,499,12974,2054
26-09-2023,8,Belt,Accessories,16,110,159,2544,784
26-09-2023,9,Watch,Accessories,18,380,419,7542,702
26-09-2023,10,Sneakers,Footwear,12,350,449,5388,1188
27-09-2023,1,Polo shirt,Shirts,22,300,399,8778,2178
27-09-2023,2,Jeans,Pants,24,600,699,16776,2376
27-09-2023,3,Denim jacket,Outerwear,27,700,749,20223,1323
27-09-2023,4,Tuxedo, Suits,28,560,669,18732,3052
27-09-2023,5,V-neck -Sweaters,Sweaters,10,420,489,4890,690
27-09-2023,6,Graphic T-shirt,T-shirts,15,150,199,2985,735
27-09-2023,7,Running jacket,Activewear,11,420,499,5489,869
27-09-2023,8,Belt,Accessories,23,110,159,3657,1127
27-09-2023,9,Watch,Accessories,15,380,419,6285,585
27-09-2023,10,Sneakers,Footwear,23,350,449,10327,2277
28-09-2023,1,Polo shirt,Shirts,13,300,399,5187,1287
28-09-2023,2,Jeans,Pants,17,600,699,11883,1683
28-09-2023,3,Denim jacket,Outerwear,12,700,749,8988,588
28-09-2023,4,Tuxedo, Suits,28,560,669,18732,3052
28-09-2023,5,V-neck -Sweaters,Sweaters,23,420,489,11247,1587
28-09-2023,6,Graphic T-shirt,T-shirts,29,150,199,5771,1421
28-09-2023,7,Running jacket,Activewear,26,420,499,12974,2054
28-09-2023,8,Belt,Accessories,17,110,159,2703,833
28-09-2023,9,Watch,Accessories,23,380,419,9637,897
28-09-2023,10,Sneakers,Footwear,15,350,449,6735,1485
29-09-2023,1,Polo shirt,Shirts,25,300,399,9975,2475
29-09-2023,2,Jeans,Pants,28,600,699,19572,2772
29-09-2023,3,Denim jacket,Outerwear,23,700,749,17227,1127
29-09-2023,4,Tuxedo, Suits,28,560,669,18732,3052
29-09-2023,5,V-neck -Sweaters,Sweaters,12,420,489,5868,828
29-09-2023,6,Graphic T-shirt,T-shirts,19,150,199,3781,931
29-09-2023,7,Running jacket,Activewear,28,420,499,13972,2212
29-09-2023,8,Belt,Accessories,18,110,159,2862,882
29-09-2023,9,Watch,Accessories,29,380,419,12151,1131
29-09-2023,10,Sneakers,Footwear,22,350,449,9878,2178
30-09-2023,1,Polo shirt,Shirts,16,300,399,6384,1584
30-09-2023,2,Jeans,Pants,23,600,699,16077,2277
30-09-2023,3,Denim jacket,Outerwear,18,700,749,13482,882
30-09-2023,4,Tuxedo, Suits,28,560,669,18732,3052
30-09-2023,5,V-neck -Sweaters,Sweaters,24,420,489,11736,1656
30-09-2023,6,Graphic T-shirt,T-shirts,29,150,199,5771,1421
30-09-2023,7,Running jacket,Activewear,23,420,499,11477,1817
30-09-2023,8,Belt,Accessories,15,110,159,2385,735
30-09-2023,9,Watch,Accessories,13,380,419,5447,507
30-09-2023,10,Sneakers,Footwear,17,350,449,7633,1683
01-10-2023,1,Polo shirt,Shirts,26,300,399,10374,2574
01-10-2023,2,Jeans,Pants,18,600,699,12582,1782
01-10-2023,3,Denim jacket,Outerwear,10,700,749,7490,490
01-10-2023,4,Tuxedo, Suits,29,560,669,19401,3161
01-10-2023,5,V-neck -Sweaters,Sweaters,23,420,489,11247,1587
01-10-2023,6,Graphic T-shirt,T-shirts,20,150,199,3980,980
01-10-2023,7,Running jacket,Activewear,12,420,499,5988,948
01-10-2023,8,Belt,Accessories,18,110,159,2862,882
01-10-2023,9,Watch,Accessories,23,380,419,9637,897
01-10-2023,10,Sneakers,Footwear,18,350,449,8082,1782
02-10-2023,1,Polo shirt,Shirts,13,300,399,5187,1287
02-10-2023,2,Jeans,Pants,13,600,699,9087,1287
02-10-2023,3,Denim jacket,Outerwear,17,700,749,12733,833
02-10-2023,4,Tuxedo, Suits,11,560,669,7359,1199
02-10-2023,5,V-neck -Sweaters,Sweaters,18,420,489,8802,1242
02-10-2023,6,Graphic T-shirt,T-shirts,23,150,199,4577,1127
02-10-2023,7,Running jacket,Activewear,18,420,499,8982,1422
02-10-2023,8,Belt,Accessories,25,110,159,3975,1225
02-10-2023,9,Watch,Accessories,26,380,419,10894,1014
02-10-2023,10,Sneakers,Footwear,25,350,449,11225,2475
03-10-2023,1,Polo shirt,Shirts,21,300,399,8379,2079
03-10-2023,2,Jeans,Pants,12,600,699,8388,1188
03-10-2023,3,Denim jacket,Outerwear,20,700,749,14980,980
03-10-2023,4,Tuxedo, Suits,23,560,669,15387,2507
03-10-2023,5,V-neck -Sweaters,Sweaters,27,420,489,13203,1863
03-10-2023,6,Graphic T-shirt,T-shirts,14,150,199,2786,686
03-10-2023,7,Running jacket,Activewear,25,420,499,12475,1975
03-10-2023,8,Belt,Accessories,29,110,159,4611,1421
03-10-2023,9,Watch,Accessories,14,380,419,5866,546
03-10-2023,10,Sneakers,Footwear,12,350,449,5388,1188
04-10-2023,1,Polo shirt,Shirts,21,300,399,8379,2079
04-10-2023,2,Jeans,Pants,10,600,699,6990,990
04-10-2023,3,Denim jacket,Outerwear,18,700,749,13482,882
04-10-2023,4,Tuxedo, Suits,18,560,669,12042,1962
04-10-2023,5,V-neck -Sweaters,Sweaters,13,420,489,6357,897
04-10-2023,6,Graphic T-shirt,T-shirts,12,150,199,2388,588
04-10-2023,7,Running jacket,Activewear,26,420,499,12974,2054
04-10-2023,8,Belt,Accessories,11,110,159,1749,539
04-10-2023,9,Watch,Accessories,10,380,419,4190,390
04-10-2023,10,Sneakers,Footwear,17,350,449,7633,1683
05-10-2023,1,Polo shirt,Shirts,22,300,399,8778,2178
05-10-2023,2,Jeans,Pants,24,600,699,16776,2376
05-10-2023,3,Denim jacket,Outerwear,17,700,749,12733,833
05-10-2023,4,Tuxedo, Suits,21,560,669,14049,2289
05-10-2023,5,V-neck -Sweaters,Sweaters,21,420,489,10269,1449
05-10-2023,6,Graphic T-shirt,T-shirts,23,150,199,4577,1127
05-10-2023,7,Running jacket,Activewear,24,420,499,11976,1896
05-10-2023,8,Belt,Accessories,24,110,159,3816,1176
05-10-2023,9,Watch,Accessories,18,380,419,7542,702
05-10-2023,10,Sneakers,Footwear,28,350,449,12572,2772
06-10-2023,1,Polo shirt,Shirts,29,300,399,11571,2871
06-10-2023,2,Jeans,Pants,17,600,699,11883,1683
06-10-2023,3,Denim jacket,Outerwear,28,700,749,20972,1372
06-10-2023,4,Tuxedo, Suits,15,560,669,10035,1635
06-10-2023,5,V-neck -Sweaters,Sweaters,29,420,489,14181,2001
06-10-2023,6,Graphic T-shirt,T-shirts,28,150,199,5572,1372
06-10-2023,7,Running jacket,Activewear,13,420,499,6487,1027
06-10-2023,8,Belt,Accessories,16,110,159,2544,784
06-10-2023,9,Watch,Accessories,13,380,419,5447,507
06-10-2023,10,Sneakers,Footwear,21,350,449,9429,2079
07-10-2023,1,Polo shirt,Shirts,22,300,399,8778,2178
07-10-2023,2,Jeans,Pants,12,600,699,8388,1188
07-10-2023,3,Denim jacket,Outerwear,21,700,749,15729,1029
07-10-2023,4,Tuxedo, Suits,11,560,669,7359,1199
07-10-2023,5,V-neck -Sweaters,Sweaters,11,420,489,5379,759
07-10-2023,6,Graphic T-shirt,T-shirts,18,150,199,3582,882
07-10-2023,7,Running jacket,Activewear,10,420,499,4990,790
07-10-2023,8,Belt,Accessories,17,110,159,2703,833
07-10-2023,9,Watch,Accessories,15,380,419,6285,585
07-10-2023,10,Sneakers,Footwear,15,350,449,6735,1485
08-10-2023,1,Polo shirt,Shirts,27,300,399,10773,2673
08-10-2023,2,Jeans,Pants,26,600,699,18174,2574
08-10-2023,3,Denim jacket,Outerwear,21,700,749,15729,1029
08-10-2023,4,Tuxedo, Suits,15,560,669,10035,1635
08-10-2023,5,V-neck -Sweaters,Sweaters,17,420,489,8313,1173
08-10-2023,6,Graphic T-shirt,T-shirts,28,150,199,5572,1372
08-10-2023,7,Running jacket,Activewear,19,420,499,9481,1501
08-10-2023,8,Belt,Accessories,10,110,159,1590,490
08-10-2023,9,Watch,Accessories,22,380,419,9218,858
08-10-2023,10,Sneakers,Footwear,26,350,449,11674,2574
09-10-2023,1,Polo shirt,Shirts,12,300,399,4788,1188
09-10-2023,2,Jeans,Pants,17,600,699,11883,1683
09-10-2023,3,Denim jacket,Outerwear,23,700,749,17227,1127
09-10-2023,4,Tuxedo, Suits,12,560,669,8028,1308
09-10-2023,5,V-neck -Sweaters,Sweaters,25,420,489,12225,1725
09-10-2023,6,Graphic T-shirt,T-shirts,22,150,199,4378,1078
09-10-2023,7,Running jacket,Activewear,29,420,499,14471,2291
09-10-2023,8,Belt,Accessories,26,110,159,4134,1274
09-10-2023,9,Watch,Accessories,22,380,419,9218,858
09-10-2023,10,Sneakers,Footwear,15,350,449,6735,1485
10-10-2023,1,Polo shirt,Shirts,26,300,399,10374,2574
10-10-2023,2,Jeans,Pants,23,600,699,16077,2277
10-10-2023,3,Denim jacket,Outerwear,26,700,749,19474,1274
10-10-2023,4,Tuxedo, Suits,17,560,669,11373,1853
10-10-2023,5,V-neck -Sweaters,Sweaters,20,420,489,9780,1380
10-10-2023,6,Graphic T-shirt,T-shirts,29,150,199,5771,1421
10-10-2023,7,Running jacket,Activewear,10,420,499,4990,790
10-10-2023,8,Belt,Accessories,16,110,159,2544,784
10-10-2023,9,Watch,Accessories,26,380,419,10894,1014
10-10-2023,10,Sneakers,Footwear,19,350,449,8531,1881
11-10-2023,1,Polo shirt,Shirts,20,300,399,7980,1980
11-10-2023,2,Jeans,Pants,18,600,699,12582,1782
11-10-2023,3,Denim jacket,Outerwear,18,700,749,13482,882
11-10-2023,4,Tuxedo, Suits,14,560,669,9366,1526
11-10-2023,5,V-neck -Sweaters,Sweaters,26,420,489,12714,1794
11-10-2023,6,Graphic T-shirt,T-shirts,18,150,199,3582,882
11-10-2023,7,Running jacket,Activewear,26,420,499,12974,2054
11-10-2023,8,Belt,Accessories,28,110,159,4452,1372
11-10-2023,9,Watch,Accessories,16,380,419,6704,624
11-10-2023,10,Sneakers,Footwear,18,350,449,8082,1782
12-10-2023,1,Polo shirt,Shirts,16,300,399,6384,1584
12-10-2023,2,Jeans,Pants,22,600,699,15378,2178
12-10-2023,3,Denim jacket,Outerwear,20,700,749,14980,980
12-10-2023,4,Tuxedo, Suits,23,560,669,15387,2507
12-10-2023,5,V-neck -Sweaters,Sweaters,28,420,489,13692,1932
12-10-2023,6,Graphic T-shirt,T-shirts,20,150,199,3980,980
12-10-2023,7,Running jacket,Activewear,22,420,499,10978,1738
12-10-2023,8,Belt,Accessories,23,110,159,3657,1127
12-10-2023,9,Watch,Accessories,22,380,419,9218,858
12-10-2023,10,Sneakers,Footwear,10,350,449,4490,990
13-10-2023,1,Polo shirt,Shirts,17,300,399,6783,1683
13-10-2023,2,Jeans,Pants,21,600,699,14679,2079
13-10-2023,3,Denim jacket,Outerwear,28,700,749,20972,1372
13-10-2023,4,Tuxedo, Suits,21,560,669,14049,2289
13-10-2023,5,V-neck -Sweaters,Sweaters,17,420,489,8313,1173
13-10-2023,6,Graphic T-shirt,T-shirts,17,150,199,3383,833
13-10-2023,7,Running jacket,Activewear,22,420,499,10978,1738
13-10-2023,8,Belt,Accessories,21,110,159,3339,1029
13-10-2023,9,Watch,Accessories,25,380,419,10475,975
13-10-2023,10,Sneakers,Footwear,10,350,449,4490,990
14-10-2023,1,Polo shirt,Shirts,22,300,399,8778,2178
14-10-2023,2,Jeans,Pants,16,600,699,11184,1584
14-10-2023,3,Denim jacket,Outerwear,14,700,749,10486,686
14-10-2023,4,Tuxedo, Suits,17,560,669,11373,1853
14-10-2023,5,V-neck -Sweaters,Sweaters,23,420,489,11247,1587
14-10-2023,6,Graphic T-shirt,T-shirts,22,150,199,4378,1078
14-10-2023,7,Running jacket,Activewear,24,420,499,11976,1896
14-10-2023,8,Belt,Accessories,26,110,159,4134,1274
14-10-2023,9,Watch,Accessories,24,380,419,10056,936
14-10-2023,10,Sneakers,Footwear,29,350,449,13021,2871
15-10-2023,1,Polo shirt,Shirts,27,300,399,10773,2673
15-10-2023,2,Jeans,Pants,27,600,699,18873,2673
15-10-2023,3,Denim jacket,Outerwear,11,700,749,8239,539
15-10-2023,4,Tuxedo, Suits,13,560,669,8697,1417
15-10-2023,5,V-neck -Sweaters,Sweaters,10,420,489,4890,690
15-10-2023,6,Graphic T-shirt,T-shirts,13,150,199,2587,637
15-10-2023,7,Running jacket,Activewear,27,420,499,13473,2133
15-10-2023,8,Belt,Accessories,14,110,159,2226,686
15-10-2023,9,Watch,Accessories,28,380,419,11732,1092
15-10-2023,10,Sneakers,Footwear,24,350,449,10776,2376
16-10-2023,1,Polo shirt,Shirts,17,300,399,6783,1683
16-10-2023,2,Jeans,Pants,29,600,699,20271,2871
16-10-2023,3,Denim jacket,Outerwear,26,700,749,19474,1274
16-10-2023,4,Tuxedo, Suits,10,560,669,6690,1090
16-10-2023,5,V-neck -Sweaters,Sweaters,21,420,489,10269,1449
16-10-2023,6,Graphic T-shirt,T-shirts,28,150,199,5572,1372
16-10-2023,7,Running jacket,Activewear,24,420,499,11976,1896
16-10-2023,8,Belt,Accessories,18,110,159,2862,882
16-10-2023,9,Watch,Accessories,16,380,419,6704,624
16-10-2023,10,Sneakers,Footwear,11,350,449,4939,1089
17-10-2023,1,Polo shirt,Shirts,18,300,399,7182,1782
17-10-2023,2,Jeans,Pants,19,600,699,13281,1881
17-10-2023,3,Denim jacket,Outerwear,11,700,749,8239,539
17-10-2023,4,Tuxedo, Suits,28,560,669,18732,3052
17-10-2023,5,V-neck -Sweaters,Sweaters,20,420,489,9780,1380
17-10-2023,6,Graphic T-shirt,T-shirts,22,150,199,4378,1078
17-10-2023,7,Running jacket,Activewear,19,420,499,9481,1501
17-10-2023,8,Belt,Accessories,23,110,159,3657,1127
17-10-2023,9,Watch,Accessories,27,380,419,11313,1053
17-10-2023,10,Sneakers,Footwear,28,350,449,12572,2772
18-10-2023,1,Polo shirt,Shirts,18,300,399,7182,1782
18-10-2023,2,Jeans,Pants,16,600,699,11184,1584
18-10-2023,3,Denim jacket,Outerwear,12,700,749,8988,588
18-10-2023,4,Tuxedo, Suits,29,560,669,19401,3161
18-10-2023,5,V-neck -Sweaters,Sweaters,15,420,489,7335,1035
18-10-2023,6,Graphic T-shirt,T-shirts,11,150,199,2189,539
18-10-2023,7,Running jacket,Activewear,15,420,499,7485,1185
18-10-2023,8,Belt,Accessories,12,110,159,1908,588
18-10-2023,9,Watch,Accessories,25,380,419,10475,975
18-10-2023,10,Sneakers,Footwear,17,350,449,7633,1683
19-10-2023,1,Polo shirt,Shirts,11,300,399,4389,1089
19-10-2023,2,Jeans,Pants,26,600,699,18174,2574
19-10-2023,3,Denim jacket,Outerwear,18,700,749,13482,882
19-10-2023,4,Tuxedo, Suits,21,560,669,14049,2289
19-10-2023,5,V-neck -Sweaters,Sweaters,12,420,489,5868,828
19-10-2023,6,Graphic T-shirt,T-shirts,20,150,199,3980,980
19-10-2023,7,Running jacket,Activewear,10,420,499,4990,790
19-10-2023,8,Belt,Accessories,22,110,159,3498,1078
19-10-2023,9,Watch,Accessories,24,380,419,10056,936
19-10-2023,10,Sneakers,Footwear,14,350,449,6286,1386
20-10-2023,1,Polo shirt,Shirts,26,300,399,10374,2574
20-10-2023,2,Jeans,Pants,15,600,699,10485,1485
20-10-2023,3,Denim jacket,Outerwear,20,700,749,14980,980
20-10-2023,4,Tuxedo, Suits,27,560,669,18063,2943
20-10-2023,5,V-neck -Sweaters,Sweaters,13,420,489,6357,897
20-10-2023,6,Graphic T-shirt,T-shirts,12,150,199,2388,588
20-10-2023,7,Running jacket,Activewear,22,420,499,10978,1738
20-10-2023,8,Belt,Accessories,18,110,159,2862,882
20-10-2023,9,Watch,Accessories,15,380,419,6285,585
20-10-2023,10,Sneakers,Footwear,21,350,449,9429,2079
21-10-2023,1,Polo shirt,Shirts,11,300,399,4389,1089
21-10-2023,2,Jeans,Pants,12,600,699,8388,1188
21-10-2023,3,Denim jacket,Outerwear,12,700,749,8988,588
21-10-2023,4,Tuxedo, Suits,21,560,669,14049,2289
21-10-2023,5,V-neck -Sweaters,Sweaters,24,420,489,11736,1656
21-10-2023,6,Graphic T-shirt,T-shirts,18,150,199,3582,882
21-10-2023,7,Running jacket,Activewear,17,420,499,8483,1343
21-10-2023,8,Belt,Accessories,20,110,159,3180,980
21-10-2023,9,Watch,Accessories,25,380,419,10475,975
21-10-2023,10,Sneakers,Footwear,13,350,449,5837,1287
22-10-2023,1,Polo shirt,Shirts,10,300,399,3990,990
22-10-2023,2,Jeans,Pants,16,600,699,11184,1584
22-10-2023,3,Denim jacket,Outerwear,11,700,749,8239,539
22-10-2023,4,Tuxedo, Suits,14,560,669,9366,1526
22-10-2023,5,V-neck -Sweaters,Sweaters,16,420,489,7824,1104
22-10-2023,6,Graphic T-shirt,T-shirts,13,150,199,2587,637
22-10-2023,7,Running jacket,Activewear,14,420,499,6986,1106
22-10-2023,8,Belt,Accessories,10,110,159,1590,490
22-10-2023,9,Watch,Accessories,10,380,419,4190,390
22-10-2023,10,Sneakers,Footwear,24,350,449,10776,2376
23-10-2023,1,Polo shirt,Shirts,29,300,399,11571,2871
23-10-2023,2,Jeans,Pants,28,600,699,19572,2772
23-10-2023,3,Denim jacket,Outerwear,19,700,749,14231,931
23-10-2023,4,Tuxedo, Suits,27,560,669,18063,2943
23-10-2023,5,V-neck -Sweaters,Sweaters,12,420,489,5868,828
23-10-2023,6,Graphic T-shirt,T-shirts,20,150,199,3980,980
23-10-2023,7,Running jacket,Activewear,24,420,499,11976,1896
23-10-2023,8,Belt,Accessories,20,110,159,3180,980
23-10-2023,9,Watch,Accessories,26,380,419,10894,1014
23-10-2023,10,Sneakers,Footwear,26,350,449,11674,2574
24-10-2023,1,Polo shirt,Shirts,15,300,399,5985,1485
24-10-2023,2,Jeans,Pants,14,600,699,9786,1386
24-10-2023,3,Denim jacket,Outerwear,17,700,749,12733,833
24-10-2023,4,Tuxedo, Suits,11,560,669,7359,1199
24-10-2023,5,V-neck -Sweaters,Sweaters,25,420,489,12225,1725
24-10-2023,6,Graphic T-shirt,T-shirts,29,150,199,5771,1421
24-10-2023,7,Running jacket,Activewear,21,420,499,10479,1659
24-10-2023,8,Belt,Accessories,15,110,159,2385,735
24-10-2023,9,Watch,Accessories,10,380,419,4190,390
24-10-2023,10,Sneakers,Footwear,13,350,449,5837,1287
25-10-2023,1,Polo shirt,Shirts,26,300,399,10374,2574
25-10-2023,2,Jeans,Pants,22,600,699,15378,2178
25-10-2023,3,Denim jacket,Outerwear,27,700,749,20223,1323
25-10-2023,4,Tuxedo, Suits,14,560,669,9366,1526
25-10-2023,5,V-neck -Sweaters,Sweaters,12,420,489,5868,828
25-10-2023,6,Graphic T-shirt,T-shirts,20,150,199,3980,980
25-10-2023,7,Running jacket,Activewear,22,420,499,10978,1738
25-10-2023,8,Belt,Accessories,13,110,159,2067,637
25-10-2023,9,Watch,Accessories,23,380,419,9637,897
25-10-2023,10,Sneakers,Footwear,20,350,449,8980,1980
26-10-2023,1,Polo shirt,Shirts,19,300,399,7581,1881
26-10-2023,2,Jeans,Pants,28,600,699,19572,2772
26-10-2023,3,Denim jacket,Outerwear,27,700,749,20223,1323
26-10-2023,4,Tuxedo, Suits,15,560,669,10035,1635
26-10-2023,5,V-neck -Sweaters,Sweaters,24,420,489,11736,1656
26-10-2023,6,Graphic T-shirt,T-shirts,19,150,199,3781,931
26-10-2023,7,Running jacket,Activewear,14,420,499,6986,1106
26-10-2023,8,Belt,Accessories,14,110,159,2226,686
26-10-2023,9,Watch,Accessories,19,380,419,7961,741
26-10-2023,10,Sneakers,Footwear,14,350,449,6286,1386
27-10-2023,1,Polo shirt,Shirts,12,300,399,4788,1188
27-10-2023,2,Jeans,Pants,15,600,699,10485,1485
27-10-2023,3,Denim jacket,Outerwear,13,700,749,9737,637
27-10-2023,4,Tuxedo, Suits,27,560,669,18063,2943
27-10-2023,5,V-neck -Sweaters,Sweaters,18,420,489,8802,1242
27-10-2023,6,Graphic T-shirt,T-shirts,26,150,199,5174,1274
27-10-2023,7,Running jacket,Activewear,22,420,499,10978,1738
27-10-2023,8,Belt,Accessories,24,110,159,3816,1176
27-10-2023,9,Watch,Accessories,29,380,419,12151,1131
27-10-2023,10,Sneakers,Footwear,26,350,449,11674,2574
28-10-2023,1,Polo shirt,Shirts,22,300,399,8778,2178
28-10-2023,2,Jeans,Pants,25,600,699,17475,2475
28-10-2023,3,Denim jacket,Outerwear,13,700,749,9737,637
28-10-2023,4,Tuxedo, Suits,14,560,669,9366,1526
28-10-2023,5,V-neck -Sweaters,Sweaters,14,420,489,6846,966
28-10-2023,6,Graphic T-shirt,T-shirts,18,150,199,3582,882
28-10-2023,7,Running jacket,Activewear,26,420,499,12974,2054
28-10-2023,8,Belt,Accessories,22,110,159,3498,1078
28-10-2023,9,Watch,Accessories,11,380,419,4609,429
28-10-2023,10,Sneakers,Footwear,22,350,449,9878,2178
29-10-2023,1,Polo shirt,Shirts,28,300,399,11172,2772
29-10-2023,2,Jeans,Pants,12,600,699,8388,1188
29-10-2023,3,Denim jacket,Outerwear,19,700,749,14231,931
29-10-2023,4,Tuxedo, Suits,11,560,669,7359,1199
29-10-2023,5,V-neck -Sweaters,Sweaters,22,420,489,10758,1518
29-10-2023,6,Graphic T-shirt,T-shirts,28,150,199,5572,1372
29-10-2023,7,Running jacket,Activewear,26,420,499,12974,2054
29-10-2023,8,Belt,Accessories,23,110,159,3657,1127
29-10-2023,9,Watch,Accessories,21,380,419,8799,819
29-10-2023,10,Sneakers,Footwear,21,350,449,9429,2079
30-10-2023,1,Polo shirt,Shirts,20,300,399,7980,1980
30-10-2023,2,Jeans,Pants,16,600,699,11184,1584
30-10-2023,3,Denim jacket,Outerwear,13,700,749,9737,637
30-10-2023,4,Tuxedo, Suits,28,560,669,18732,3052
30-10-2023,5,V-neck -Sweaters,Sweaters,10,420,489,4890,690
30-10-2023,6,Graphic T-shirt,T-shirts,12,150,199,2388,588
30-10-2023,7,Running jacket,Activewear,22,420,499,10978,1738
30-10-2023,8,Belt,Accessories,24,110,159,3816,1176
30-10-2023,9,Watch,Accessories,11,380,419,4609,429
30-10-2023,10,Sneakers,Footwear,20,350,449,8980,1980
31-10-2023,1,Polo shirt,Shirts,13,300,399,5187,1287
31-10-2023,2,Jeans,Pants,28,600,699,19572,2772
31-10-2023,3,Denim jacket,Outerwear,26,700,749,19474,1274
31-10-2023,4,Tuxedo, Suits,12,560,669,8028,1308
31-10-2023,5,V-neck -Sweaters,Sweaters,27,420,489,13203,1863
31-10-2023,6,Graphic T-shirt,T-shirts,17,150,199,3383,833
31-10-2023,7,Running jacket,Activewear,28,420,499,13972,2212
31-10-2023,8,Belt,Accessories,14,110,159,2226,686
31-10-2023,9,Watch,Accessories,16,380,419,6704,624
31-10-2023,10,Sneakers,Footwear,17,350,449,7633,1683
01-11-2023,1,Polo shirt,Shirts,14,300,399,5586,1386
01-11-2023,2,Jeans,Pants,26,600,699,18174,2574
01-11-2023,3,Denim jacket,Outerwear,14,700,749,10486,686
01-11-2023,4,Tuxedo, Suits,13,560,669,8697,1417
01-11-2023,5,V-neck -Sweaters,Sweaters,28,420,489,13692,1932
01-11-2023,6,Graphic T-shirt,T-shirts,11,150,199,2189,539
01-11-2023,7,Running jacket,Activewear,20,420,499,9980,1580
01-11-2023,8,Belt,Accessories,22,110,159,3498,1078
01-11-2023,9,Watch,Accessories,24,380,419,10056,936
01-11-2023,10,Sneakers,Footwear,21,350,449,9429,2079
02-11-2023,1,Polo shirt,Shirts,20,300,399,7980,1980
02-11-2023,2,Jeans,Pants,16,600,699,11184,1584
02-11-2023,3,Denim jacket,Outerwear,14,700,749,10486,686
02-11-2023,4,Tuxedo, Suits,26,560,669,17394,2834
02-11-2023,5,V-neck -Sweaters,Sweaters,29,420,489,14181,2001
02-11-2023,6,Graphic T-shirt,T-shirts,18,150,199,3582,882
02-11-2023,7,Running jacket,Activewear,23,420,499,11477,1817
02-11-2023,8,Belt,Accessories,21,110,159,3339,1029
02-11-2023,9,Watch,Accessories,15,380,419,6285,585
02-11-2023,10,Sneakers,Footwear,26,350,449,11674,2574
03-11-2023,1,Polo shirt,Shirts,28,300,399,11172,2772
03-11-2023,2,Jeans,Pants,28,600,699,19572,2772
03-11-2023,3,Denim jacket,Outerwear,25,700,749,18725,1225
03-11-2023,4,Tuxedo, Suits,21,560,669,14049,2289
03-11-2023,5,V-neck -Sweaters,Sweaters,21,420,489,10269,1449
03-11-2023,6,Graphic T-shirt,T-shirts,29,150,199,5771,1421
03-11-2023,7,Running jacket,Activewear,15,420,499,7485,1185
03-11-2023,8,Belt,Accessories,13,110,159,2067,637
03-11-2023,9,Watch,Accessories,15,380,419,6285,585
03-11-2023,10,Sneakers,Footwear,20,350,449,8980,1980
04-11-2023,1,Polo shirt,Shirts,10,300,399,3990,990
04-11-2023,2,Jeans,Pants,24,600,699,16776,2376
04-11-2023,3,Denim jacket,Outerwear,20,700,749,14980,980
04-11-2023,4,Tuxedo, Suits,28,560,669,18732,3052
04-11-2023,5,V-neck -Sweaters,Sweaters,27,420,489,13203,1863
04-11-2023,6,Graphic T-shirt,T-shirts,26,150,199,5174,1274
04-11-2023,7,Running jacket,Activewear,28,420,499,13972,2212
04-11-2023,8,Belt,Accessories,23,110,159,3657,1127
04-11-2023,9,Watch,Accessories,27,380,419,11313,1053
04-11-2023,10,Sneakers,Footwear,28,350,449,12572,2772
05-11-2023,1,Polo shirt,Shirts,24,300,399,9576,2376
05-11-2023,2,Jeans,Pants,24,600,699,16776,2376
05-11-2023,3,Denim jacket,Outerwear,13,700,749,9737,637
05-11-2023,4,Tuxedo, Suits,16,560,669,10704,1744
05-11-2023,5,V-neck -Sweaters,Sweaters,22,420,489,10758,1518
05-11-2023,6,Graphic T-shirt,T-shirts,12,150,199,2388,588
05-11-2023,7,Running jacket,Activewear,25,420,499,12475,1975
05-11-2023,8,Belt,Accessories,18,110,159,2862,882
05-11-2023,9,Watch,Accessories,17,380,419,7123,663
05-11-2023,10,Sneakers,Footwear,29,350,449,13021,2871
06-11-2023,1,Polo shirt,Shirts,22,300,399,8778,2178
06-11-2023,2,Jeans,Pants,26,600,699,18174,2574
06-11-2023,3,Denim jacket,Outerwear,26,700,749,19474,1274
06-11-2023,4,Tuxedo, Suits,26,560,669,17394,2834
06-11-2023,5,V-neck -Sweaters,Sweaters,10,420,489,4890,690
06-11-2023,6,Graphic T-shirt,T-shirts,17,150,199,3383,833
06-11-2023,7,Running jacket,Activewear,28,420,499,13972,2212
06-11-2023,8,Belt,Accessories,15,110,159,2385,735
06-11-2023,9,Watch,Accessories,12,380,419,5028,468
06-11-2023,10,Sneakers,Footwear,14,350,449,6286,1386
07-11-2023,1,Polo shirt,Shirts,22,300,399,8778,2178
07-11-2023,2,Jeans,Pants,24,600,699,16776,2376
07-11-2023,3,Denim jacket,Outerwear,23,700,749,17227,1127
07-11-2023,4,Tuxedo, Suits,25,560,669,16725,2725
07-11-2023,5,V-neck -Sweaters,Sweaters,27,420,489,13203,1863
07-11-2023,6,Graphic T-shirt,T-shirts,20,150,199,3980,980
07-11-2023,7,Running jacket,Activewear,12,420,499,5988,948
07-11-2023,8,Belt,Accessories,19,110,159,3021,931
07-11-2023,9,Watch,Accessories,19,380,419,7961,741
07-11-2023,10,Sneakers,Footwear,25,350,449,11225,2475
08-11-2023,1,Polo shirt,Shirts,21,300,399,8379,2079
08-11-2023,2,Jeans,Pants,11,600,699,7689,1089
08-11-2023,3,Denim jacket,Outerwear,18,700,749,13482,882
08-11-2023,4,Tuxedo, Suits,12,560,669,8028,1308
08-11-2023,5,V-neck -Sweaters,Sweaters,24,420,489,11736,1656
08-11-2023,6,Graphic T-shirt,T-shirts,12,150,199,2388,588
08-11-2023,7,Running jacket,Activewear,28,420,499,13972,2212
08-11-2023,8,Belt,Accessories,27,110,159,4293,1323
08-11-2023,9,Watch,Accessories,17,380,419,7123,663
08-11-2023,10,Sneakers,Footwear,26,350,449,11674,2574
09-11-2023,1,Polo shirt,Shirts,17,300,399,6783,1683
09-11-2023,2,Jeans,Pants,16,600,699,11184,1584
09-11-2023,3,Denim jacket,Outerwear,16,700,749,11984,784
09-11-2023,4,Tuxedo, Suits,12,560,669,8028,1308
09-11-2023,5,V-neck -Sweaters,Sweaters,10,420,489,4890,690
09-11-2023,6,Graphic T-shirt,T-shirts,13,150,199,2587,637
09-11-2023,7,Running jacket,Activewear,14,420,499,6986,1106
09-11-2023,8,Belt,Accessories,10,110,159,1590,490
09-11-2023,9,Watch,Accessories,24,380,419,10056,936
09-11-2023,10,Sneakers,Footwear,14,350,449,6286,1386
10-11-2023,1,Polo shirt,Shirts,22,300,399,8778,2178
10-11-2023,2,Jeans,Pants,17,600,699,11883,1683
10-11-2023,3,Denim jacket,Outerwear,17,700,749,12733,833
10-11-2023,4,Tuxedo, Suits,14,560,669,9366,1526
10-11-2023,5,V-neck -Sweaters,Sweaters,18,420,489,8802,1242
10-11-2023,6,Graphic T-shirt,T-shirts,10,150,199,1990,490
10-11-2023,7,Running jacket,Activewear,13,420,499,6487,1027
10-11-2023,8,Belt,Accessories,12,110,159,1908,588
10-11-2023,9,Watch,Accessories,11,380,419,4609,429
10-11-2023,10,Sneakers,Footwear,17,350,449,7633,1683
11-11-2023,1,Polo shirt,Shirts,18,300,399,7182,1782
11-11-2023,2,Jeans,Pants,11,600,699,7689,1089
11-11-2023,3,Denim jacket,Outerwear,23,700,749,17227,1127
11-11-2023,4,Tuxedo, Suits,23,560,669,15387,2507
11-11-2023,5,V-neck -Sweaters,Sweaters,13,420,489,6357,897
11-11-2023,6,Graphic T-shirt,T-shirts,15,150,199,2985,735
11-11-2023,7,Running jacket,Activewear,20,420,499,9980,1580
11-11-2023,8,Belt,Accessories,12,110,159,1908,588
11-11-2023,9,Watch,Accessories,17,380,419,7123,663
11-11-2023,10,Sneakers,Footwear,12,350,449,5388,1188
12-11-2023,1,Polo shirt,Shirts,23,300,399,9177,2277
12-11-2023,2,Jeans,Pants,22,600,699,15378,2178
12-11-2023,3,Denim jacket,Outerwear,22,700,749,16478,1078
12-11-2023,4,Tuxedo, Suits,11,560,669,7359,1199
12-11-2023,5,V-neck -Sweaters,Sweaters,22,420,489,10758,1518
12-11-2023,6,Graphic T-shirt,T-shirts,28,150,199,5572,1372
12-11-2023,7,Running jacket,Activewear,15,420,499,7485,1185
12-11-2023,8,Belt,Accessories,25,110,159,3975,1225
12-11-2023,9,Watch,Accessories,11,380,419,4609,429
12-11-2023,10,Sneakers,Footwear,17,350,449,7633,1683
13-11-2023,1,Polo shirt,Shirts,26,300,399,10374,2574
13-11-2023,2,Jeans,Pants,11,600,699,7689,1089
13-11-2023,3,Denim jacket,Outerwear,19,700,749,14231,931
13-11-2023,4,Tuxedo, Suits,25,560,669,16725,2725
13-11-2023,5,V-neck -Sweaters,Sweaters,15,420,489,7335,1035
13-11-2023,6,Graphic T-shirt,T-shirts,11,150,199,2189,539
13-11-2023,7,Running jacket,Activewear,11,420,499,5489,869
13-11-2023,8,Belt,Accessories,22,110,159,3498,1078
13-11-2023,9,Watch,Accessories,24,380,419,10056,936
13-11-2023,10,Sneakers,Footwear,11,350,449,4939,1089
14-11-2023,1,Polo shirt,Shirts,16,300,399,6384,1584
14-11-2023,2,Jeans,Pants,12,600,699,8388,1188
14-11-2023,3,Denim jacket,Outerwear,17,700,749,12733,833
14-11-2023,4,Tuxedo, Suits,23,560,669,15387,2507
14-11-2023,5,V-neck -Sweaters,Sweaters,16,420,489,7824,1104
14-11-2023,6,Graphic T-shirt,T-shirts,16,150,199,3184,784
14-11-2023,7,Running jacket,Activewear,10,420,499,4990,790
14-11-2023,8,Belt,Accessories,26,110,159,4134,1274
14-11-2023,9,Watch,Accessories,18,380,419,7542,702
14-11-2023,10,Sneakers,Footwear,22,350,449,9878,2178
15-11-2023,1,Polo shirt,Shirts,28,300,399,11172,2772
15-11-2023,2,Jeans,Pants,28,600,699,19572,2772
15-11-2023,3,Denim jacket,Outerwear,26,700,749,19474,1274
15-11-2023,4,Tuxedo, Suits,19,560,669,12711,2071
15-11-2023,5,V-neck -Sweaters,Sweaters,19,420,489,9291,1311
15-11-2023,6,Graphic T-shirt,T-shirts,13,150,199,2587,637
15-11-2023,7,Running jacket,Activewear,17,420,499,8483,1343
15-11-2023,8,Belt,Accessories,29,110,159,4611,1421
15-11-2023,9,Watch,Accessories,29,380,419,12151,1131
15-11-2023,10,Sneakers,Footwear,27,350,449,12123,2673
16-11-2023,1,Polo shirt,Shirts,23,300,399,9177,2277
16-11-2023,2,Jeans,Pants,27,600,699,18873,2673
16-11-2023,3,Denim jacket,Outerwear,23,700,749,17227,1127
16-11-2023,4,Tuxedo, Suits,29,560,669,19401,3161
16-11-2023,5,V-neck -Sweaters,Sweaters,24,420,489,11736,1656
16-11-2023,6,Graphic T-shirt,T-shirts,13,150,199,2587,637
16-11-2023,7,Running jacket,Activewear,22,420,499,10978,1738
16-11-2023,8,Belt,Accessories,17,110,159,2703,833
16-11-2023,9,Watch,Accessories,27,380,419,11313,1053
16-11-2023,10,Sneakers,Footwear,21,350,449,9429,2079
17-11-2023,1,Polo shirt,Shirts,23,300,399,9177,2277
17-11-2023,2,Jeans,Pants,11,600,699,7689,1089
17-11-2023,3,Denim jacket,Outerwear,27,700,749,20223,1323
17-11-2023,4,Tuxedo, Suits,11,560,669,7359,1199
17-11-2023,5,V-neck -Sweaters,Sweaters,20,420,489,9780,1380
17-11-2023,6,Graphic T-shirt,T-shirts,18,150,199,3582,882
17-11-2023,7,Running jacket,Activewear,21,420,499,10479,1659
17-11-2023,8,Belt,Accessories,26,110,159,4134,1274
17-11-2023,9,Watch,Accessories,24,380,419,10056,936
17-11-2023,10,Sneakers,Footwear,26,350,449,11674,2574
18-11-2023,1,Polo shirt,Shirts,27,300,399,10773,2673
18-11-2023,2,Jeans,Pants,15,600,699,10485,1485
18-11-2023,3,Denim jacket,Outerwear,26,700,749,19474,1274
18-11-2023,4,Tuxedo, Suits,27,560,669,18063,2943
18-11-2023,5,V-neck -Sweaters,Sweaters,17,420,489,8313,1173
18-11-2023,6,Graphic T-shirt,T-shirts,18,150,199,3582,882
18-11-2023,7,Running jacket,Activewear,15,420,499,7485,1185
18-11-2023,8,Belt,Accessories,14,110,159,2226,686
18-11-2023,9,Watch,Accessories,21,380,419,8799,819
18-11-2023,10,Sneakers,Footwear,20,350,449,8980,1980
19-11-2023,1,Polo shirt,Shirts,10,300,399,3990,990
19-11-2023,2,Jeans,Pants,20,600,699,13980,1980
19-11-2023,3,Denim jacket,Outerwear,28,700,749,20972,1372
19-11-2023,4,Tuxedo, Suits,18,560,669,12042,1962
19-11-2023,5,V-neck -Sweaters,Sweaters,11,420,489,5379,759
19-11-2023,6,Graphic T-shirt,T-shirts,21,150,199,4179,1029
19-11-2023,7,Running jacket,Activewear,13,420,499,6487,1027
19-11-2023,8,Belt,Accessories,13,110,159,2067,637
19-11-2023,9,Watch,Accessories,27,380,419,11313,1053
19-11-2023,10,Sneakers,Footwear,24,350,449,10776,2376
20-11-2023,1,Polo shirt,Shirts,28,300,399,11172,2772
20-11-2023,2,Jeans,Pants,22,600,699,15378,2178
20-11-2023,3,Denim jacket,Outerwear,28,700,749,20972,1372
20-11-2023,4,Tuxedo, Suits,26,560,669,17394,2834
20-11-2023,5,V-neck -Sweaters,Sweaters,15,420,489,7335,1035
20-11-2023,6,Graphic T-shirt,T-shirts,25,150,199,4975,1225
20-11-2023,7,Running jacket,Activewear,21,420,499,10479,1659
20-11-2023,8,Belt,Accessories,28,110,159,4452,1372
20-11-2023,9,Watch,Accessories,14,380,419,5866,546
20-11-2023,10,Sneakers,Footwear,26,350,449,11674,2574
21-11-2023,1,Polo shirt,Shirts,10,300,399,3990,990
21-11-2023,2,Jeans,Pants,19,600,699,13281,1881
21-11-2023,3,Denim jacket,Outerwear,24,700,749,17976,1176
21-11-2023,4,Tuxedo, Suits,20,560,669,13380,2180
21-11-2023,5,V-neck -Sweaters,Sweaters,22,420,489,10758,1518
21-11-2023,6,Graphic T-shirt,T-shirts,14,150,199,2786,686
21-11-2023,7,Running jacket,Activewear,10,420,499,4990,790
21-11-2023,8,Belt,Accessories,21,110,159,3339,1029
21-11-2023,9,Watch,Accessories,20,380,419,8380,780
21-11-2023,10,Sneakers,Footwear,26,350,449,11674,2574
22-11-2023,1,Polo shirt,Shirts,13,300,399,5187,1287
22-11-2023,2,Jeans,Pants,24,600,699,16776,2376
22-11-2023,3,Denim jacket,Outerwear,18,700,749,13482,882
22-11-2023,4,Tuxedo, Suits,29,560,669,19401,3161
22-11-2023,5,V-neck -Sweaters,Sweaters,28,420,489,13692,1932
22-11-2023,6,Graphic T-shirt,T-shirts,28,150,199,5572,1372
22-11-2023,7,Running jacket,Activewear,21,420,499,10479,1659
22-11-2023,8,Belt,Accessories,14,110,159,2226,686
22-11-2023,9,Watch,Accessories,19,380,419,7961,741
22-11-2023,10,Sneakers,Footwear,26,350,449,11674,2574
23-11-2023,1,Polo shirt,Shirts,14,300,399,5586,1386
23-11-2023,2,Jeans,Pants,25,600,699,17475,2475
23-11-2023,3,Denim jacket,Outerwear,16,700,749,11984,784
23-11-2023,4,Tuxedo, Suits,18,560,669,12042,1962
23-11-2023,5,V-neck -Sweaters,Sweaters,12,420,489,5868,828
23-11-2023,6,Graphic T-shirt,T-shirts,24,150,199,4776,1176
23-11-2023,7,Running jacket,Activewear,25,420,499,12475,1975
23-11-2023,8,Belt,Accessories,27,110,159,4293,1323
23-11-2023,9,Watch,Accessories,23,380,419,9637,897
23-11-2023,10,Sneakers,Footwear,12,350,449,5388,1188
24-11-2023,1,Polo shirt,Shirts,21,300,399,8379,2079
24-11-2023,2,Jeans,Pants,18,600,699,12582,1782
24-11-2023,3,Denim jacket,Outerwear,16,700,749,11984,784
24-11-2023,4,Tuxedo, Suits,18,560,669,12042,1962
24-11-2023,5,V-neck -Sweaters,Sweaters,22,420,489,10758,1518
24-11-2023,6,Graphic T-shirt,T-shirts,27,150,199,5373,1323
24-11-2023,7,Running jacket,Activewear,14,420,499,6986,1106
24-11-2023,8,Belt,Accessories,22,110,159,3498,1078
24-11-2023,9,Watch,Accessories,13,380,419,5447,507
24-11-2023,10,Sneakers,Footwear,11,350,449,4939,1089
25-11-2023,1,Polo shirt,Shirts,25,300,399,9975,2475
25-11-2023,2,Jeans,Pants,18,600,699,12582,1782
25-11-2023,3,Denim jacket,Outerwear,18,700,749,13482,882
25-11-2023,4,Tuxedo, Suits,15,560,669,10035,1635
25-11-2023,5,V-neck -Sweaters,Sweaters,20,420,489,9780,1380
25-11-2023,6,Graphic T-shirt,T-shirts,10,150,199,1990,490
25-11-2023,7,Running jacket,Activewear,13,420,499,6487,1027
25-11-2023,8,Belt,Accessories,22,110,159,3498,1078
25-11-2023,9,Watch,Accessories,22,380,419,9218,858
25-11-2023,10,Sneakers,Footwear,22,350,449,9878,2178
26-11-2023,1,Polo shirt,Shirts,11,300,399,4389,1089
26-11-2023,2,Jeans,Pants,18,600,699,12582,1782
26-11-2023,3,Denim jacket,Outerwear,17,700,749,12733,833
26-11-2023,4,Tuxedo, Suits,16,560,669,10704,1744
26-11-2023,5,V-neck -Sweaters,Sweaters,13,420,489,6357,897
26-11-2023,6,Graphic T-shirt,T-shirts,27,150,199,5373,1323
26-11-2023,7,Running jacket,Activewear,12,420,499,5988,948
26-11-2023,8,Belt,Accessories,15,110,159,2385,735
26-11-2023,9,Watch,Accessories,21,380,419,8799,819
26-11-2023,10,Sneakers,Footwear,21,350,449,9429,2079
27-11-2023,1,Polo shirt,Shirts,17,300,399,6783,1683
27-11-2023,2,Jeans,Pants,10,600,699,6990,990
27-11-2023,3,Denim jacket,Outerwear,13,700,749,9737,637
27-11-2023,4,Tuxedo, Suits,20,560,669,13380,2180
27-11-2023,5,V-neck -Sweaters,Sweaters,12,420,489,5868,828
27-11-2023,6,Graphic T-shirt,T-shirts,22,150,199,4378,1078
27-11-2023,7,Running jacket,Activewear,26,420,499,12974,2054
27-11-2023,8,Belt,Accessories,19,110,159,3021,931
27-11-2023,9,Watch,Accessories,21,380,419,8799,819
27-11-2023,10,Sneakers,Footwear,24,350,449,10776,2376
28-11-2023,1,Polo shirt,Shirts,19,300,399,7581,1881
28-11-2023,2,Jeans,Pants,23,600,699,16077,2277
28-11-2023,3,Denim jacket,Outerwear,22,700,749,16478,1078
28-11-2023,4,Tuxedo, Suits,14,560,669,9366,1526
28-11-2023,5,V-neck -Sweaters,Sweaters,15,420,489,7335,1035
28-11-2023,6,Graphic T-shirt,T-shirts,11,150,199,2189,539
28-11-2023,7,Running jacket,Activewear,26,420,499,12974,2054
28-11-2023,8,Belt,Accessories,13,110,159,2067,637
28-11-2023,9,Watch,Accessories,23,380,419,9637,897
28-11-2023,10,Sneakers,Footwear,19,350,449,8531,1881
29-11-2023,1,Polo shirt,Shirts,12,300,399,4788,1188
29-11-2023,2,Jeans,Pants,12,600,699,8388,1188
29-11-2023,3,Denim jacket,Outerwear,24,700,749,17976,1176
29-11-2023,4,Tuxedo, Suits,15,560,669,10035,1635
29-11-2023,5,V-neck -Sweaters,Sweaters,26,420,489,12714,1794
29-11-2023,6,Graphic T-shirt,T-shirts,21,150,199,4179,1029
29-11-2023,7,Running jacket,Activewear,29,420,499,14471,2291
29-11-2023,8,Belt,Accessories,20,110,159,3180,980
29-11-2023,9,Watch,Accessories,13,380,419,5447,507
29-11-2023,10,Sneakers,Footwear,15,350,449,6735,1485
30-11-2023,1,Polo shirt,Shirts,10,300,399,3990,990
30-11-2023,2,Jeans,Pants,29,600,699,20271,2871
30-11-2023,3,Denim jacket,Outerwear,25,700,749,18725,1225
30-11-2023,4,Tuxedo, Suits,24,560,669,16056,2616
30-11-2023,5,V-neck -Sweaters,Sweaters,26,420,489,12714,1794
30-11-2023,6,Graphic T-shirt,T-shirts,17,150,199,3383,833
30-11-2023,7,Running jacket,Activewear,21,420,499,10479,1659
30-11-2023,8,Belt,Accessories,19,110,159,3021,931
30-11-2023,9,Watch,Accessories,24,380,419,10056,936
30-11-2023,10,Sneakers,Footwear,18,350,449,8082,1782
01-12-2023,1,Polo shirt,Shirts,11,300,399,4389,1089
01-12-2023,2,Jeans,Pants,14,600,699,9786,1386
01-12-2023,3,Denim jacket,Outerwear,15,700,749,11235,735
01-12-2023,4,Tuxedo, Suits,16,560,669,10704,1744
01-12-2023,5,V-neck -Sweaters,Sweaters,10,420,489,4890,690
01-12-2023,6,Graphic T-shirt,T-shirts,16,150,199,3184,784
01-12-2023,7,Running jacket,Activewear,29,420,499,14471,2291
01-12-2023,8,Belt,Accessories,21,110,159,3339,1029
01-12-2023,9,Watch,Accessories,25,380,419,10475,975
01-12-2023,10,Sneakers,Footwear,25,350,449,11225,2475
02-12-2023,1,Polo shirt,Shirts,20,300,399,7980,1980
02-12-2023,2,Jeans,Pants,13,600,699,9087,1287
02-12-2023,3,Denim jacket,Outerwear,22,700,749,16478,1078
02-12-2023,4,Tuxedo, Suits,16,560,669,10704,1744
02-12-2023,5,V-neck -Sweaters,Sweaters,13,420,489,6357,897
02-12-2023,6,Graphic T-shirt,T-shirts,24,150,199,4776,1176
02-12-2023,7,Running jacket,Activewear,28,420,499,13972,2212
02-12-2023,8,Belt,Accessories,18,110,159,2862,882
02-12-2023,9,Watch,Accessories,20,380,419,8380,780
02-12-2023,10,Sneakers,Footwear,17,350,449,7633,1683
03-12-2023,1,Polo shirt,Shirts,10,300,399,3990,990
03-12-2023,2,Jeans,Pants,17,600,699,11883,1683
03-12-2023,3,Denim jacket,Outerwear,22,700,749,16478,1078
03-12-2023,4,Tuxedo, Suits,13,560,669,8697,1417
03-12-2023,5,V-neck -Sweaters,Sweaters,17,420,489,8313,1173
03-12-2023,6,Graphic T-shirt,T-shirts,12,150,199,2388,588
03-12-2023,7,Running jacket,Activewear,18,420,499,8982,1422
03-12-2023,8,Belt,Accessories,11,110,159,1749,539
03-12-2023,9,Watch,Accessories,11,380,419,4609,429
03-12-2023,10,Sneakers,Footwear,22,350,449,9878,2178
04-12-2023,1,Polo shirt,Shirts,24,300,399,9576,2376
04-12-2023,2,Jeans,Pants,21,600,699,14679,2079
04-12-2023,3,Denim jacket,Outerwear,13,700,749,9737,637
04-12-2023,4,Tuxedo, Suits,17,560,669,11373,1853
04-12-2023,5,V-neck -Sweaters,Sweaters,18,420,489,8802,1242
04-12-2023,6,Graphic T-shirt,T-shirts,14,150,199,2786,686
04-12-2023,7,Running jacket,Activewear,29,420,499,14471,2291
04-12-2023,8,Belt,Accessories,27,110,159,4293,1323
04-12-2023,9,Watch,Accessories,20,380,419,8380,780
04-12-2023,10,Sneakers,Footwear,24,350,449,10776,2376
05-12-2023,1,Polo shirt,Shirts,18,300,399,7182,1782
05-12-2023,2,Jeans,Pants,26,600,699,18174,2574
05-12-2023,3,Denim jacket,Outerwear,21,700,749,15729,1029
05-12-2023,4,Tuxedo, Suits,16,560,669,10704,1744
05-12-2023,5,V-neck -Sweaters,Sweaters,19,420,489,9291,1311
05-12-2023,6,Graphic T-shirt,T-shirts,19,150,199,3781,931
05-12-2023,7,Running jacket,Activewear,22,420,499,10978,1738
05-12-2023,8,Belt,Accessories,28,110,159,4452,1372
05-12-2023,9,Watch,Accessories,20,380,419,8380,780
05-12-2023,10,Sneakers,Footwear,22,350,449,9878,2178
06-12-2023,1,Polo shirt,Shirts,17,300,399,6783,1683
06-12-2023,2,Jeans,Pants,17,600,699,11883,1683
06-12-2023,3,Denim jacket,Outerwear,13,700,749,9737,637
06-12-2023,4,Tuxedo, Suits,24,560,669,16056,2616
06-12-2023,5,V-neck -Sweaters,Sweaters,20,420,489,9780,1380
06-12-2023,6,Graphic T-shirt,T-shirts,20,150,199,3980,980
06-12-2023,7,Running jacket,Activewear,10,420,499,4990,790
06-12-2023,8,Belt,Accessories,26,110,159,4134,1274
06-12-2023,9,Watch,Accessories,24,380,419,10056,936
06-12-2023,10,Sneakers,Footwear,29,350,449,13021,2871
07-12-2023,1,Polo shirt,Shirts,15,300,399,5985,1485
07-12-2023,2,Jeans,Pants,24,600,699,16776,2376
07-12-2023,3,Denim jacket,Outerwear,18,700,749,13482,882
07-12-2023,4,Tuxedo, Suits,23,560,669,15387,2507
07-12-2023,5,V-neck -Sweaters,Sweaters,27,420,489,13203,1863
07-12-2023,6,Graphic T-shirt,T-shirts,26,150,199,5174,1274
07-12-2023,7,Running jacket,Activewear,27,420,499,13473,2133
07-12-2023,8,Belt,Accessories,14,110,159,2226,686
07-12-2023,9,Watch,Accessories,29,380,419,12151,1131
07-12-2023,10,Sneakers,Footwear,29,350,449,13021,2871
08-12-2023,1,Polo shirt,Shirts,18,300,399,7182,1782
08-12-2023,2,Jeans,Pants,20,600,699,13980,1980
08-12-2023,3,Denim jacket,Outerwear,10,700,749,7490,490
08-12-2023,4,Tuxedo, Suits,27,560,669,18063,2943
08-12-2023,5,V-neck -Sweaters,Sweaters,15,420,489,7335,1035
08-12-2023,6,Graphic T-shirt,T-shirts,11,150,199,2189,539
08-12-2023,7,Running jacket,Activewear,24,420,499,11976,1896
08-12-2023,8,Belt,Accessories,23,110,159,3657,1127
08-12-2023,9,Watch,Accessories,14,380,419,5866,546
08-12-2023,10,Sneakers,Footwear,15,350,449,6735,1485
09-12-2023,1,Polo shirt,Shirts,15,300,399,5985,1485
09-12-2023,2,Jeans,Pants,27,600,699,18873,2673
09-12-2023,3,Denim jacket,Outerwear,23,700,749,17227,1127
09-12-2023,4,Tuxedo, Suits,19,560,669,12711,2071
09-12-2023,5,V-neck -Sweaters,Sweaters,23,420,489,11247,1587
09-12-2023,6,Graphic T-shirt,T-shirts,22,150,199,4378,1078
09-12-2023,7,Running jacket,Activewear,12,420,499,5988,948
09-12-2023,8,Belt,Accessories,15,110,159,2385,735
09-12-2023,9,Watch,Accessories,17,380,419,7123,663
09-12-2023,10,Sneakers,Footwear,21,350,449,9429,2079
10-12-2023,1,Polo shirt,Shirts,22,300,399,8778,2178
10-12-2023,2,Jeans,Pants,20,600,699,13980,1980
10-12-2023,3,Denim jacket,Outerwear,21,700,749,15729,1029
10-12-2023,4,Tuxedo, Suits,10,560,669,6690,1090
10-12-2023,5,V-neck -Sweaters,Sweaters,26,420,489,12714,1794
10-12-2023,6,Graphic T-shirt,T-shirts,25,150,199,4975,1225
10-12-2023,7,Running jacket,Activewear,20,420,499,9980,1580
10-12-2023,8,Belt,Accessories,22,110,159,3498,1078
10-12-2023,9,Watch,Accessories,27,380,419,11313,1053
10-12-2023,10,Sneakers,Footwear,20,350,449,8980,1980
11-12-2023,1,Polo shirt,Shirts,21,300,399,8379,2079
11-12-2023,2,Jeans,Pants,15,600,699,10485,1485
11-12-2023,3,Denim jacket,Outerwear,18,700,749,13482,882
11-12-2023,4,Tuxedo, Suits,25,560,669,16725,2725
11-12-2023,5,V-neck -Sweaters,Sweaters,13,420,489,6357,897
11-12-2023,6,Graphic T-shirt,T-shirts,12,150,199,2388,588
11-12-2023,7,Running jacket,Activewear,25,420,499,12475,1975
11-12-2023,8,Belt,Accessories,21,110,159,3339,1029
11-12-2023,9,Watch,Accessories,20,380,419,8380,780
11-12-2023,10,Sneakers,Footwear,14,350,449,6286,1386
12-12-2023,1,Polo shirt,Shirts,27,300,399,10773,2673
12-12-2023,2,Jeans,Pants,28,600,699,19572,2772
12-12-2023,3,Denim jacket,Outerwear,15,700,749,11235,735
12-12-2023,4,Tuxedo, Suits,27,560,669,18063,2943
12-12-2023,5,V-neck -Sweaters,Sweaters,15,420,489,7335,1035
12-12-2023,6,Graphic T-shirt,T-shirts,13,150,199,2587,637
12-12-2023,7,Running jacket,Activewear,21,420,499,10479,1659
12-12-2023,8,Belt,Accessories,28,110,159,4452,1372
12-12-2023,9,Watch,Accessories,11,380,419,4609,429
12-12-2023,10,Sneakers,Footwear,26,350,449,11674,2574
13-12-2023,1,Polo shirt,Shirts,20,300,399,7980,1980
13-12-2023,2,Jeans,Pants,20,600,699,13980,1980
13-12-2023,3,Denim jacket,Outerwear,25,700,749,18725,1225
13-12-2023,4,Tuxedo, Suits,11,560,669,7359,1199
13-12-2023,5,V-neck -Sweaters,Sweaters,11,420,489,5379,759
13-12-2023,6,Graphic T-shirt,T-shirts,17,150,199,3383,833
13-12-2023,7,Running jacket,Activewear,22,420,499,10978,1738
13-12-2023,8,Belt,Accessories,19,110,159,3021,931
13-12-2023,9,Watch,Accessories,17,380,419,7123,663
13-12-2023,10,Sneakers,Footwear,13,350,449,5837,1287
14-12-2023,1,Polo shirt,Shirts,24,300,399,9576,2376
14-12-2023,2,Jeans,Pants,10,600,699,6990,990
14-12-2023,3,Denim jacket,Outerwear,20,700,749,14980,980
14-12-2023,4,Tuxedo, Suits,16,560,669,10704,1744
14-12-2023,5,V-neck -Sweaters,Sweaters,26,420,489,12714,1794
14-12-2023,6,Graphic T-shirt,T-shirts,29,150,199,5771,1421
14-12-2023,7,Running jacket,Activewear,27,420,499,13473,2133
14-12-2023,8,Belt,Accessories,21,110,159,3339,1029
14-12-2023,9,Watch,Accessories,18,380,419,7542,702
14-12-2023,10,Sneakers,Footwear,14,350,449,6286,1386
15-12-2023,1,Polo shirt,Shirts,19,300,399,7581,1881
15-12-2023,2,Jeans,Pants,13,600,699,9087,1287
15-12-2023,3,Denim jacket,Outerwear,14,700,749,10486,686
15-12-2023,4,Tuxedo, Suits,19,560,669,12711,2071
15-12-2023,5,V-neck -Sweaters,Sweaters,20,420,489,9780,1380
15-12-2023,6,Graphic T-shirt,T-shirts,19,150,199,3781,931
15-12-2023,7,Running jacket,Activewear,17,420,499,8483,1343
15-12-2023,8,Belt,Accessories,11,110,159,1749,539
15-12-2023,9,Watch,Accessories,17,380,419,7123,663
15-12-2023,10,Sneakers,Footwear,25,350,449,11225,2475
16-12-2023,1,Polo shirt,Shirts,14,300,399,5586,1386
16-12-2023,2,Jeans,Pants,12,600,699,8388,1188
16-12-2023,3,Denim jacket,Outerwear,21,700,749,15729,1029
16-12-2023,4,Tuxedo, Suits,22,560,669,14718,2398
16-12-2023,5,V-neck -Sweaters,Sweaters,22,420,489,10758,1518
16-12-2023,6,Graphic T-shirt,T-shirts,19,150,199,3781,931
16-12-2023,7,Running jacket,Activewear,13,420,499,6487,1027
16-12-2023,8,Belt,Accessories,18,110,159,2862,882
16-12-2023,9,Watch,Accessories,11,380,419,4609,429
16-12-2023,10,Sneakers,Footwear,28,350,449,12572,2772
17-12-2023,1,Polo shirt,Shirts,10,300,399,3990,990
17-12-2023,2,Jeans,Pants,16,600,699,11184,1584
17-12-2023,3,Denim jacket,Outerwear,26,700,749,19474,1274
17-12-2023,4,Tuxedo, Suits,12,560,669,8028,1308
17-12-2023,5,V-neck -Sweaters,Sweaters,29,420,489,14181,2001
17-12-2023,6,Graphic T-shirt,T-shirts,29,150,199,5771,1421
17-12-2023,7,Running jacket,Activewear,12,420,499,5988,948
17-12-2023,8,Belt,Accessories,12,110,159,1908,588
17-12-2023,9,Watch,Accessories,26,380,419,10894,1014
17-12-2023,10,Sneakers,Footwear,16,350,449,7184,1584
18-12-2023,1,Polo shirt,Shirts,23,300,399,9177,2277
18-12-2023,2,Jeans,Pants,26,600,699,18174,2574
18-12-2023,3,Denim jacket,Outerwear,27,700,749,20223,1323
18-12-2023,4,Tuxedo, Suits,22,560,669,14718,2398
18-12-2023,5,V-neck -Sweaters,Sweaters,29,420,489,14181,2001
18-12-2023,6,Graphic T-shirt,T-shirts,29,150,199,5771,1421
18-12-2023,7,Running jacket,Activewear,27,420,499,13473,2133
18-12-2023,8,Belt,Accessories,13,110,159,2067,637
18-12-2023,9,Watch,Accessories,10,380,419,4190,390
18-12-2023,10,Sneakers,Footwear,27,350,449,12123,2673
19-12-2023,1,Polo shirt,Shirts,10,300,399,3990,990
19-12-2023,2,Jeans,Pants,22,600,699,15378,2178
19-12-2023,3,Denim jacket,Outerwear,29,700,749,21721,1421
19-12-2023,4,Tuxedo, Suits,29,560,669,19401,3161
19-12-2023,5,V-neck -Sweaters,Sweaters,19,420,489,9291,1311
19-12-2023,6,Graphic T-shirt,T-shirts,20,150,199,3980,980
19-12-2023,7,Running jacket,Activewear,18,420,499,8982,1422
19-12-2023,8,Belt,Accessories,18,110,159,2862,882
19-12-2023,9,Watch,Accessories,14,380,419,5866,546
19-12-2023,10,Sneakers,Footwear,10,350,449,4490,990
20-12-2023,1,Polo shirt,Shirts,26,300,399,10374,2574
20-12-2023,2,Jeans,Pants,11,600,699,7689,1089
20-12-2023,3,Denim jacket,Outerwear,22,700,749,16478,1078
20-12-2023,4,Tuxedo, Suits,18,560,669,12042,1962
20-12-2023,5,V-neck -Sweaters,Sweaters,13,420,489,6357,897
20-12-2023,6,Graphic T-shirt,T-shirts,14,150,199,2786,686
20-12-2023,7,Running jacket,Activewear,20,420,499,9980,1580
20-12-2023,8,Belt,Accessories,28,110,159,4452,1372
20-12-2023,9,Watch,Accessories,12,380,419,5028,468
20-12-2023,10,Sneakers,Footwear,21,350,449,9429,2079
21-12-2023,1,Polo shirt,Shirts,28,300,399,11172,2772
21-12-2023,2,Jeans,Pants,28,600,699,19572,2772
21-12-2023,3,Denim jacket,Outerwear,22,700,749,16478,1078
21-12-2023,4,Tuxedo, Suits,16,560,669,10704,1744
21-12-2023,5,V-neck -Sweaters,Sweaters,24,420,489,11736,1656
21-12-2023,6,Graphic T-shirt,T-shirts,16,150,199,3184,784
21-12-2023,7,Running jacket,Activewear,17,420,499,8483,1343
21-12-2023,8,Belt,Accessories,14,110,159,2226,686
21-12-2023,9,Watch,Accessories,23,380,419,9637,897
21-12-2023,10,Sneakers,Footwear,13,350,449,5837,1287
22-12-2023,1,Polo shirt,Shirts,19,300,399,7581,1881
22-12-2023,2,Jeans,Pants,29,600,699,20271,2871
22-12-2023,3,Denim jacket,Outerwear,24,700,749,17976,1176
22-12-2023,4,Tuxedo, Suits,27,560,669,18063,2943
22-12-2023,5,V-neck -Sweaters,Sweaters,29,420,489,14181,2001
22-12-2023,6,Graphic T-shirt,T-shirts,22,150,199,4378,1078
22-12-2023,7,Running jacket,Activewear,17,420,499,8483,1343
22-12-2023,8,Belt,Accessories,18,110,159,2862,882
22-12-2023,9,Watch,Accessories,25,380,419,10475,975
22-12-2023,10,Sneakers,Footwear,28,350,449,12572,2772
23-12-2023,1,Polo shirt,Shirts,25,300,399,9975,2475
23-12-2023,2,Jeans,Pants,16,600,699,11184,1584
23-12-2023,3,Denim jacket,Outerwear,23,700,749,17227,1127
23-12-2023,4,Tuxedo, Suits,23,560,669,15387,2507
23-12-2023,5,V-neck -Sweaters,Sweaters,13,420,489,6357,897
23-12-2023,6,Graphic T-shirt,T-shirts,24,150,199,4776,1176
23-12-2023,7,Running jacket,Activewear,12,420,499,5988,948
23-12-2023,8,Belt,Accessories,14,110,159,2226,686
23-12-2023,9,Watch,Accessories,10,380,419,4190,390
23-12-2023,10,Sneakers,Footwear,12,350,449,5388,1188
24-12-2023,1,Polo shirt,Shirts,24,300,399,9576,2376
24-12-2023,2,Jeans,Pants,17,600,699,11883,1683
24-12-2023,3,Denim jacket,Outerwear,13,700,749,9737,637
24-12-2023,4,Tuxedo, Suits,11,560,669,7359,1199
24-12-2023,5,V-neck -Sweaters,Sweaters,19,420,489,9291,1311
24-12-2023,6,Graphic T-shirt,T-shirts,13,150,199,2587,637
24-12-2023,7,Running jacket,Activewear,12,420,499,5988,948
24-12-2023,8,Belt,Accessories,11,110,159,1749,539
24-12-2023,9,Watch,Accessories,26,380,419,10894,1014
24-12-2023,10,Sneakers,Footwear,29,350,449,13021,2871
25-12-2023,1,Polo shirt,Shirts,22,300,399,8778,2178
25-12-2023,2,Jeans,Pants,14,600,699,9786,1386
25-12-2023,3,Denim jacket,Outerwear,18,700,749,13482,882
25-12-2023,4,Tuxedo, Suits,15,560,669,10035,1635
25-12-2023,5,V-neck -Sweaters,Sweaters,14,420,489,6846,966
25-12-2023,6,Graphic T-shirt,T-shirts,19,150,199,3781,931
25-12-2023,7,Running jacket,Activewear,17,420,499,8483,1343
25-12-2023,8,Belt,Accessories,16,110,159,2544,784
25-12-2023,9,Watch,Accessories,16,380,419,6704,624
25-12-2023,10,Sneakers,Footwear,15,350,449,6735,1485
26-12-2023,1,Polo shirt,Shirts,29,300,399,11571,2871
26-12-2023,2,Jeans,Pants,12,600,699,8388,1188
26-12-2023,3,Denim jacket,Outerwear,28,700,749,20972,1372
26-12-2023,4,Tuxedo, Suits,24,560,669,16056,2616
26-12-2023,5,V-neck -Sweaters,Sweaters,13,420,489,6357,897
26-12-2023,6,Graphic T-shirt,T-shirts,21,150,199,4179,1029
26-12-2023,7,Running jacket,Activewear,15,420,499,7485,1185
26-12-2023,8,Belt,Accessories,28,110,159,4452,1372
26-12-2023,9,Watch,Accessories,13,380,419,5447,507
26-12-2023,10,Sneakers,Footwear,24,350,449,10776,2376
27-12-2023,1,Polo shirt,Shirts,18,300,399,7182,1782
27-12-2023,2,Jeans,Pants,14,600,699,9786,1386
27-12-2023,3,Denim jacket,Outerwear,22,700,749,16478,1078
27-12-2023,4,Tuxedo, Suits,27,560,669,18063,2943
27-12-2023,5,V-neck -Sweaters,Sweaters,14,420,489,6846,966
27-12-2023,6,Graphic T-shirt,T-shirts,25,150,199,4975,1225
27-12-2023,7,Running jacket,Activewear,28,420,499,13972,2212
27-12-2023,8,Belt,Accessories,23,110,159,3657,1127
27-12-2023,9,Watch,Accessories,25,380,419,10475,975
27-12-2023,10,Sneakers,Footwear,24,350,449,10776,2376
28-12-2023,1,Polo shirt,Shirts,13,300,399,5187,1287
28-12-2023,2,Jeans,Pants,16,600,699,11184,1584
28-12-2023,3,Denim jacket,Outerwear,25,700,749,18725,1225
28-12-2023,4,Tuxedo, Suits,17,560,669,11373,1853
28-12-2023,5,V-neck -Sweaters,Sweaters,26,420,489,12714,1794
28-12-2023,6,Graphic T-shirt,T-shirts,25,150,199,4975,1225
28-12-2023,7,Running jacket,Activewear,19,420,499,9481,1501
28-12-2023,8,Belt,Accessories,19,110,159,3021,931
28-12-2023,9,Watch,Accessories,11,380,419,4609,429
28-12-2023,10,Sneakers,Footwear,18,350,449,8082,1782
29-12-2023,1,Polo shirt,Shirts,26,300,399,10374,2574
29-12-2023,2,Jeans,Pants,20,600,699,13980,1980
29-12-2023,3,Denim jacket,Outerwear,19,700,749,14231,931
29-12-2023,4,Tuxedo, Suits,26,560,669,17394,2834
29-12-2023,5,V-neck -Sweaters,Sweaters,13,420,489,6357,897
29-12-2023,6,Graphic T-shirt,T-shirts,25,150,199,4975,1225
29-12-2023,7,Running jacket,Activewear,29,420,499,14471,2291
29-12-2023,8,Belt,Accessories,24,110,159,3816,1176
29-12-2023,9,Watch,Accessories,14,380,419,5866,546
29-12-2023,10,Sneakers,Footwear,15,350,449,6735,1485
30-12-2023,1,Polo shirt,Shirts,26,300,399,10374,2574
30-12-2023,2,Jeans,Pants,10,600,699,6990,990
30-12-2023,3,Denim jacket,Outerwear,28,700,749,20972,1372
30-12-2023,4,Tuxedo, Suits,13,560,669,8697,1417
30-12-2023,5,V-neck -Sweaters,Sweaters,26,420,489,12714,1794
30-12-2023,6,Graphic T-shirt,T-shirts,18,150,199,3582,882
30-12-2023,7,Running jacket,Activewear,11,420,499,5489,869
30-12-2023,8,Belt,Accessories,17,110,159,2703,833
30-12-2023,9,Watch,Accessories,24,380,419,10056,936
30-12-2023,10,Sneakers,Footwear,16,350,449,7184,1584
31-12-2023,1,Polo shirt,Shirts,15,300,399,5985,1485
31-12-2023,2,Jeans,Pants,10,600,699,6990,990
31-12-2023,3,Denim jacket,Outerwear,24,700,749,17976,1176
31-12-2023,4,Tuxedo, Suits,16,560,669,10704,1744
31-12-2023,5,V-neck -Sweaters,Sweaters,26,420,489,12714,1794
31-12-2023,6,Graphic T-shirt,T-shirts,11,150,199,2189,539
31-12-2023,7,Running jacket,Activewear,18,420,499,8982,1422
31-12-2023,8,Belt,Accessories,18,110,159,2862,882
31-12-2023,9,Watch,Accessories,22,380,419,9218,858
31-12-2023,10,Sneakers,Footwear,15,350,449,6735,1485
01-01-2024,1,Polo shirt,Shirts,15,300,399,5985,1485
01-01-2024,2,Jeans,Pants,29,600,699,20271,2871
01-01-2024,3,Denim jacket,Outerwear,29,700,749,21721,1421
01-01-2024,4,Tuxedo, Suits,12,560,669,8028,1308
01-01-2024,5,V-neck -Sweaters,Sweaters,26,420,489,12714,1794
01-01-2024,6,Graphic T-shirt,T-shirts,26,150,199,5174,1274
01-01-2024,7,Running jacket,Activewear,21,420,499,10479,1659
01-01-2024,8,Belt,Accessories,25,110,159,3975,1225
01-01-2024,9,Watch,Accessories,24,380,419,10056,936
01-01-2024,10,Sneakers,Footwear,22,350,449,9878,2178
02-01-2024,1,Polo shirt,Shirts,10,300,399,3990,990
02-01-2024,2,Jeans,Pants,26,600,699,18174,2574
02-01-2024,3,Denim jacket,Outerwear,12,700,749,8988,588
02-01-2024,4,Tuxedo, Suits,24,560,669,16056,2616
02-01-2024,5,V-neck -Sweaters,Sweaters,13,420,489,6357,897
02-01-2024,6,Graphic T-shirt,T-shirts,13,150,199,2587,637
02-01-2024,7,Running jacket,Activewear,27,420,499,13473,2133
02-01-2024,8,Belt,Accessories,26,110,159,4134,1274
02-01-2024,9,Watch,Accessories,28,380,419,11732,1092
02-01-2024,10,Sneakers,Footwear,20,350,449,8980,1980
03-01-2024,1,Polo shirt,Shirts,29,300,399,11571,2871
03-01-2024,2,Jeans,Pants,12,600,699,8388,1188
03-01-2024,3,Denim jacket,Outerwear,17,700,749,12733,833
03-01-2024,4,Tuxedo, Suits,23,560,669,15387,2507
03-01-2024,5,V-neck -Sweaters,Sweaters,10,420,489,4890,690
03-01-2024,6,Graphic T-shirt,T-shirts,23,150,199,4577,1127
03-01-2024,7,Running jacket,Activewear,11,420,499,5489,869
03-01-2024,8,Belt,Accessories,13,110,159,2067,637
03-01-2024,9,Watch,Accessories,28,380,419,11732,1092
03-01-2024,10,Sneakers,Footwear,15,350,449,6735,1485
04-01-2024,1,Polo shirt,Shirts,10,300,399,3990,990
04-01-2024,2,Jeans,Pants,26,600,699,18174,2574
04-01-2024,3,Denim jacket,Outerwear,17,700,749,12733,833
04-01-2024,4,Tuxedo, Suits,28,560,669,18732,3052
04-01-2024,5,V-neck -Sweaters,Sweaters,10,420,489,4890,690
04-01-2024,6,Graphic T-shirt,T-shirts,14,150,199,2786,686
04-01-2024,7,Running jacket,Activewear,25,420,499,12475,1975
04-01-2024,8,Belt,Accessories,15,110,159,2385,735
04-01-2024,9,Watch,Accessories,17,380,419,7123,663
04-01-2024,10,Sneakers,Footwear,22,350,449,9878,2178
05-01-2024,1,Polo shirt,Shirts,25,300,399,9975,2475
05-01-2024,2,Jeans,Pants,12,600,699,8388,1188
05-01-2024,3,Denim jacket,Outerwear,28,700,749,20972,1372
05-01-2024,4,Tuxedo, Suits,21,560,669,14049,2289
05-01-2024,5,V-neck -Sweaters,Sweaters,25,420,489,12225,1725
05-01-2024,6,Graphic T-shirt,T-shirts,20,150,199,3980,980
05-01-2024,7,Running jacket,Activewear,19,420,499,9481,1501
05-01-2024,8,Belt,Accessories,29,110,159,4611,1421
05-01-2024,9,Watch,Accessories,13,380,419,5447,507
05-01-2024,10,Sneakers,Footwear,21,350,449,9429,2079
06-01-2024,1,Polo shirt,Shirts,11,300,399,4389,1089
06-01-2024,2,Jeans,Pants,28,600,699,19572,2772
06-01-2024,3,Denim jacket,Outerwear,14,700,749,10486,686
06-01-2024,4,Tuxedo, Suits,17,560,669,11373,1853
06-01-2024,5,V-neck -Sweaters,Sweaters,16,420,489,7824,1104
06-01-2024,6,Graphic T-shirt,T-shirts,23,150,199,4577,1127
06-01-2024,7,Running jacket,Activewear,12,420,499,5988,948
06-01-2024,8,Belt,Accessories,27,110,159,4293,1323
06-01-2024,9,Watch,Accessories,25,380,419,10475,975
06-01-2024,10,Sneakers,Footwear,28,350,449,12572,2772
07-01-2024,1,Polo shirt,Shirts,28,300,399,11172,2772
07-01-2024,2,Jeans,Pants,27,600,699,18873,2673
07-01-2024,3,Denim jacket,Outerwear,29,700,749,21721,1421
07-01-2024,4,Tuxedo, Suits,25,560,669,16725,2725
07-01-2024,5,V-neck -Sweaters,Sweaters,17,420,489,8313,1173
07-01-2024,6,Graphic T-shirt,T-shirts,10,150,199,1990,490
07-01-2024,7,Running jacket,Activewear,26,420,499,12974,2054
07-01-2024,8,Belt,Accessories,21,110,159,3339,1029
07-01-2024,9,Watch,Accessories,20,380,419,8380,780
07-01-2024,10,Sneakers,Footwear,14,350,449,6286,1386
08-01-2024,1,Polo shirt,Shirts,21,300,399,8379,2079
08-01-2024,2,Jeans,Pants,26,600,699,18174,2574
08-01-2024,3,Denim jacket,Outerwear,15,700,749,11235,735
08-01-2024,4,Tuxedo, Suits,10,560,669,6690,1090
08-01-2024,5,V-neck -Sweaters,Sweaters,14,420,489,6846,966
08-01-2024,6,Graphic T-shirt,T-shirts,23,150,199,4577,1127
08-01-2024,7,Running jacket,Activewear,14,420,499,6986,1106
08-01-2024,8,Belt,Accessories,10,110,159,1590,490
08-01-2024,9,Watch,Accessories,27,380,419,11313,1053
08-01-2024,10,Sneakers,Footwear,25,350,449,11225,2475
09-01-2024,1,Polo shirt,Shirts,18,300,399,7182,1782
09-01-2024,2,Jeans,Pants,28,600,699,19572,2772
09-01-2024,3,Denim jacket,Outerwear,14,700,749,10486,686
09-01-2024,4,Tuxedo, Suits,11,560,669,7359,1199
09-01-2024,5,V-neck -Sweaters,Sweaters,24,420,489,11736,1656
09-01-2024,6,Graphic T-shirt,T-shirts,16,150,199,3184,784
09-01-2024,7,Running jacket,Activewear,13,420,499,6487,1027
09-01-2024,8,Belt,Accessories,10,110,159,1590,490
09-01-2024,9,Watch,Accessories,22,380,419,9218,858
09-01-2024,10,Sneakers,Footwear,29,350,449,13021,2871
10-01-2024,1,Polo shirt,Shirts,16,300,399,6384,1584
10-01-2024,2,Jeans,Pants,24,600,699,16776,2376
10-01-2024,3,Denim jacket,Outerwear,23,700,749,17227,1127
10-01-2024,4,Tuxedo, Suits,28,560,669,18732,3052
10-01-2024,5,V-neck -Sweaters,Sweaters,29,420,489,14181,2001
10-01-2024,6,Graphic T-shirt,T-shirts,27,150,199,5373,1323
10-01-2024,7,Running jacket,Activewear,19,420,499,9481,1501
10-01-2024,8,Belt,Accessories,18,110,159,2862,882
10-01-2024,9,Watch,Accessories,17,380,419,7123,663
10-01-2024,10,Sneakers,Footwear,19,350,449,8531,1881
11-01-2024,1,Polo shirt,Shirts,26,300,399,10374,2574
11-01-2024,2,Jeans,Pants,11,600,699,7689,1089
11-01-2024,3,Denim jacket,Outerwear,15,700,749,11235,735
11-01-2024,4,Tuxedo, Suits,14,560,669,9366,1526
11-01-2024,5,V-neck -Sweaters,Sweaters,18,420,489,8802,1242
11-01-2024,6,Graphic T-shirt,T-shirts,14,150,199,2786,686
11-01-2024,7,Running jacket,Activewear,27,420,499,13473,2133
11-01-2024,8,Belt,Accessories,29,110,159,4611,1421
11-01-2024,9,Watch,Accessories,18,380,419,7542,702
11-01-2024,10,Sneakers,Footwear,26,350,449,11674,2574
12-01-2024,1,Polo shirt,Shirts,26,300,399,10374,2574
12-01-2024,2,Jeans,Pants,21,600,699,14679,2079
12-01-2024,3,Denim jacket,Outerwear,16,700,749,11984,784
12-01-2024,4,Tuxedo, Suits,12,560,669,8028,1308
12-01-2024,5,V-neck -Sweaters,Sweaters,19,420,489,9291,1311
12-01-2024,6,Graphic T-shirt,T-shirts,11,150,199,2189,539
12-01-2024,7,Running jacket,Activewear,12,420,499,5988,948
12-01-2024,8,Belt,Accessories,25,110,159,3975,1225
12-01-2024,9,Watch,Accessories,11,380,419,4609,429
12-01-2024,10,Sneakers,Footwear,19,350,449,8531,1881
13-01-2024,1,Polo shirt,Shirts,15,300,399,5985,1485
13-01-2024,2,Jeans,Pants,20,600,699,13980,1980
13-01-2024,3,Denim jacket,Outerwear,16,700,749,11984,784
13-01-2024,4,Tuxedo, Suits,24,560,669,16056,2616
13-01-2024,5,V-neck -Sweaters,Sweaters,15,420,489,7335,1035
13-01-2024,6,Graphic T-shirt,T-shirts,29,150,199,5771,1421
13-01-2024,7,Running jacket,Activewear,18,420,499,8982,1422
13-01-2024,8,Belt,Accessories,29,110,159,4611,1421
13-01-2024,9,Watch,Accessories,21,380,419,8799,819
13-01-2024,10,Sneakers,Footwear,28,350,449,12572,2772
14-01-2024,1,Polo shirt,Shirts,29,300,399,11571,2871
14-01-2024,2,Jeans,Pants,12,600,699,8388,1188
14-01-2024,3,Denim jacket,Outerwear,24,700,749,17976,1176
14-01-2024,4,Tuxedo, Suits,11,560,669,7359,1199
14-01-2024,5,V-neck -Sweaters,Sweaters,11,420,489,5379,759
14-01-2024,6,Graphic T-shirt,T-shirts,12,150,199,2388,588
14-01-2024,7,Running jacket,Activewear,15,420,499,7485,1185
14-01-2024,8,Belt,Accessories,24,110,159,3816,1176
14-01-2024,9,Watch,Accessories,19,380,419,7961,741
14-01-2024,10,Sneakers,Footwear,18,350,449,8082,1782
15-01-2024,1,Polo shirt,Shirts,10,300,399,3990,990
15-01-2024,2,Jeans,Pants,25,600,699,17475,2475
15-01-2024,3,Denim jacket,Outerwear,15,700,749,11235,735
15-01-2024,4,Tuxedo, Suits,18,560,669,12042,1962
15-01-2024,5,V-neck -Sweaters,Sweaters,13,420,489,6357,897
15-01-2024,6,Graphic T-shirt,T-shirts,11,150,199,2189,539
15-01-2024,7,Running jacket,Activewear,13,420,499,6487,1027
15-01-2024,8,Belt,Accessories,10,110,159,1590,490
15-01-2024,9,Watch,Accessories,28,380,419,11732,1092
15-01-2024,10,Sneakers,Footwear,19,350,449,8531,1881
16-01-2024,1,Polo shirt,Shirts,24,300,399,9576,2376
16-01-2024,2,Jeans,Pants,28,600,699,19572,2772
16-01-2024,3,Denim jacket,Outerwear,25,700,749,18725,1225
16-01-2024,4,Tuxedo, Suits,13,560,669,8697,1417
16-01-2024,5,V-neck -Sweaters,Sweaters,11,420,489,5379,759
16-01-2024,6,Graphic T-shirt,T-shirts,22,150,199,4378,1078
16-01-2024,7,Running jacket,Activewear,10,420,499,4990,790
16-01-2024,8,Belt,Accessories,26,110,159,4134,1274
16-01-2024,9,Watch,Accessories,22,380,419,9218,858
16-01-2024,10,Sneakers,Footwear,13,350,449,5837,1287
17-01-2024,1,Polo shirt,Shirts,16,300,399,6384,1584
17-01-2024,2,Jeans,Pants,26,600,699,18174,2574
17-01-2024,3,Denim jacket,Outerwear,18,700,749,13482,882
17-01-2024,4,Tuxedo, Suits,13,560,669,8697,1417
17-01-2024,5,V-neck -Sweaters,Sweaters,28,420,489,13692,1932
17-01-2024,6,Graphic T-shirt,T-shirts,10,150,199,1990,490
17-01-2024,7,Running jacket,Activewear,19,420,499,9481,1501
17-01-2024,8,Belt,Accessories,13,110,159,2067,637
17-01-2024,9,Watch,Accessories,18,380,419,7542,702
17-01-2024,10,Sneakers,Footwear,22,350,449,9878,2178
18-01-2024,1,Polo shirt,Shirts,23,300,399,9177,2277
18-01-2024,2,Jeans,Pants,19,600,699,13281,1881
18-01-2024,3,Denim jacket,Outerwear,15,700,749,11235,735
18-01-2024,4,Tuxedo, Suits,25,560,669,16725,2725
18-01-2024,5,V-neck -Sweaters,Sweaters,15,420,489,7335,1035
18-01-2024,6,Graphic T-shirt,T-shirts,26,150,199,5174,1274
18-01-2024,7,Running jacket,Activewear,19,420,499,9481,1501
18-01-2024,8,Belt,Accessories,27,110,159,4293,1323
18-01-2024,9,Watch,Accessories,27,380,419,11313,1053
18-01-2024,10,Sneakers,Footwear,12,350,449,5388,1188
19-01-2024,1,Polo shirt,Shirts,29,300,399,11571,2871
19-01-2024,2,Jeans,Pants,24,600,699,16776,2376
19-01-2024,3,Denim jacket,Outerwear,24,700,749,17976,1176
19-01-2024,4,Tuxedo, Suits,13,560,669,8697,1417
19-01-2024,5,V-neck -Sweaters,Sweaters,18,420,489,8802,1242
19-01-2024,6,Graphic T-shirt,T-shirts,28,150,199,5572,1372
19-01-2024,7,Running jacket,Activewear,26,420,499,12974,2054
19-01-2024,8,Belt,Accessories,20,110,159,3180,980
19-01-2024,9,Watch,Accessories,18,380,419,7542,702
19-01-2024,10,Sneakers,Footwear,19,350,449,8531,1881
20-01-2024,1,Polo shirt,Shirts,27,300,399,10773,2673
20-01-2024,2,Jeans,Pants,29,600,699,20271,2871
20-01-2024,3,Denim jacket,Outerwear,22,700,749,16478,1078
20-01-2024,4,Tuxedo, Suits,17,560,669,11373,1853
20-01-2024,5,V-neck -Sweaters,Sweaters,16,420,489,7824,1104
20-01-2024,6,Graphic T-shirt,T-shirts,26,150,199,5174,1274
20-01-2024,7,Running jacket,Activewear,24,420,499,11976,1896
20-01-2024,8,Belt,Accessories,29,110,159,4611,1421
20-01-2024,9,Watch,Accessories,24,380,419,10056,936
20-01-2024,10,Sneakers,Footwear,10,350,449,4490,990
21-01-2024,1,Polo shirt,Shirts,23,300,399,9177,2277
21-01-2024,2,Jeans,Pants,14,600,699,9786,1386
21-01-2024,3,Denim jacket,Outerwear,20,700,749,14980,980
21-01-2024,4,Tuxedo, Suits,25,560,669,16725,2725
21-01-2024,5,V-neck -Sweaters,Sweaters,11,420,489,5379,759
21-01-2024,6,Graphic T-shirt,T-shirts,17,150,199,3383,833
21-01-2024,7,Running jacket,Activewear,20,420,499,9980,1580
21-01-2024,8,Belt,Accessories,27,110,159,4293,1323
21-01-2024,9,Watch,Accessories,12,380,419,5028,468
21-01-2024,10,Sneakers,Footwear,10,350,449,4490,990
22-01-2024,1,Polo shirt,Shirts,20,300,399,7980,1980
22-01-2024,2,Jeans,Pants,25,600,699,17475,2475
22-01-2024,3,Denim jacket,Outerwear,27,700,749,20223,1323
22-01-2024,4,Tuxedo, Suits,25,560,669,16725,2725
22-01-2024,5,V-neck -Sweaters,Sweaters,19,420,489,9291,1311
22-01-2024,6,Graphic T-shirt,T-shirts,27,150,199,5373,1323
22-01-2024,7,Running jacket,Activewear,15,420,499,7485,1185
22-01-2024,8,Belt,Accessories,28,110,159,4452,1372
22-01-2024,9,Watch,Accessories,13,380,419,5447,507
22-01-2024,10,Sneakers,Footwear,22,350,449,9878,2178
23-01-2024,1,Polo shirt,Shirts,23,300,399,9177,2277
23-01-2024,2,Jeans,Pants,12,600,699,8388,1188
23-01-2024,3,Denim jacket,Outerwear,19,700,749,14231,931
23-01-2024,4,Tuxedo, Suits,15,560,669,10035,1635
23-01-2024,5,V-neck -Sweaters,Sweaters,10,420,489,4890,690
23-01-2024,6,Graphic T-shirt,T-shirts,23,150,199,4577,1127
23-01-2024,7,Running jacket,Activewear,17,420,499,8483,1343
23-01-2024,8,Belt,Accessories,28,110,159,4452,1372
23-01-2024,9,Watch,Accessories,23,380,419,9637,897
23-01-2024,10,Sneakers,Footwear,19,350,449,8531,1881
24-01-2024,1,Polo shirt,Shirts,26,300,399,10374,2574
24-01-2024,2,Jeans,Pants,18,600,699,12582,1782
24-01-2024,3,Denim jacket,Outerwear,15,700,749,11235,735
24-01-2024,4,Tuxedo, Suits,20,560,669,13380,2180
24-01-2024,5,V-neck -Sweaters,Sweaters,16,420,489,7824,1104
24-01-2024,6,Graphic T-shirt,T-shirts,26,150,199,5174,1274
24-01-2024,7,Running jacket,Activewear,10,420,499,4990,790
24-01-2024,8,Belt,Accessories,14,110,159,2226,686
24-01-2024,9,Watch,Accessories,18,380,419,7542,702
24-01-2024,10,Sneakers,Footwear,27,350,449,12123,2673
25-01-2024,1,Polo shirt,Shirts,11,300,399,4389,1089
25-01-2024,2,Jeans,Pants,20,600,699,13980,1980
25-01-2024,3,Denim jacket,Outerwear,15,700,749,11235,735
25-01-2024,4,Tuxedo, Suits,17,560,669,11373,1853
25-01-2024,5,V-neck -Sweaters,Sweaters,13,420,489,6357,897
25-01-2024,6,Graphic T-shirt,T-shirts,27,150,199,5373,1323
25-01-2024,7,Running jacket,Activewear,20,420,499,9980,1580
25-01-2024,8,Belt,Accessories,14,110,159,2226,686
25-01-2024,9,Watch,Accessories,24,380,419,10056,936
25-01-2024,10,Sneakers,Footwear,27,350,449,12123,2673
26-01-2024,1,Polo shirt,Shirts,11,300,399,4389,1089
26-01-2024,2,Jeans,Pants,20,600,699,13980,1980
26-01-2024,3,Denim jacket,Outerwear,22,700,749,16478,1078
26-01-2024,4,Tuxedo, Suits,13,560,669,8697,1417
26-01-2024,5,V-neck -Sweaters,Sweaters,16,420,489,7824,1104
26-01-2024,6,Graphic T-shirt,T-shirts,20,150,199,3980,980
26-01-2024,7,Running jacket,Activewear,13,420,499,6487,1027
26-01-2024,8,Belt,Accessories,24,110,159,3816,1176
26-01-2024,9,Watch,Accessories,10,380,419,4190,390
26-01-2024,10,Sneakers,Footwear,12,350,449,5388,1188
27-01-2024,1,Polo shirt,Shirts,23,300,399,9177,2277
27-01-2024,2,Jeans,Pants,15,600,699,10485,1485
27-01-2024,3,Denim jacket,Outerwear,27,700,749,20223,1323
27-01-2024,4,Tuxedo, Suits,10,560,669,6690,1090
27-01-2024,5,V-neck -Sweaters,Sweaters,15,420,489,7335,1035
27-01-2024,6,Graphic T-shirt,T-shirts,15,150,199,2985,735
27-01-2024,7,Running jacket,Activewear,25,420,499,12475,1975
27-01-2024,8,Belt,Accessories,14,110,159,2226,686
27-01-2024,9,Watch,Accessories,26,380,419,10894,1014
27-01-2024,10,Sneakers,Footwear,19,350,449,8531,1881
28-01-2024,1,Polo shirt,Shirts,27,300,399,10773,2673
28-01-2024,2,Jeans,Pants,16,600,699,11184,1584
28-01-2024,3,Denim jacket,Outerwear,12,700,749,8988,588
28-01-2024,4,Tuxedo, Suits,22,560,669,14718,2398
28-01-2024,5,V-neck -Sweaters,Sweaters,24,420,489,11736,1656
28-01-2024,6,Graphic T-shirt,T-shirts,29,150,199,5771,1421
28-01-2024,7,Running jacket,Activewear,28,420,499,13972,2212
28-01-2024,8,Belt,Accessories,12,110,159,1908,588
28-01-2024,9,Watch,Accessories,13,380,419,5447,507
28-01-2024,10,Sneakers,Footwear,14,350,449,6286,1386
29-01-2024,1,Polo shirt,Shirts,10,300,399,3990,990
29-01-2024,2,Jeans,Pants,13,600,699,9087,1287
29-01-2024,3,Denim jacket,Outerwear,21,700,749,15729,1029
29-01-2024,4,Tuxedo, Suits,19,560,669,12711,2071
29-01-2024,5,V-neck -Sweaters,Sweaters,29,420,489,14181,2001
29-01-2024,6,Graphic T-shirt,T-shirts,22,150,199,4378,1078
29-01-2024,7,Running jacket,Activewear,23,420,499,11477,1817
29-01-2024,8,Belt,Accessories,14,110,159,2226,686
29-01-2024,9,Watch,Accessories,13,380,419,5447,507
29-01-2024,10,Sneakers,Footwear,23,350,449,10327,2277
30-01-2024,1,Polo shirt,Shirts,19,300,399,7581,1881
30-01-2024,2,Jeans,Pants,26,600,699,18174,2574
30-01-2024,3,Denim jacket,Outerwear,19,700,749,14231,931
30-01-2024,4,Tuxedo, Suits,16,560,669,10704,1744
30-01-2024,5,V-neck -Sweaters,Sweaters,25,420,489,12225,1725
30-01-2024,6,Graphic T-shirt,T-shirts,10,150,199,1990,490
30-01-2024,7,Running jacket,Activewear,26,420,499,12974,2054
30-01-2024,8,Belt,Accessories,18,110,159,2862,882
30-01-2024,9,Watch,Accessories,15,380,419,6285,585
30-01-2024,10,Sneakers,Footwear,28,350,449,12572,2772
31-01-2024,1,Polo shirt,Shirts,22,300,399,8778,2178
31-01-2024,2,Jeans,Pants,12,600,699,8388,1188
31-01-2024,3,Denim jacket,Outerwear,16,700,749,11984,784
31-01-2024,4,Tuxedo, Suits,18,560,669,12042,1962
31-01-2024,5,V-neck -Sweaters,Sweaters,14,420,489,6846,966
31-01-2024,6,Graphic T-shirt,T-shirts,19,150,199,3781,931
31-01-2024,7,Running jacket,Activewear,26,420,499,12974,2054
31-01-2024,8,Belt,Accessories,21,110,159,3339,1029
31-01-2024,9,Watch,Accessories,25,380,419,10475,975
31-01-2024,10,Sneakers,Footwear,12,350,449,5388,1188
