Date,Product_ID,Product_Name,Quantity_Sold,GDP,Inflation,Campaign_Active,Promotion_Active,Holiday,Special_Event,Temperature,Precipitation
01-01-2023,1,Floral Sundress,16,1640.39557,1.049958193,1,0,1,0,53.63526897,0.725537604
01-01-2023,2,Evening Gown,29,1640.39557,1.049958193,1,0,1,0,53.63526897,0.725537604
01-01-2023,3,Business Casual Dress,24,1640.39557,1.049958193,1,0,1,0,53.63526897,0.725537604
01-01-2023,4,Sequin Party Dress,20,1640.39557,1.049958193,1,0,1,0,53.63526897,0.725537604
01-01-2023,5,Summer Maxi Dress,17,1640.39557,1.049958193,1,0,1,0,53.63526897,0.725537604
01-01-2023,6,Bridal Gown,16,1640.39557,1.049958193,1,0,1,0,53.63526897,0.725537604
01-01-2023,7,Traditional Ethnic Dress,28,1640.39557,1.049958193,1,0,1,0,53.63526897,0.725537604
01-01-2023,8,Maternity Nursing Dress,20,1640.39557,1.049958193,1,0,1,0,53.63526897,0.725537604
01-01-2023,9,Sporty Athleisure Dress,20,1640.39557,1.049958193,1,0,1,0,53.63526897,0.725537604
01-01-2023,10,Customizable Dress,13,1640.39557,1.049958193,1,0,1,0,53.63526897,0.725537604
02-01-2023,1,Floral Sundress,17,1037.679417,2.878253222,1,0,,,58.63831608,0.369058614
02-01-2023,2,Evening Gown,12,1037.679417,2.878253222,1,0,,,58.63831608,0.369058614
02-01-2023,3,Business Casual Dress,11,1037.679417,2.878253222,1,0,,,58.63831608,0.369058614
02-01-2023,4,Sequin Party Dress,21,1037.679417,2.878253222,1,0,,,58.63831608,0.369058614
02-01-2023,5,Summer Maxi Dress,15,1037.679417,2.878253222,1,0,,,58.63831608,0.369058614
02-01-2023,6,Bridal Gown,11,1037.679417,2.878253222,1,0,,,58.63831608,0.369058614
02-01-2023,7,Traditional Ethnic Dress,10,1037.679417,2.878253222,1,0,,,58.63831608,0.369058614
02-01-2023,8,Maternity Nursing Dress,21,1037.679417,2.878253222,1,0,,,58.63831608,0.369058614
02-01-2023,9,Sporty Athleisure Dress,21,1037.679417,2.878253222,1,0,,,58.63831608,0.369058614
02-01-2023,10,Customizable Dress,26,1037.679417,2.878253222,1,0,,,58.63831608,0.369058614
03-01-2023,1,Floral Sundress,19,1294.859301,2.003366032,0,0,,,80.70804153,0.974427595
03-01-2023,2,Evening Gown,25,1294.859301,2.003366032,0,0,,,80.70804153,0.974427595
03-01-2023,3,Business Casual Dress,24,1294.859301,2.003366032,0,0,,,80.70804153,0.974427595
03-01-2023,4,Sequin Party Dress,24,1294.859301,2.003366032,0,0,,,80.70804153,0.974427595
03-01-2023,5,Summer Maxi Dress,28,1294.859301,2.003366032,0,0,,,80.70804153,0.974427595
03-01-2023,6,Bridal Gown,21,1294.859301,2.003366032,0,0,,,80.70804153,0.974427595
03-01-2023,7,Traditional Ethnic Dress,29,1294.859301,2.003366032,0,0,,,80.70804153,0.974427595
03-01-2023,8,Maternity Nursing Dress,12,1294.859301,2.003366032,0,0,,,80.70804153,0.974427595
03-01-2023,9,Sporty Athleisure Dress,14,1294.859301,2.003366032,0,0,,,80.70804153,0.974427595
03-01-2023,10,Customizable Dress,28,1294.859301,2.003366032,0,0,,,80.70804153,0.974427595
04-01-2023,1,Floral Sundress,16,1917.017038,4.473645871,0,0,,,70.5798662,0.442937707
04-01-2023,2,Evening Gown,18,1917.017038,4.473645871,0,0,,,70.5798662,0.442937707
04-01-2023,3,Business Casual Dress,16,1917.017038,4.473645871,0,0,,,70.5798662,0.442937707
04-01-2023,4,Sequin Party Dress,27,1917.017038,4.473645871,0,0,,,70.5798662,0.442937707
04-01-2023,5,Summer Maxi Dress,13,1917.017038,4.473645871,0,0,,,70.5798662,0.442937707
04-01-2023,6,Bridal Gown,23,1917.017038,4.473645871,0,0,,,70.5798662,0.442937707
04-01-2023,7,Traditional Ethnic Dress,27,1917.017038,4.473645871,0,0,,,70.5798662,0.442937707
04-01-2023,8,Maternity Nursing Dress,18,1917.017038,4.473645871,0,0,,,70.5798662,0.442937707
04-01-2023,9,Sporty Athleisure Dress,11,1917.017038,4.473645871,0,0,,,70.5798662,0.442937707
04-01-2023,10,Customizable Dress,29,1917.017038,4.473645871,0,0,,,70.5798662,0.442937707
05-01-2023,1,Floral Sundress,24,1017.49768,1.533169633,1,0,,,67.41113465,0.499488609
05-01-2023,2,Evening Gown,16,1017.49768,1.533169633,1,0,,,67.41113465,0.499488609
05-01-2023,3,Business Casual Dress,21,1017.49768,1.533169633,1,0,,,67.41113465,0.499488609
05-01-2023,4,Sequin Party Dress,17,1017.49768,1.533169633,1,0,,,67.41113465,0.499488609
05-01-2023,5,Summer Maxi Dress,24,1017.49768,1.533169633,1,0,,,67.41113465,0.499488609
05-01-2023,6,Bridal Gown,12,1017.49768,1.533169633,1,0,,,67.41113465,0.499488609
05-01-2023,7,Traditional Ethnic Dress,23,1017.49768,1.533169633,1,0,,,67.41113465,0.499488609
05-01-2023,8,Maternity Nursing Dress,26,1017.49768,1.533169633,1,0,,,67.41113465,0.499488609
05-01-2023,9,Sporty Athleisure Dress,13,1017.49768,1.533169633,1,0,,,67.41113465,0.499488609
05-01-2023,10,Customizable Dress,27,1017.49768,1.533169633,1,0,,,67.41113465,0.499488609
06-01-2023,1,Floral Sundress,17,1249.68079,4.264644639,0,1,,,76.84121401,0.500181215
06-01-2023,2,Evening Gown,13,1249.68079,4.264644639,0,1,,,76.84121401,0.500181215
06-01-2023,3,Business Casual Dress,11,1249.68079,4.264644639,0,1,,,76.84121401,0.500181215
06-01-2023,4,Sequin Party Dress,15,1249.68079,4.264644639,0,1,,,76.84121401,0.500181215
06-01-2023,5,Summer Maxi Dress,19,1249.68079,4.264644639,0,1,,,76.84121401,0.500181215
06-01-2023,6,Bridal Gown,13,1249.68079,4.264644639,0,1,,,76.84121401,0.500181215
06-01-2023,7,Traditional Ethnic Dress,27,1249.68079,4.264644639,0,1,,,76.84121401,0.500181215
06-01-2023,8,Maternity Nursing Dress,21,1249.68079,4.264644639,0,1,,,76.84121401,0.500181215
06-01-2023,9,Sporty Athleisure Dress,11,1249.68079,4.264644639,0,1,,,76.84121401,0.500181215
06-01-2023,10,Customizable Dress,19,1249.68079,4.264644639,0,1,,,76.84121401,0.500181215
07-01-2023,1,Floral Sundress,13,1525.787359,2.475909769,0,1,,,71.08257979,0.842924126
07-01-2023,2,Evening Gown,23,1525.787359,2.475909769,0,1,,,71.08257979,0.842924126
07-01-2023,3,Business Casual Dress,25,1525.787359,2.475909769,0,1,,,71.08257979,0.842924126
07-01-2023,4,Sequin Party Dress,24,1525.787359,2.475909769,0,1,,,71.08257979,0.842924126
07-01-2023,5,Summer Maxi Dress,17,1525.787359,2.475909769,0,1,,,71.08257979,0.842924126
07-01-2023,6,Bridal Gown,23,1525.787359,2.475909769,0,1,,,71.08257979,0.842924126
07-01-2023,7,Traditional Ethnic Dress,17,1525.787359,2.475909769,0,1,,,71.08257979,0.842924126
07-01-2023,8,Maternity Nursing Dress,25,1525.787359,2.475909769,0,1,,,71.08257979,0.842924126
07-01-2023,9,Sporty Athleisure Dress,22,1525.787359,2.475909769,0,1,,,71.08257979,0.842924126
07-01-2023,10,Customizable Dress,27,1525.787359,2.475909769,0,1,,,71.08257979,0.842924126
08-01-2023,1,Floral Sundress,24,1684.221583,3.257300805,0,0,,,74.71550127,0.574536401
08-01-2023,2,Evening Gown,22,1684.221583,3.257300805,0,0,,,74.71550127,0.574536401
08-01-2023,3,Business Casual Dress,18,1684.221583,3.257300805,0,0,,,74.71550127,0.574536401
08-01-2023,4,Sequin Party Dress,24,1684.221583,3.257300805,0,0,,,74.71550127,0.574536401
08-01-2023,5,Summer Maxi Dress,22,1684.221583,3.257300805,0,0,,,74.71550127,0.574536401
08-01-2023,6,Bridal Gown,10,1684.221583,3.257300805,0,0,,,74.71550127,0.574536401
08-01-2023,7,Traditional Ethnic Dress,16,1684.221583,3.257300805,0,0,,,74.71550127,0.574536401
08-01-2023,8,Maternity Nursing Dress,18,1684.221583,3.257300805,0,0,,,74.71550127,0.574536401
08-01-2023,9,Sporty Athleisure Dress,10,1684.221583,3.257300805,0,0,,,74.71550127,0.574536401
08-01-2023,10,Customizable Dress,21,1684.221583,3.257300805,0,0,,,74.71550127,0.574536401
09-01-2023,1,Floral Sundress,17,1700.340418,1.877272904,0,1,,,50.34693113,0.622896656
09-01-2023,2,Evening Gown,20,1700.340418,1.877272904,0,1,,,50.34693113,0.622896656
09-01-2023,3,Business Casual Dress,28,1700.340418,1.877272904,0,1,,,50.34693113,0.622896656
09-01-2023,4,Sequin Party Dress,26,1700.340418,1.877272904,0,1,,,50.34693113,0.622896656
09-01-2023,5,Summer Maxi Dress,17,1700.340418,1.877272904,0,1,,,50.34693113,0.622896656
09-01-2023,6,Bridal Gown,12,1700.340418,1.877272904,0,1,,,50.34693113,0.622896656
09-01-2023,7,Traditional Ethnic Dress,12,1700.340418,1.877272904,0,1,,,50.34693113,0.622896656
09-01-2023,8,Maternity Nursing Dress,10,1700.340418,1.877272904,0,1,,,50.34693113,0.622896656
09-01-2023,9,Sporty Athleisure Dress,14,1700.340418,1.877272904,0,1,,,50.34693113,0.622896656
09-01-2023,10,Customizable Dress,19,1700.340418,1.877272904,0,1,,,50.34693113,0.622896656
10-01-2023,1,Floral Sundress,16,1606.469567,3.663639447,0,0,,,53.4905005,0.251676251
10-01-2023,2,Evening Gown,18,1606.469567,3.663639447,0,0,,,53.4905005,0.251676251
10-01-2023,3,Business Casual Dress,16,1606.469567,3.663639447,0,0,,,53.4905005,0.251676251
10-01-2023,4,Sequin Party Dress,18,1606.469567,3.663639447,0,0,,,53.4905005,0.251676251
10-01-2023,5,Summer Maxi Dress,17,1606.469567,3.663639447,0,0,,,53.4905005,0.251676251
10-01-2023,6,Bridal Gown,21,1606.469567,3.663639447,0,0,,,53.4905005,0.251676251
10-01-2023,7,Traditional Ethnic Dress,11,1606.469567,3.663639447,0,0,,,53.4905005,0.251676251
10-01-2023,8,Maternity Nursing Dress,10,1606.469567,3.663639447,0,0,,,53.4905005,0.251676251
10-01-2023,9,Sporty Athleisure Dress,25,1606.469567,3.663639447,0,0,,,53.4905005,0.251676251
10-01-2023,10,Customizable Dress,14,1606.469567,3.663639447,0,0,,,53.4905005,0.251676251
11-01-2023,1,Floral Sundress,12,1779.315511,3.606588595,1,0,,,89.87546572,0.186445708
11-01-2023,2,Evening Gown,21,1779.315511,3.606588595,1,0,,,89.87546572,0.186445708
11-01-2023,3,Business Casual Dress,17,1779.315511,3.606588595,1,0,,,89.87546572,0.186445708
11-01-2023,4,Sequin Party Dress,12,1779.315511,3.606588595,1,0,,,89.87546572,0.186445708
11-01-2023,5,Summer Maxi Dress,10,1779.315511,3.606588595,1,0,,,89.87546572,0.186445708
11-01-2023,6,Bridal Gown,12,1779.315511,3.606588595,1,0,,,89.87546572,0.186445708
11-01-2023,7,Traditional Ethnic Dress,14,1779.315511,3.606588595,1,0,,,89.87546572,0.186445708
11-01-2023,8,Maternity Nursing Dress,24,1779.315511,3.606588595,1,0,,,89.87546572,0.186445708
11-01-2023,9,Sporty Athleisure Dress,23,1779.315511,3.606588595,1,0,,,89.87546572,0.186445708
11-01-2023,10,Customizable Dress,12,1779.315511,3.606588595,1,0,,,89.87546572,0.186445708
12-01-2023,1,Floral Sundress,10,1306.724449,4.923606081,1,0,,,59.49234939,0.397507238
12-01-2023,2,Evening Gown,14,1306.724449,4.923606081,1,0,,,59.49234939,0.397507238
12-01-2023,3,Business Casual Dress,23,1306.724449,4.923606081,1,0,,,59.49234939,0.397507238
12-01-2023,4,Sequin Party Dress,16,1306.724449,4.923606081,1,0,,,59.49234939,0.397507238
12-01-2023,5,Summer Maxi Dress,18,1306.724449,4.923606081,1,0,,,59.49234939,0.397507238
12-01-2023,6,Bridal Gown,24,1306.724449,4.923606081,1,0,,,59.49234939,0.397507238
12-01-2023,7,Traditional Ethnic Dress,24,1306.724449,4.923606081,1,0,,,59.49234939,0.397507238
12-01-2023,8,Maternity Nursing Dress,19,1306.724449,4.923606081,1,0,,,59.49234939,0.397507238
12-01-2023,9,Sporty Athleisure Dress,22,1306.724449,4.923606081,1,0,,,59.49234939,0.397507238
12-01-2023,10,Customizable Dress,28,1306.724449,4.923606081,1,0,,,59.49234939,0.397507238
13-01-2023,1,Floral Sundress,16,1119.59474,3.751231486,0,0,,,73.78836625,0.89261132
13-01-2023,2,Evening Gown,26,1119.59474,3.751231486,0,0,,,73.78836625,0.89261132
13-01-2023,3,Business Casual Dress,29,1119.59474,3.751231486,0,0,,,73.78836625,0.89261132
13-01-2023,4,Sequin Party Dress,13,1119.59474,3.751231486,0,0,,,73.78836625,0.89261132
13-01-2023,5,Summer Maxi Dress,14,1119.59474,3.751231486,0,0,,,73.78836625,0.89261132
13-01-2023,6,Bridal Gown,16,1119.59474,3.751231486,0,0,,,73.78836625,0.89261132
13-01-2023,7,Traditional Ethnic Dress,22,1119.59474,3.751231486,0,0,,,73.78836625,0.89261132
13-01-2023,8,Maternity Nursing Dress,24,1119.59474,3.751231486,0,0,,,73.78836625,0.89261132
13-01-2023,9,Sporty Athleisure Dress,20,1119.59474,3.751231486,0,0,,,73.78836625,0.89261132
13-01-2023,10,Customizable Dress,13,1119.59474,3.751231486,0,0,,,73.78836625,0.89261132
14-01-2023,1,Floral Sundress,22,1676.569232,4.544233399,1,0,,,64.79131689,0.063753412
14-01-2023,2,Evening Gown,16,1676.569232,4.544233399,1,0,,,64.79131689,0.063753412
14-01-2023,3,Business Casual Dress,28,1676.569232,4.544233399,1,0,,,64.79131689,0.063753412
14-01-2023,4,Sequin Party Dress,11,1676.569232,4.544233399,1,0,,,64.79131689,0.063753412
14-01-2023,5,Summer Maxi Dress,19,1676.569232,4.544233399,1,0,,,64.79131689,0.063753412
14-01-2023,6,Bridal Gown,22,1676.569232,4.544233399,1,0,,,64.79131689,0.063753412
14-01-2023,7,Traditional Ethnic Dress,15,1676.569232,4.544233399,1,0,,,64.79131689,0.063753412
14-01-2023,8,Maternity Nursing Dress,21,1676.569232,4.544233399,1,0,,,64.79131689,0.063753412
14-01-2023,9,Sporty Athleisure Dress,21,1676.569232,4.544233399,1,0,,,64.79131689,0.063753412
14-01-2023,10,Customizable Dress,29,1676.569232,4.544233399,1,0,,,64.79131689,0.063753412
15-01-2023,1,Floral Sundress,20,1903.941093,4.079919361,1,0,,,73.78541836,0.48162213
15-01-2023,2,Evening Gown,16,1903.941093,4.079919361,1,0,,,73.78541836,0.48162213
15-01-2023,3,Business Casual Dress,10,1903.941093,4.079919361,1,0,,,73.78541836,0.48162213
15-01-2023,4,Sequin Party Dress,10,1903.941093,4.079919361,1,0,,,73.78541836,0.48162213
15-01-2023,5,Summer Maxi Dress,29,1903.941093,4.079919361,1,0,,,73.78541836,0.48162213
15-01-2023,6,Bridal Gown,22,1903.941093,4.079919361,1,0,,,73.78541836,0.48162213
15-01-2023,7,Traditional Ethnic Dress,18,1903.941093,4.079919361,1,0,,,73.78541836,0.48162213
15-01-2023,8,Maternity Nursing Dress,12,1903.941093,4.079919361,1,0,,,73.78541836,0.48162213
15-01-2023,9,Sporty Athleisure Dress,16,1903.941093,4.079919361,1,0,,,73.78541836,0.48162213
15-01-2023,10,Customizable Dress,15,1903.941093,4.079919361,1,0,,,73.78541836,0.48162213
16-01-2023,1,Floral Sundress,17,1458.222201,4.000241147,1,1,,,87.96578126,0.782489714
16-01-2023,2,Evening Gown,18,1458.222201,4.000241147,1,1,,,87.96578126,0.782489714
16-01-2023,3,Business Casual Dress,14,1458.222201,4.000241147,1,1,,,87.96578126,0.782489714
16-01-2023,4,Sequin Party Dress,10,1458.222201,4.000241147,1,1,,,87.96578126,0.782489714
16-01-2023,5,Summer Maxi Dress,28,1458.222201,4.000241147,1,1,,,87.96578126,0.782489714
16-01-2023,6,Bridal Gown,19,1458.222201,4.000241147,1,1,,,87.96578126,0.782489714
16-01-2023,7,Traditional Ethnic Dress,21,1458.222201,4.000241147,1,1,,,87.96578126,0.782489714
16-01-2023,8,Maternity Nursing Dress,24,1458.222201,4.000241147,1,1,,,87.96578126,0.782489714
16-01-2023,9,Sporty Athleisure Dress,18,1458.222201,4.000241147,1,1,,,87.96578126,0.782489714
16-01-2023,10,Customizable Dress,29,1458.222201,4.000241147,1,1,,,87.96578126,0.782489714
17-01-2023,1,Floral Sundress,26,1304.899494,2.26659693,1,1,,,68.72102664,0.909042274
17-01-2023,2,Evening Gown,26,1304.899494,2.26659693,1,1,,,68.72102664,0.909042274
17-01-2023,3,Business Casual Dress,29,1304.899494,2.26659693,1,1,,,68.72102664,0.909042274
17-01-2023,4,Sequin Party Dress,21,1304.899494,2.26659693,1,1,,,68.72102664,0.909042274
17-01-2023,5,Summer Maxi Dress,16,1304.899494,2.26659693,1,1,,,68.72102664,0.909042274
17-01-2023,6,Bridal Gown,11,1304.899494,2.26659693,1,1,,,68.72102664,0.909042274
17-01-2023,7,Traditional Ethnic Dress,12,1304.899494,2.26659693,1,1,,,68.72102664,0.909042274
17-01-2023,8,Maternity Nursing Dress,26,1304.899494,2.26659693,1,1,,,68.72102664,0.909042274
17-01-2023,9,Sporty Athleisure Dress,14,1304.899494,2.26659693,1,1,,,68.72102664,0.909042274
17-01-2023,10,Customizable Dress,26,1304.899494,2.26659693,1,1,,,68.72102664,0.909042274
18-01-2023,1,Floral Sundress,26,1559.715105,1.858307611,1,1,,,80.69811576,0.911523307
18-01-2023,2,Evening Gown,26,1559.715105,1.858307611,1,1,,,80.69811576,0.911523307
18-01-2023,3,Business Casual Dress,11,1559.715105,1.858307611,1,1,,,80.69811576,0.911523307
18-01-2023,4,Sequin Party Dress,11,1559.715105,1.858307611,1,1,,,80.69811576,0.911523307
18-01-2023,5,Summer Maxi Dress,14,1559.715105,1.858307611,1,1,,,80.69811576,0.911523307
18-01-2023,6,Bridal Gown,10,1559.715105,1.858307611,1,1,,,80.69811576,0.911523307
18-01-2023,7,Traditional Ethnic Dress,10,1559.715105,1.858307611,1,1,,,80.69811576,0.911523307
18-01-2023,8,Maternity Nursing Dress,28,1559.715105,1.858307611,1,1,,,80.69811576,0.911523307
18-01-2023,9,Sporty Athleisure Dress,11,1559.715105,1.858307611,1,1,,,80.69811576,0.911523307
18-01-2023,10,Customizable Dress,21,1559.715105,1.858307611,1,1,,,80.69811576,0.911523307
19-01-2023,1,Floral Sundress,15,1263.948314,2.458355248,1,1,,,78.21570783,0.462503265
19-01-2023,2,Evening Gown,13,1263.948314,2.458355248,1,1,,,78.21570783,0.462503265
19-01-2023,3,Business Casual Dress,20,1263.948314,2.458355248,1,1,,,78.21570783,0.462503265
19-01-2023,4,Sequin Party Dress,26,1263.948314,2.458355248,1,1,,,78.21570783,0.462503265
19-01-2023,5,Summer Maxi Dress,15,1263.948314,2.458355248,1,1,,,78.21570783,0.462503265
19-01-2023,6,Bridal Gown,14,1263.948314,2.458355248,1,1,,,78.21570783,0.462503265
19-01-2023,7,Traditional Ethnic Dress,29,1263.948314,2.458355248,1,1,,,78.21570783,0.462503265
19-01-2023,8,Maternity Nursing Dress,11,1263.948314,2.458355248,1,1,,,78.21570783,0.462503265
19-01-2023,9,Sporty Athleisure Dress,15,1263.948314,2.458355248,1,1,,,78.21570783,0.462503265
19-01-2023,10,Customizable Dress,20,1263.948314,2.458355248,1,1,,,78.21570783,0.462503265
20-01-2023,1,Floral Sundress,25,1394.18233,1.680772981,0,1,,,52.26435549,0.726685172
20-01-2023,2,Evening Gown,25,1394.18233,1.680772981,0,1,,,52.26435549,0.726685172
20-01-2023,3,Business Casual Dress,10,1394.18233,1.680772981,0,1,,,52.26435549,0.726685172
20-01-2023,4,Sequin Party Dress,18,1394.18233,1.680772981,0,1,,,52.26435549,0.726685172
20-01-2023,5,Summer Maxi Dress,15,1394.18233,1.680772981,0,1,,,52.26435549,0.726685172
20-01-2023,6,Bridal Gown,25,1394.18233,1.680772981,0,1,,,52.26435549,0.726685172
20-01-2023,7,Traditional Ethnic Dress,12,1394.18233,1.680772981,0,1,,,52.26435549,0.726685172
20-01-2023,8,Maternity Nursing Dress,29,1394.18233,1.680772981,0,1,,,52.26435549,0.726685172
20-01-2023,9,Sporty Athleisure Dress,13,1394.18233,1.680772981,0,1,,,52.26435549,0.726685172
20-01-2023,10,Customizable Dress,28,1394.18233,1.680772981,0,1,,,52.26435549,0.726685172
21-01-2023,1,Floral Sundress,12,1852.866536,3.449144218,0,0,,,80.6615866,0.646899509
21-01-2023,2,Evening Gown,28,1852.866536,3.449144218,0,0,,,80.6615866,0.646899509
21-01-2023,3,Business Casual Dress,29,1852.866536,3.449144218,0,0,,,80.6615866,0.646899509
21-01-2023,4,Sequin Party Dress,16,1852.866536,3.449144218,0,0,,,80.6615866,0.646899509
21-01-2023,5,Summer Maxi Dress,29,1852.866536,3.449144218,0,0,,,80.6615866,0.646899509
21-01-2023,6,Bridal Gown,18,1852.866536,3.449144218,0,0,,,80.6615866,0.646899509
21-01-2023,7,Traditional Ethnic Dress,10,1852.866536,3.449144218,0,0,,,80.6615866,0.646899509
21-01-2023,8,Maternity Nursing Dress,17,1852.866536,3.449144218,0,0,,,80.6615866,0.646899509
21-01-2023,9,Sporty Athleisure Dress,16,1852.866536,3.449144218,0,0,,,80.6615866,0.646899509
21-01-2023,10,Customizable Dress,27,1852.866536,3.449144218,0,0,,,80.6615866,0.646899509
22-01-2023,1,Floral Sundress,17,1008.848898,3.760668204,1,0,,,68.99489728,0.767110421
22-01-2023,2,Evening Gown,10,1008.848898,3.760668204,1,0,,,68.99489728,0.767110421
22-01-2023,3,Business Casual Dress,20,1008.848898,3.760668204,1,0,,,68.99489728,0.767110421
22-01-2023,4,Sequin Party Dress,27,1008.848898,3.760668204,1,0,,,68.99489728,0.767110421
22-01-2023,5,Summer Maxi Dress,19,1008.848898,3.760668204,1,0,,,68.99489728,0.767110421
22-01-2023,6,Bridal Gown,12,1008.848898,3.760668204,1,0,,,68.99489728,0.767110421
22-01-2023,7,Traditional Ethnic Dress,16,1008.848898,3.760668204,1,0,,,68.99489728,0.767110421
22-01-2023,8,Maternity Nursing Dress,25,1008.848898,3.760668204,1,0,,,68.99489728,0.767110421
22-01-2023,9,Sporty Athleisure Dress,25,1008.848898,3.760668204,1,0,,,68.99489728,0.767110421
22-01-2023,10,Customizable Dress,29,1008.848898,3.760668204,1,0,,,68.99489728,0.767110421
23-01-2023,1,Floral Sundress,26,1120.087338,4.670847245,0,0,,,68.00494504,0.504884052
23-01-2023,2,Evening Gown,11,1120.087338,4.670847245,0,0,,,68.00494504,0.504884052
23-01-2023,3,Business Casual Dress,10,1120.087338,4.670847245,0,0,,,68.00494504,0.504884052
23-01-2023,4,Sequin Party Dress,25,1120.087338,4.670847245,0,0,,,68.00494504,0.504884052
23-01-2023,5,Summer Maxi Dress,21,1120.087338,4.670847245,0,0,,,68.00494504,0.504884052
23-01-2023,6,Bridal Gown,14,1120.087338,4.670847245,0,0,,,68.00494504,0.504884052
23-01-2023,7,Traditional Ethnic Dress,14,1120.087338,4.670847245,0,0,,,68.00494504,0.504884052
23-01-2023,8,Maternity Nursing Dress,18,1120.087338,4.670847245,0,0,,,68.00494504,0.504884052
23-01-2023,9,Sporty Athleisure Dress,18,1120.087338,4.670847245,0,0,,,68.00494504,0.504884052
23-01-2023,10,Customizable Dress,12,1120.087338,4.670847245,0,0,,,68.00494504,0.504884052
24-01-2023,1,Floral Sundress,28,1986.400274,1.230696786,1,0,,,82.00045537,0.448779791
24-01-2023,2,Evening Gown,25,1986.400274,1.230696786,1,0,,,82.00045537,0.448779791
24-01-2023,3,Business Casual Dress,25,1986.400274,1.230696786,1,0,,,82.00045537,0.448779791
24-01-2023,4,Sequin Party Dress,12,1986.400274,1.230696786,1,0,,,82.00045537,0.448779791
24-01-2023,5,Summer Maxi Dress,29,1986.400274,1.230696786,1,0,,,82.00045537,0.448779791
24-01-2023,6,Bridal Gown,10,1986.400274,1.230696786,1,0,,,82.00045537,0.448779791
24-01-2023,7,Traditional Ethnic Dress,29,1986.400274,1.230696786,1,0,,,82.00045537,0.448779791
24-01-2023,8,Maternity Nursing Dress,20,1986.400274,1.230696786,1,0,,,82.00045537,0.448779791
24-01-2023,9,Sporty Athleisure Dress,26,1986.400274,1.230696786,1,0,,,82.00045537,0.448779791
24-01-2023,10,Customizable Dress,17,1986.400274,1.230696786,1,0,,,82.00045537,0.448779791
25-01-2023,1,Floral Sundress,13,1859.885224,1.55738069,0,0,,,84.09961444,0.191511604
25-01-2023,2,Evening Gown,15,1859.885224,1.55738069,0,0,,,84.09961444,0.191511604
25-01-2023,3,Business Casual Dress,17,1859.885224,1.55738069,0,0,,,84.09961444,0.191511604
25-01-2023,4,Sequin Party Dress,29,1859.885224,1.55738069,0,0,,,84.09961444,0.191511604
25-01-2023,5,Summer Maxi Dress,12,1859.885224,1.55738069,0,0,,,84.09961444,0.191511604
25-01-2023,6,Bridal Gown,25,1859.885224,1.55738069,0,0,,,84.09961444,0.191511604
25-01-2023,7,Traditional Ethnic Dress,12,1859.885224,1.55738069,0,0,,,84.09961444,0.191511604
25-01-2023,8,Maternity Nursing Dress,27,1859.885224,1.55738069,0,0,,,84.09961444,0.191511604
25-01-2023,9,Sporty Athleisure Dress,23,1859.885224,1.55738069,0,0,,,84.09961444,0.191511604
25-01-2023,10,Customizable Dress,27,1859.885224,1.55738069,0,0,,,84.09961444,0.191511604
26-01-2023,1,Floral Sundress,11,1919.787607,2.605813178,1,0,,,81.50777416,0.560863071
26-01-2023,2,Evening Gown,12,1919.787607,2.605813178,1,0,,,81.50777416,0.560863071
26-01-2023,3,Business Casual Dress,25,1919.787607,2.605813178,1,0,,,81.50777416,0.560863071
26-01-2023,4,Sequin Party Dress,18,1919.787607,2.605813178,1,0,,,81.50777416,0.560863071
26-01-2023,5,Summer Maxi Dress,13,1919.787607,2.605813178,1,0,,,81.50777416,0.560863071
26-01-2023,6,Bridal Gown,10,1919.787607,2.605813178,1,0,,,81.50777416,0.560863071
26-01-2023,7,Traditional Ethnic Dress,13,1919.787607,2.605813178,1,0,,,81.50777416,0.560863071
26-01-2023,8,Maternity Nursing Dress,10,1919.787607,2.605813178,1,0,,,81.50777416,0.560863071
26-01-2023,9,Sporty Athleisure Dress,23,1919.787607,2.605813178,1,0,,,81.50777416,0.560863071
26-01-2023,10,Customizable Dress,25,1919.787607,2.605813178,1,0,,,81.50777416,0.560863071
27-01-2023,1,Floral Sundress,29,1859.694082,1.408643493,0,0,,,69.74421626,0.109740789
27-01-2023,2,Evening Gown,17,1859.694082,1.408643493,0,0,,,69.74421626,0.109740789
27-01-2023,3,Business Casual Dress,16,1859.694082,1.408643493,0,0,,,69.74421626,0.109740789
27-01-2023,4,Sequin Party Dress,12,1859.694082,1.408643493,0,0,,,69.74421626,0.109740789
27-01-2023,5,Summer Maxi Dress,26,1859.694082,1.408643493,0,0,,,69.74421626,0.109740789
27-01-2023,6,Bridal Gown,10,1859.694082,1.408643493,0,0,,,69.74421626,0.109740789
27-01-2023,7,Traditional Ethnic Dress,25,1859.694082,1.408643493,0,0,,,69.74421626,0.109740789
27-01-2023,8,Maternity Nursing Dress,21,1859.694082,1.408643493,0,0,,,69.74421626,0.109740789
27-01-2023,9,Sporty Athleisure Dress,28,1859.694082,1.408643493,0,0,,,69.74421626,0.109740789
27-01-2023,10,Customizable Dress,23,1859.694082,1.408643493,0,0,,,69.74421626,0.109740789
28-01-2023,1,Floral Sundress,15,1511.155791,2.381667192,0,1,,,71.97697984,0.217841345
28-01-2023,2,Evening Gown,15,1511.155791,2.381667192,0,1,,,71.97697984,0.217841345
28-01-2023,3,Business Casual Dress,22,1511.155791,2.381667192,0,1,,,71.97697984,0.217841345
28-01-2023,4,Sequin Party Dress,28,1511.155791,2.381667192,0,1,,,71.97697984,0.217841345
28-01-2023,5,Summer Maxi Dress,17,1511.155791,2.381667192,0,1,,,71.97697984,0.217841345
28-01-2023,6,Bridal Gown,11,1511.155791,2.381667192,0,1,,,71.97697984,0.217841345
28-01-2023,7,Traditional Ethnic Dress,10,1511.155791,2.381667192,0,1,,,71.97697984,0.217841345
28-01-2023,8,Maternity Nursing Dress,24,1511.155791,2.381667192,0,1,,,71.97697984,0.217841345
28-01-2023,9,Sporty Athleisure Dress,10,1511.155791,2.381667192,0,1,,,71.97697984,0.217841345
28-01-2023,10,Customizable Dress,14,1511.155791,2.381667192,0,1,,,71.97697984,0.217841345
29-01-2023,1,Floral Sundress,25,1603.014382,4.841691193,1,1,,,59.30914275,0.546918665
29-01-2023,2,Evening Gown,28,1603.014382,4.841691193,1,1,,,59.30914275,0.546918665
29-01-2023,3,Business Casual Dress,13,1603.014382,4.841691193,1,1,,,59.30914275,0.546918665
29-01-2023,4,Sequin Party Dress,12,1603.014382,4.841691193,1,1,,,59.30914275,0.546918665
29-01-2023,5,Summer Maxi Dress,26,1603.014382,4.841691193,1,1,,,59.30914275,0.546918665
29-01-2023,6,Bridal Gown,26,1603.014382,4.841691193,1,1,,,59.30914275,0.546918665
29-01-2023,7,Traditional Ethnic Dress,21,1603.014382,4.841691193,1,1,,,59.30914275,0.546918665
29-01-2023,8,Maternity Nursing Dress,23,1603.014382,4.841691193,1,1,,,59.30914275,0.546918665
29-01-2023,9,Sporty Athleisure Dress,15,1603.014382,4.841691193,1,1,,,59.30914275,0.546918665
29-01-2023,10,Customizable Dress,12,1603.014382,4.841691193,1,1,,,59.30914275,0.546918665
30-01-2023,1,Floral Sundress,18,1586.789672,2.100552593,1,1,,,85.87858792,0.653088134
30-01-2023,2,Evening Gown,14,1586.789672,2.100552593,1,1,,,85.87858792,0.653088134
30-01-2023,3,Business Casual Dress,26,1586.789672,2.100552593,1,1,,,85.87858792,0.653088134
30-01-2023,4,Sequin Party Dress,23,1586.789672,2.100552593,1,1,,,85.87858792,0.653088134
30-01-2023,5,Summer Maxi Dress,12,1586.789672,2.100552593,1,1,,,85.87858792,0.653088134
30-01-2023,6,Bridal Gown,10,1586.789672,2.100552593,1,1,,,85.87858792,0.653088134
30-01-2023,7,Traditional Ethnic Dress,29,1586.789672,2.100552593,1,1,,,85.87858792,0.653088134
30-01-2023,8,Maternity Nursing Dress,10,1586.789672,2.100552593,1,1,,,85.87858792,0.653088134
30-01-2023,9,Sporty Athleisure Dress,12,1586.789672,2.100552593,1,1,,,85.87858792,0.653088134
30-01-2023,10,Customizable Dress,27,1586.789672,2.100552593,1,1,,,85.87858792,0.653088134
31-01-2023,1,Floral Sundress,19,1199.030478,4.030253326,0,0,,,89.28141064,0.575290798
31-01-2023,2,Evening Gown,12,1199.030478,4.030253326,0,0,,,89.28141064,0.575290798
31-01-2023,3,Business Casual Dress,17,1199.030478,4.030253326,0,0,,,89.28141064,0.575290798
31-01-2023,4,Sequin Party Dress,23,1199.030478,4.030253326,0,0,,,89.28141064,0.575290798
31-01-2023,5,Summer Maxi Dress,27,1199.030478,4.030253326,0,0,,,89.28141064,0.575290798
31-01-2023,6,Bridal Gown,24,1199.030478,4.030253326,0,0,,,89.28141064,0.575290798
31-01-2023,7,Traditional Ethnic Dress,11,1199.030478,4.030253326,0,0,,,89.28141064,0.575290798
31-01-2023,8,Maternity Nursing Dress,19,1199.030478,4.030253326,0,0,,,89.28141064,0.575290798
31-01-2023,9,Sporty Athleisure Dress,11,1199.030478,4.030253326,0,0,,,89.28141064,0.575290798
31-01-2023,10,Customizable Dress,26,1199.030478,4.030253326,0,0,,,89.28141064,0.575290798
01-02-2023,1,Floral Sundress,17,1015.165508,1.526261883,1,1,,,72.68653767,0.552741357
01-02-2023,2,Evening Gown,10,1015.165508,1.526261883,1,1,,,72.68653767,0.552741357
01-02-2023,3,Business Casual Dress,18,1015.165508,1.526261883,1,1,,,72.68653767,0.552741357
01-02-2023,4,Sequin Party Dress,20,1015.165508,1.526261883,1,1,,,72.68653767,0.552741357
01-02-2023,5,Summer Maxi Dress,25,1015.165508,1.526261883,1,1,,,72.68653767,0.552741357
01-02-2023,6,Bridal Gown,16,1015.165508,1.526261883,1,1,,,72.68653767,0.552741357
01-02-2023,7,Traditional Ethnic Dress,19,1015.165508,1.526261883,1,1,,,72.68653767,0.552741357
01-02-2023,8,Maternity Nursing Dress,12,1015.165508,1.526261883,1,1,,,72.68653767,0.552741357
01-02-2023,9,Sporty Athleisure Dress,27,1015.165508,1.526261883,1,1,,,72.68653767,0.552741357
01-02-2023,10,Customizable Dress,22,1015.165508,1.526261883,1,1,,,72.68653767,0.552741357
02-02-2023,1,Floral Sundress,16,1847.768281,2.73645419,1,1,,,76.54952491,0.650440996
02-02-2023,2,Evening Gown,13,1847.768281,2.73645419,1,1,,,76.54952491,0.650440996
02-02-2023,3,Business Casual Dress,22,1847.768281,2.73645419,1,1,,,76.54952491,0.650440996
02-02-2023,4,Sequin Party Dress,29,1847.768281,2.73645419,1,1,,,76.54952491,0.650440996
02-02-2023,5,Summer Maxi Dress,10,1847.768281,2.73645419,1,1,,,76.54952491,0.650440996
02-02-2023,6,Bridal Gown,17,1847.768281,2.73645419,1,1,,,76.54952491,0.650440996
02-02-2023,7,Traditional Ethnic Dress,23,1847.768281,2.73645419,1,1,,,76.54952491,0.650440996
02-02-2023,8,Maternity Nursing Dress,25,1847.768281,2.73645419,1,1,,,76.54952491,0.650440996
02-02-2023,9,Sporty Athleisure Dress,23,1847.768281,2.73645419,1,1,,,76.54952491,0.650440996
02-02-2023,10,Customizable Dress,21,1847.768281,2.73645419,1,1,,,76.54952491,0.650440996
03-02-2023,1,Floral Sundress,28,1497.387554,4.513729442,0,1,,,55.0499058,0.157824221
03-02-2023,2,Evening Gown,24,1497.387554,4.513729442,0,1,,,55.0499058,0.157824221
03-02-2023,3,Business Casual Dress,11,1497.387554,4.513729442,0,1,,,55.0499058,0.157824221
03-02-2023,4,Sequin Party Dress,11,1497.387554,4.513729442,0,1,,,55.0499058,0.157824221
03-02-2023,5,Summer Maxi Dress,28,1497.387554,4.513729442,0,1,,,55.0499058,0.157824221
03-02-2023,6,Bridal Gown,26,1497.387554,4.513729442,0,1,,,55.0499058,0.157824221
03-02-2023,7,Traditional Ethnic Dress,29,1497.387554,4.513729442,0,1,,,55.0499058,0.157824221
03-02-2023,8,Maternity Nursing Dress,19,1497.387554,4.513729442,0,1,,,55.0499058,0.157824221
03-02-2023,9,Sporty Athleisure Dress,15,1497.387554,4.513729442,0,1,,,55.0499058,0.157824221
03-02-2023,10,Customizable Dress,24,1497.387554,4.513729442,0,1,,,55.0499058,0.157824221
04-02-2023,1,Floral Sundress,20,1535.734599,4.230766766,0,1,,,79.17177526,0.221582201
04-02-2023,2,Evening Gown,14,1535.734599,4.230766766,0,1,,,79.17177526,0.221582201
04-02-2023,3,Business Casual Dress,10,1535.734599,4.230766766,0,1,,,79.17177526,0.221582201
04-02-2023,4,Sequin Party Dress,17,1535.734599,4.230766766,0,1,,,79.17177526,0.221582201
04-02-2023,5,Summer Maxi Dress,21,1535.734599,4.230766766,0,1,,,79.17177526,0.221582201
04-02-2023,6,Bridal Gown,21,1535.734599,4.230766766,0,1,,,79.17177526,0.221582201
04-02-2023,7,Traditional Ethnic Dress,14,1535.734599,4.230766766,0,1,,,79.17177526,0.221582201
04-02-2023,8,Maternity Nursing Dress,16,1535.734599,4.230766766,0,1,,,79.17177526,0.221582201
04-02-2023,9,Sporty Athleisure Dress,13,1535.734599,4.230766766,0,1,,,79.17177526,0.221582201
04-02-2023,10,Customizable Dress,15,1535.734599,4.230766766,0,1,,,79.17177526,0.221582201
05-02-2023,1,Floral Sundress,22,1992.465759,4.616054425,0,1,,,52.69514291,0.508741718
05-02-2023,2,Evening Gown,29,1992.465759,4.616054425,0,1,,,52.69514291,0.508741718
05-02-2023,3,Business Casual Dress,24,1992.465759,4.616054425,0,1,,,52.69514291,0.508741718
05-02-2023,4,Sequin Party Dress,12,1992.465759,4.616054425,0,1,,,52.69514291,0.508741718
05-02-2023,5,Summer Maxi Dress,17,1992.465759,4.616054425,0,1,,,52.69514291,0.508741718
05-02-2023,6,Bridal Gown,29,1992.465759,4.616054425,0,1,,,52.69514291,0.508741718
05-02-2023,7,Traditional Ethnic Dress,25,1992.465759,4.616054425,0,1,,,52.69514291,0.508741718
05-02-2023,8,Maternity Nursing Dress,22,1992.465759,4.616054425,0,1,,,52.69514291,0.508741718
05-02-2023,9,Sporty Athleisure Dress,27,1992.465759,4.616054425,0,1,,,52.69514291,0.508741718
05-02-2023,10,Customizable Dress,19,1992.465759,4.616054425,0,1,,,52.69514291,0.508741718
06-02-2023,1,Floral Sundress,28,1658.502077,2.129802739,1,1,,,80.89349978,0.069253351
06-02-2023,2,Evening Gown,26,1658.502077,2.129802739,1,1,,,80.89349978,0.069253351
06-02-2023,3,Business Casual Dress,28,1658.502077,2.129802739,1,1,,,80.89349978,0.069253351
06-02-2023,4,Sequin Party Dress,14,1658.502077,2.129802739,1,1,,,80.89349978,0.069253351
06-02-2023,5,Summer Maxi Dress,18,1658.502077,2.129802739,1,1,,,80.89349978,0.069253351
06-02-2023,6,Bridal Gown,21,1658.502077,2.129802739,1,1,,,80.89349978,0.069253351
06-02-2023,7,Traditional Ethnic Dress,10,1658.502077,2.129802739,1,1,,,80.89349978,0.069253351
06-02-2023,8,Maternity Nursing Dress,10,1658.502077,2.129802739,1,1,,,80.89349978,0.069253351
06-02-2023,9,Sporty Athleisure Dress,24,1658.502077,2.129802739,1,1,,,80.89349978,0.069253351
06-02-2023,10,Customizable Dress,11,1658.502077,2.129802739,1,1,,,80.89349978,0.069253351
07-02-2023,1,Floral Sundress,25,1270.915411,3.301324163,1,0,,,62.17955783,0.621552013
07-02-2023,2,Evening Gown,17,1270.915411,3.301324163,1,0,,,62.17955783,0.621552013
07-02-2023,3,Business Casual Dress,22,1270.915411,3.301324163,1,0,,,62.17955783,0.621552013
07-02-2023,4,Sequin Party Dress,10,1270.915411,3.301324163,1,0,,,62.17955783,0.621552013
07-02-2023,5,Summer Maxi Dress,25,1270.915411,3.301324163,1,0,,,62.17955783,0.621552013
07-02-2023,6,Bridal Gown,16,1270.915411,3.301324163,1,0,,,62.17955783,0.621552013
07-02-2023,7,Traditional Ethnic Dress,14,1270.915411,3.301324163,1,0,,,62.17955783,0.621552013
07-02-2023,8,Maternity Nursing Dress,12,1270.915411,3.301324163,1,0,,,62.17955783,0.621552013
07-02-2023,9,Sporty Athleisure Dress,21,1270.915411,3.301324163,1,0,,,62.17955783,0.621552013
07-02-2023,10,Customizable Dress,25,1270.915411,3.301324163,1,0,,,62.17955783,0.621552013
08-02-2023,1,Floral Sundress,28,1950.688083,3.327146957,0,0,,,61.81879772,0.004667959
08-02-2023,2,Evening Gown,14,1950.688083,3.327146957,0,0,,,61.81879772,0.004667959
08-02-2023,3,Business Casual Dress,23,1950.688083,3.327146957,0,0,,,61.81879772,0.004667959
08-02-2023,4,Sequin Party Dress,14,1950.688083,3.327146957,0,0,,,61.81879772,0.004667959
08-02-2023,5,Summer Maxi Dress,24,1950.688083,3.327146957,0,0,,,61.81879772,0.004667959
08-02-2023,6,Bridal Gown,26,1950.688083,3.327146957,0,0,,,61.81879772,0.004667959
08-02-2023,7,Traditional Ethnic Dress,23,1950.688083,3.327146957,0,0,,,61.81879772,0.004667959
08-02-2023,8,Maternity Nursing Dress,29,1950.688083,3.327146957,0,0,,,61.81879772,0.004667959
08-02-2023,9,Sporty Athleisure Dress,14,1950.688083,3.327146957,0,0,,,61.81879772,0.004667959
08-02-2023,10,Customizable Dress,21,1950.688083,3.327146957,0,0,,,61.81879772,0.004667959
09-02-2023,1,Floral Sundress,25,1546.138731,1.613518372,0,0,,,69.72045901,0.699405692
09-02-2023,2,Evening Gown,25,1546.138731,1.613518372,0,0,,,69.72045901,0.699405692
09-02-2023,3,Business Casual Dress,16,1546.138731,1.613518372,0,0,,,69.72045901,0.699405692
09-02-2023,4,Sequin Party Dress,13,1546.138731,1.613518372,0,0,,,69.72045901,0.699405692
09-02-2023,5,Summer Maxi Dress,10,1546.138731,1.613518372,0,0,,,69.72045901,0.699405692
09-02-2023,6,Bridal Gown,14,1546.138731,1.613518372,0,0,,,69.72045901,0.699405692
09-02-2023,7,Traditional Ethnic Dress,19,1546.138731,1.613518372,0,0,,,69.72045901,0.699405692
09-02-2023,8,Maternity Nursing Dress,14,1546.138731,1.613518372,0,0,,,69.72045901,0.699405692
09-02-2023,9,Sporty Athleisure Dress,13,1546.138731,1.613518372,0,0,,,69.72045901,0.699405692
09-02-2023,10,Customizable Dress,11,1546.138731,1.613518372,0,0,,,69.72045901,0.699405692
10-02-2023,1,Floral Sundress,29,1409.817825,4.657845557,1,0,,,60.43752082,0.043968669
10-02-2023,2,Evening Gown,19,1409.817825,4.657845557,1,0,,,60.43752082,0.043968669
10-02-2023,3,Business Casual Dress,28,1409.817825,4.657845557,1,0,,,60.43752082,0.043968669
10-02-2023,4,Sequin Party Dress,10,1409.817825,4.657845557,1,0,,,60.43752082,0.043968669
10-02-2023,5,Summer Maxi Dress,14,1409.817825,4.657845557,1,0,,,60.43752082,0.043968669
10-02-2023,6,Bridal Gown,22,1409.817825,4.657845557,1,0,,,60.43752082,0.043968669
10-02-2023,7,Traditional Ethnic Dress,13,1409.817825,4.657845557,1,0,,,60.43752082,0.043968669
10-02-2023,8,Maternity Nursing Dress,25,1409.817825,4.657845557,1,0,,,60.43752082,0.043968669
10-02-2023,9,Sporty Athleisure Dress,25,1409.817825,4.657845557,1,0,,,60.43752082,0.043968669
10-02-2023,10,Customizable Dress,11,1409.817825,4.657845557,1,0,,,60.43752082,0.043968669
11-02-2023,1,Floral Sundress,26,1394.43496,4.015953745,1,1,,,63.39120837,0.146005313
11-02-2023,2,Evening Gown,29,1394.43496,4.015953745,1,1,,,63.39120837,0.146005313
11-02-2023,3,Business Casual Dress,21,1394.43496,4.015953745,1,1,,,63.39120837,0.146005313
11-02-2023,4,Sequin Party Dress,27,1394.43496,4.015953745,1,1,,,63.39120837,0.146005313
11-02-2023,5,Summer Maxi Dress,12,1394.43496,4.015953745,1,1,,,63.39120837,0.146005313
11-02-2023,6,Bridal Gown,10,1394.43496,4.015953745,1,1,,,63.39120837,0.146005313
11-02-2023,7,Traditional Ethnic Dress,10,1394.43496,4.015953745,1,1,,,63.39120837,0.146005313
11-02-2023,8,Maternity Nursing Dress,28,1394.43496,4.015953745,1,1,,,63.39120837,0.146005313
11-02-2023,9,Sporty Athleisure Dress,20,1394.43496,4.015953745,1,1,,,63.39120837,0.146005313
11-02-2023,10,Customizable Dress,14,1394.43496,4.015953745,1,1,,,63.39120837,0.146005313
12-02-2023,1,Floral Sundress,21,1424.89597,1.570636842,1,1,,,63.93776757,0.779338205
12-02-2023,2,Evening Gown,12,1424.89597,1.570636842,1,1,,,63.93776757,0.779338205
12-02-2023,3,Business Casual Dress,10,1424.89597,1.570636842,1,1,,,63.93776757,0.779338205
12-02-2023,4,Sequin Party Dress,10,1424.89597,1.570636842,1,1,,,63.93776757,0.779338205
12-02-2023,5,Summer Maxi Dress,17,1424.89597,1.570636842,1,1,,,63.93776757,0.779338205
12-02-2023,6,Bridal Gown,19,1424.89597,1.570636842,1,1,,,63.93776757,0.779338205
12-02-2023,7,Traditional Ethnic Dress,20,1424.89597,1.570636842,1,1,,,63.93776757,0.779338205
12-02-2023,8,Maternity Nursing Dress,21,1424.89597,1.570636842,1,1,,,63.93776757,0.779338205
12-02-2023,9,Sporty Athleisure Dress,22,1424.89597,1.570636842,1,1,,,63.93776757,0.779338205
12-02-2023,10,Customizable Dress,21,1424.89597,1.570636842,1,1,,,63.93776757,0.779338205
13-02-2023,1,Floral Sundress,23,1274.123288,4.403755232,1,0,,,79.59747398,0.174867002
13-02-2023,2,Evening Gown,11,1274.123288,4.403755232,1,0,,,79.59747398,0.174867002
13-02-2023,3,Business Casual Dress,28,1274.123288,4.403755232,1,0,,,79.59747398,0.174867002
13-02-2023,4,Sequin Party Dress,27,1274.123288,4.403755232,1,0,,,79.59747398,0.174867002
13-02-2023,5,Summer Maxi Dress,12,1274.123288,4.403755232,1,0,,,79.59747398,0.174867002
13-02-2023,6,Bridal Gown,26,1274.123288,4.403755232,1,0,,,79.59747398,0.174867002
13-02-2023,7,Traditional Ethnic Dress,17,1274.123288,4.403755232,1,0,,,79.59747398,0.174867002
13-02-2023,8,Maternity Nursing Dress,19,1274.123288,4.403755232,1,0,,,79.59747398,0.174867002
13-02-2023,9,Sporty Athleisure Dress,11,1274.123288,4.403755232,1,0,,,79.59747398,0.174867002
13-02-2023,10,Customizable Dress,28,1274.123288,4.403755232,1,0,,,79.59747398,0.174867002
14-02-2023,1,Floral Sundress,18,1078.015957,3.244356332,1,1,,,59.68405739,0.565420788
14-02-2023,2,Evening Gown,16,1078.015957,3.244356332,1,1,,,59.68405739,0.565420788
14-02-2023,3,Business Casual Dress,13,1078.015957,3.244356332,1,1,,,59.68405739,0.565420788
14-02-2023,4,Sequin Party Dress,27,1078.015957,3.244356332,1,1,,,59.68405739,0.565420788
14-02-2023,5,Summer Maxi Dress,22,1078.015957,3.244356332,1,1,,,59.68405739,0.565420788
14-02-2023,6,Bridal Gown,20,1078.015957,3.244356332,1,1,,,59.68405739,0.565420788
14-02-2023,7,Traditional Ethnic Dress,13,1078.015957,3.244356332,1,1,,,59.68405739,0.565420788
14-02-2023,8,Maternity Nursing Dress,13,1078.015957,3.244356332,1,1,,,59.68405739,0.565420788
14-02-2023,9,Sporty Athleisure Dress,19,1078.015957,3.244356332,1,1,,,59.68405739,0.565420788
14-02-2023,10,Customizable Dress,14,1078.015957,3.244356332,1,1,,,59.68405739,0.565420788
15-02-2023,1,Floral Sundress,18,1565.416883,3.352414079,0,0,,,76.32632058,0.032996512
15-02-2023,2,Evening Gown,12,1565.416883,3.352414079,0,0,,,76.32632058,0.032996512
15-02-2023,3,Business Casual Dress,26,1565.416883,3.352414079,0,0,,,76.32632058,0.032996512
15-02-2023,4,Sequin Party Dress,12,1565.416883,3.352414079,0,0,,,76.32632058,0.032996512
15-02-2023,5,Summer Maxi Dress,25,1565.416883,3.352414079,0,0,,,76.32632058,0.032996512
15-02-2023,6,Bridal Gown,13,1565.416883,3.352414079,0,0,,,76.32632058,0.032996512
15-02-2023,7,Traditional Ethnic Dress,27,1565.416883,3.352414079,0,0,,,76.32632058,0.032996512
15-02-2023,8,Maternity Nursing Dress,26,1565.416883,3.352414079,0,0,,,76.32632058,0.032996512
15-02-2023,9,Sporty Athleisure Dress,16,1565.416883,3.352414079,0,0,,,76.32632058,0.032996512
15-02-2023,10,Customizable Dress,14,1565.416883,3.352414079,0,0,,,76.32632058,0.032996512
16-02-2023,1,Floral Sundress,21,1104.450346,1.288915701,0,0,,,61.28158813,0.981634249
16-02-2023,2,Evening Gown,26,1104.450346,1.288915701,0,0,,,61.28158813,0.981634249
16-02-2023,3,Business Casual Dress,22,1104.450346,1.288915701,0,0,,,61.28158813,0.981634249
16-02-2023,4,Sequin Party Dress,12,1104.450346,1.288915701,0,0,,,61.28158813,0.981634249
16-02-2023,5,Summer Maxi Dress,18,1104.450346,1.288915701,0,0,,,61.28158813,0.981634249
16-02-2023,6,Bridal Gown,26,1104.450346,1.288915701,0,0,,,61.28158813,0.981634249
16-02-2023,7,Traditional Ethnic Dress,26,1104.450346,1.288915701,0,0,,,61.28158813,0.981634249
16-02-2023,8,Maternity Nursing Dress,29,1104.450346,1.288915701,0,0,,,61.28158813,0.981634249
16-02-2023,9,Sporty Athleisure Dress,25,1104.450346,1.288915701,0,0,,,61.28158813,0.981634249
16-02-2023,10,Customizable Dress,22,1104.450346,1.288915701,0,0,,,61.28158813,0.981634249
17-02-2023,1,Floral Sundress,28,1218.326237,1.390427636,0,1,,,62.83798024,0.040259522
17-02-2023,2,Evening Gown,26,1218.326237,1.390427636,0,1,,,62.83798024,0.040259522
17-02-2023,3,Business Casual Dress,13,1218.326237,1.390427636,0,1,,,62.83798024,0.040259522
17-02-2023,4,Sequin Party Dress,21,1218.326237,1.390427636,0,1,,,62.83798024,0.040259522
17-02-2023,5,Summer Maxi Dress,18,1218.326237,1.390427636,0,1,,,62.83798024,0.040259522
17-02-2023,6,Bridal Gown,28,1218.326237,1.390427636,0,1,,,62.83798024,0.040259522
17-02-2023,7,Traditional Ethnic Dress,21,1218.326237,1.390427636,0,1,,,62.83798024,0.040259522
17-02-2023,8,Maternity Nursing Dress,18,1218.326237,1.390427636,0,1,,,62.83798024,0.040259522
17-02-2023,9,Sporty Athleisure Dress,16,1218.326237,1.390427636,0,1,,,62.83798024,0.040259522
17-02-2023,10,Customizable Dress,23,1218.326237,1.390427636,0,1,,,62.83798024,0.040259522
18-02-2023,1,Floral Sundress,29,1989.309825,3.502884657,0,1,,,75.47531436,0.832956704
18-02-2023,2,Evening Gown,28,1989.309825,3.502884657,0,1,,,75.47531436,0.832956704
18-02-2023,3,Business Casual Dress,24,1989.309825,3.502884657,0,1,,,75.47531436,0.832956704
18-02-2023,4,Sequin Party Dress,25,1989.309825,3.502884657,0,1,,,75.47531436,0.832956704
18-02-2023,5,Summer Maxi Dress,14,1989.309825,3.502884657,0,1,,,75.47531436,0.832956704
18-02-2023,6,Bridal Gown,12,1989.309825,3.502884657,0,1,,,75.47531436,0.832956704
18-02-2023,7,Traditional Ethnic Dress,21,1989.309825,3.502884657,0,1,,,75.47531436,0.832956704
18-02-2023,8,Maternity Nursing Dress,29,1989.309825,3.502884657,0,1,,,75.47531436,0.832956704
18-02-2023,9,Sporty Athleisure Dress,13,1989.309825,3.502884657,0,1,,,75.47531436,0.832956704
18-02-2023,10,Customizable Dress,25,1989.309825,3.502884657,0,1,,,75.47531436,0.832956704
19-02-2023,1,Floral Sundress,16,1850.334888,4.955463761,0,0,,,63.86406576,0.484758687
19-02-2023,2,Evening Gown,22,1850.334888,4.955463761,0,0,,,63.86406576,0.484758687
19-02-2023,3,Business Casual Dress,19,1850.334888,4.955463761,0,0,,,63.86406576,0.484758687
19-02-2023,4,Sequin Party Dress,16,1850.334888,4.955463761,0,0,,,63.86406576,0.484758687
19-02-2023,5,Summer Maxi Dress,23,1850.334888,4.955463761,0,0,,,63.86406576,0.484758687
19-02-2023,6,Bridal Gown,14,1850.334888,4.955463761,0,0,,,63.86406576,0.484758687
19-02-2023,7,Traditional Ethnic Dress,12,1850.334888,4.955463761,0,0,,,63.86406576,0.484758687
19-02-2023,8,Maternity Nursing Dress,20,1850.334888,4.955463761,0,0,,,63.86406576,0.484758687
19-02-2023,9,Sporty Athleisure Dress,20,1850.334888,4.955463761,0,0,,,63.86406576,0.484758687
19-02-2023,10,Customizable Dress,27,1850.334888,4.955463761,0,0,,,63.86406576,0.484758687
20-02-2023,1,Floral Sundress,24,1795.549625,4.374932665,1,1,,,57.06868748,0.74065964
20-02-2023,2,Evening Gown,21,1795.549625,4.374932665,1,1,,,57.06868748,0.74065964
20-02-2023,3,Business Casual Dress,18,1795.549625,4.374932665,1,1,,,57.06868748,0.74065964
20-02-2023,4,Sequin Party Dress,19,1795.549625,4.374932665,1,1,,,57.06868748,0.74065964
20-02-2023,5,Summer Maxi Dress,21,1795.549625,4.374932665,1,1,,,57.06868748,0.74065964
20-02-2023,6,Bridal Gown,26,1795.549625,4.374932665,1,1,,,57.06868748,0.74065964
20-02-2023,7,Traditional Ethnic Dress,15,1795.549625,4.374932665,1,1,,,57.06868748,0.74065964
20-02-2023,8,Maternity Nursing Dress,16,1795.549625,4.374932665,1,1,,,57.06868748,0.74065964
20-02-2023,9,Sporty Athleisure Dress,23,1795.549625,4.374932665,1,1,,,57.06868748,0.74065964
20-02-2023,10,Customizable Dress,22,1795.549625,4.374932665,1,1,,,57.06868748,0.74065964
21-02-2023,1,Floral Sundress,17,1474.199712,1.190447653,0,1,,,81.39525211,0.720109753
21-02-2023,2,Evening Gown,19,1474.199712,1.190447653,0,1,,,81.39525211,0.720109753
21-02-2023,3,Business Casual Dress,18,1474.199712,1.190447653,0,1,,,81.39525211,0.720109753
21-02-2023,4,Sequin Party Dress,27,1474.199712,1.190447653,0,1,,,81.39525211,0.720109753
21-02-2023,5,Summer Maxi Dress,11,1474.199712,1.190447653,0,1,,,81.39525211,0.720109753
21-02-2023,6,Bridal Gown,14,1474.199712,1.190447653,0,1,,,81.39525211,0.720109753
21-02-2023,7,Traditional Ethnic Dress,14,1474.199712,1.190447653,0,1,,,81.39525211,0.720109753
21-02-2023,8,Maternity Nursing Dress,15,1474.199712,1.190447653,0,1,,,81.39525211,0.720109753
21-02-2023,9,Sporty Athleisure Dress,28,1474.199712,1.190447653,0,1,,,81.39525211,0.720109753
21-02-2023,10,Customizable Dress,17,1474.199712,1.190447653,0,1,,,81.39525211,0.720109753
22-02-2023,1,Floral Sundress,25,1289.71,2.55532452,0,1,,,87.22941022,0.051147548
22-02-2023,2,Evening Gown,22,1289.71,2.55532452,0,1,,,87.22941022,0.051147548
22-02-2023,3,Business Casual Dress,10,1289.71,2.55532452,0,1,,,87.22941022,0.051147548
22-02-2023,4,Sequin Party Dress,29,1289.71,2.55532452,0,1,,,87.22941022,0.051147548
22-02-2023,5,Summer Maxi Dress,26,1289.71,2.55532452,0,1,,,87.22941022,0.051147548
22-02-2023,6,Bridal Gown,16,1289.71,2.55532452,0,1,,,87.22941022,0.051147548
22-02-2023,7,Traditional Ethnic Dress,22,1289.71,2.55532452,0,1,,,87.22941022,0.051147548
22-02-2023,8,Maternity Nursing Dress,13,1289.71,2.55532452,0,1,,,87.22941022,0.051147548
22-02-2023,9,Sporty Athleisure Dress,13,1289.71,2.55532452,0,1,,,87.22941022,0.051147548
22-02-2023,10,Customizable Dress,15,1289.71,2.55532452,0,1,,,87.22941022,0.051147548
23-02-2023,1,Floral Sundress,28,1757.991832,3.347741919,0,1,,,74.73403892,0.736555263
23-02-2023,2,Evening Gown,21,1757.991832,3.347741919,0,1,,,74.73403892,0.736555263
23-02-2023,3,Business Casual Dress,16,1757.991832,3.347741919,0,1,,,74.73403892,0.736555263
23-02-2023,4,Sequin Party Dress,19,1757.991832,3.347741919,0,1,,,74.73403892,0.736555263
23-02-2023,5,Summer Maxi Dress,28,1757.991832,3.347741919,0,1,,,74.73403892,0.736555263
23-02-2023,6,Bridal Gown,16,1757.991832,3.347741919,0,1,,,74.73403892,0.736555263
23-02-2023,7,Traditional Ethnic Dress,12,1757.991832,3.347741919,0,1,,,74.73403892,0.736555263
23-02-2023,8,Maternity Nursing Dress,22,1757.991832,3.347741919,0,1,,,74.73403892,0.736555263
23-02-2023,9,Sporty Athleisure Dress,22,1757.991832,3.347741919,0,1,,,74.73403892,0.736555263
23-02-2023,10,Customizable Dress,27,1757.991832,3.347741919,0,1,,,74.73403892,0.736555263
24-02-2023,1,Floral Sundress,29,1857.752762,2.576606731,1,0,,,56.56036727,0.957297207
24-02-2023,2,Evening Gown,17,1857.752762,2.576606731,1,0,,,56.56036727,0.957297207
24-02-2023,3,Business Casual Dress,18,1857.752762,2.576606731,1,0,,,56.56036727,0.957297207
24-02-2023,4,Sequin Party Dress,16,1857.752762,2.576606731,1,0,,,56.56036727,0.957297207
24-02-2023,5,Summer Maxi Dress,10,1857.752762,2.576606731,1,0,,,56.56036727,0.957297207
24-02-2023,6,Bridal Gown,12,1857.752762,2.576606731,1,0,,,56.56036727,0.957297207
24-02-2023,7,Traditional Ethnic Dress,22,1857.752762,2.576606731,1,0,,,56.56036727,0.957297207
24-02-2023,8,Maternity Nursing Dress,26,1857.752762,2.576606731,1,0,,,56.56036727,0.957297207
24-02-2023,9,Sporty Athleisure Dress,10,1857.752762,2.576606731,1,0,,,56.56036727,0.957297207
24-02-2023,10,Customizable Dress,15,1857.752762,2.576606731,1,0,,,56.56036727,0.957297207
25-02-2023,1,Floral Sundress,15,1558.006787,1.769821052,0,1,,,51.06315198,0.274902617
25-02-2023,2,Evening Gown,21,1558.006787,1.769821052,0,1,,,51.06315198,0.274902617
25-02-2023,3,Business Casual Dress,22,1558.006787,1.769821052,0,1,,,51.06315198,0.274902617
25-02-2023,4,Sequin Party Dress,22,1558.006787,1.769821052,0,1,,,51.06315198,0.274902617
25-02-2023,5,Summer Maxi Dress,24,1558.006787,1.769821052,0,1,,,51.06315198,0.274902617
25-02-2023,6,Bridal Gown,25,1558.006787,1.769821052,0,1,,,51.06315198,0.274902617
25-02-2023,7,Traditional Ethnic Dress,20,1558.006787,1.769821052,0,1,,,51.06315198,0.274902617
25-02-2023,8,Maternity Nursing Dress,14,1558.006787,1.769821052,0,1,,,51.06315198,0.274902617
25-02-2023,9,Sporty Athleisure Dress,13,1558.006787,1.769821052,0,1,,,51.06315198,0.274902617
25-02-2023,10,Customizable Dress,12,1558.006787,1.769821052,0,1,,,51.06315198,0.274902617
26-02-2023,1,Floral Sundress,28,1188.154708,2.288066165,1,1,,,58.2701784,0.903453176
26-02-2023,2,Evening Gown,29,1188.154708,2.288066165,1,1,,,58.2701784,0.903453176
26-02-2023,3,Business Casual Dress,27,1188.154708,2.288066165,1,1,,,58.2701784,0.903453176
26-02-2023,4,Sequin Party Dress,24,1188.154708,2.288066165,1,1,,,58.2701784,0.903453176
26-02-2023,5,Summer Maxi Dress,18,1188.154708,2.288066165,1,1,,,58.2701784,0.903453176
26-02-2023,6,Bridal Gown,26,1188.154708,2.288066165,1,1,,,58.2701784,0.903453176
26-02-2023,7,Traditional Ethnic Dress,23,1188.154708,2.288066165,1,1,,,58.2701784,0.903453176
26-02-2023,8,Maternity Nursing Dress,24,1188.154708,2.288066165,1,1,,,58.2701784,0.903453176
26-02-2023,9,Sporty Athleisure Dress,10,1188.154708,2.288066165,1,1,,,58.2701784,0.903453176
26-02-2023,10,Customizable Dress,12,1188.154708,2.288066165,1,1,,,58.2701784,0.903453176
27-02-2023,1,Floral Sundress,25,1665.125027,4.69434817,0,1,,,63.86244793,0.30891415
27-02-2023,2,Evening Gown,20,1665.125027,4.69434817,0,1,,,63.86244793,0.30891415
27-02-2023,3,Business Casual Dress,21,1665.125027,4.69434817,0,1,,,63.86244793,0.30891415
27-02-2023,4,Sequin Party Dress,19,1665.125027,4.69434817,0,1,,,63.86244793,0.30891415
27-02-2023,5,Summer Maxi Dress,25,1665.125027,4.69434817,0,1,,,63.86244793,0.30891415
27-02-2023,6,Bridal Gown,17,1665.125027,4.69434817,0,1,,,63.86244793,0.30891415
27-02-2023,7,Traditional Ethnic Dress,15,1665.125027,4.69434817,0,1,,,63.86244793,0.30891415
27-02-2023,8,Maternity Nursing Dress,21,1665.125027,4.69434817,0,1,,,63.86244793,0.30891415
27-02-2023,9,Sporty Athleisure Dress,17,1665.125027,4.69434817,0,1,,,63.86244793,0.30891415
27-02-2023,10,Customizable Dress,13,1665.125027,4.69434817,0,1,,,63.86244793,0.30891415
28-02-2023,1,Floral Sundress,17,1293.075778,3.739315442,0,1,,,89.79524024,0.089689203
28-02-2023,2,Evening Gown,27,1293.075778,3.739315442,0,1,,,89.79524024,0.089689203
28-02-2023,3,Business Casual Dress,14,1293.075778,3.739315442,0,1,,,89.79524024,0.089689203
28-02-2023,4,Sequin Party Dress,18,1293.075778,3.739315442,0,1,,,89.79524024,0.089689203
28-02-2023,5,Summer Maxi Dress,13,1293.075778,3.739315442,0,1,,,89.79524024,0.089689203
28-02-2023,6,Bridal Gown,26,1293.075778,3.739315442,0,1,,,89.79524024,0.089689203
28-02-2023,7,Traditional Ethnic Dress,18,1293.075778,3.739315442,0,1,,,89.79524024,0.089689203
28-02-2023,8,Maternity Nursing Dress,10,1293.075778,3.739315442,0,1,,,89.79524024,0.089689203
28-02-2023,9,Sporty Athleisure Dress,29,1293.075778,3.739315442,0,1,,,89.79524024,0.089689203
28-02-2023,10,Customizable Dress,22,1293.075778,3.739315442,0,1,,,89.79524024,0.089689203
01-03-2023,1,Floral Sundress,25,1209.897681,4.661095604,0,0,,,58.48246378,0.588678668
01-03-2023,2,Evening Gown,22,1209.897681,4.661095604,0,0,,,58.48246378,0.588678668
01-03-2023,3,Business Casual Dress,23,1209.897681,4.661095604,0,0,,,58.48246378,0.588678668
01-03-2023,4,Sequin Party Dress,12,1209.897681,4.661095604,0,0,,,58.48246378,0.588678668
01-03-2023,5,Summer Maxi Dress,15,1209.897681,4.661095604,0,0,,,58.48246378,0.588678668
01-03-2023,6,Bridal Gown,27,1209.897681,4.661095604,0,0,,,58.48246378,0.588678668
01-03-2023,7,Traditional Ethnic Dress,28,1209.897681,4.661095604,0,0,,,58.48246378,0.588678668
01-03-2023,8,Maternity Nursing Dress,14,1209.897681,4.661095604,0,0,,,58.48246378,0.588678668
01-03-2023,9,Sporty Athleisure Dress,24,1209.897681,4.661095604,0,0,,,58.48246378,0.588678668
01-03-2023,10,Customizable Dress,11,1209.897681,4.661095604,0,0,,,58.48246378,0.588678668
02-03-2023,1,Floral Sundress,19,1938.49017,4.498957117,0,1,,,67.75804074,0.821228287
02-03-2023,2,Evening Gown,27,1938.49017,4.498957117,0,1,,,67.75804074,0.821228287
02-03-2023,3,Business Casual Dress,22,1938.49017,4.498957117,0,1,,,67.75804074,0.821228287
02-03-2023,4,Sequin Party Dress,14,1938.49017,4.498957117,0,1,,,67.75804074,0.821228287
02-03-2023,5,Summer Maxi Dress,10,1938.49017,4.498957117,0,1,,,67.75804074,0.821228287
02-03-2023,6,Bridal Gown,10,1938.49017,4.498957117,0,1,,,67.75804074,0.821228287
02-03-2023,7,Traditional Ethnic Dress,27,1938.49017,4.498957117,0,1,,,67.75804074,0.821228287
02-03-2023,8,Maternity Nursing Dress,24,1938.49017,4.498957117,0,1,,,67.75804074,0.821228287
02-03-2023,9,Sporty Athleisure Dress,26,1938.49017,4.498957117,0,1,,,67.75804074,0.821228287
02-03-2023,10,Customizable Dress,20,1938.49017,4.498957117,0,1,,,67.75804074,0.821228287
03-03-2023,1,Floral Sundress,26,1356.607193,1.675877823,0,1,,,60.22320493,0.948845413
03-03-2023,2,Evening Gown,22,1356.607193,1.675877823,0,1,,,60.22320493,0.948845413
03-03-2023,3,Business Casual Dress,10,1356.607193,1.675877823,0,1,,,60.22320493,0.948845413
03-03-2023,4,Sequin Party Dress,11,1356.607193,1.675877823,0,1,,,60.22320493,0.948845413
03-03-2023,5,Summer Maxi Dress,18,1356.607193,1.675877823,0,1,,,60.22320493,0.948845413
03-03-2023,6,Bridal Gown,12,1356.607193,1.675877823,0,1,,,60.22320493,0.948845413
03-03-2023,7,Traditional Ethnic Dress,10,1356.607193,1.675877823,0,1,,,60.22320493,0.948845413
03-03-2023,8,Maternity Nursing Dress,25,1356.607193,1.675877823,0,1,,,60.22320493,0.948845413
03-03-2023,9,Sporty Athleisure Dress,15,1356.607193,1.675877823,0,1,,,60.22320493,0.948845413
03-03-2023,10,Customizable Dress,26,1356.607193,1.675877823,0,1,,,60.22320493,0.948845413
04-03-2023,1,Floral Sundress,14,1421.438281,1.898464382,0,1,,,68.00368108,0.395424448
04-03-2023,2,Evening Gown,14,1421.438281,1.898464382,0,1,,,68.00368108,0.395424448
04-03-2023,3,Business Casual Dress,15,1421.438281,1.898464382,0,1,,,68.00368108,0.395424448
04-03-2023,4,Sequin Party Dress,12,1421.438281,1.898464382,0,1,,,68.00368108,0.395424448
04-03-2023,5,Summer Maxi Dress,14,1421.438281,1.898464382,0,1,,,68.00368108,0.395424448
04-03-2023,6,Bridal Gown,14,1421.438281,1.898464382,0,1,,,68.00368108,0.395424448
04-03-2023,7,Traditional Ethnic Dress,19,1421.438281,1.898464382,0,1,,,68.00368108,0.395424448
04-03-2023,8,Maternity Nursing Dress,19,1421.438281,1.898464382,0,1,,,68.00368108,0.395424448
04-03-2023,9,Sporty Athleisure Dress,28,1421.438281,1.898464382,0,1,,,68.00368108,0.395424448
04-03-2023,10,Customizable Dress,26,1421.438281,1.898464382,0,1,,,68.00368108,0.395424448
05-03-2023,1,Floral Sundress,23,1655.467192,2.752338754,0,0,,,58.33781574,0.756631674
05-03-2023,2,Evening Gown,18,1655.467192,2.752338754,0,0,,,58.33781574,0.756631674
05-03-2023,3,Business Casual Dress,23,1655.467192,2.752338754,0,0,,,58.33781574,0.756631674
05-03-2023,4,Sequin Party Dress,10,1655.467192,2.752338754,0,0,,,58.33781574,0.756631674
05-03-2023,5,Summer Maxi Dress,28,1655.467192,2.752338754,0,0,,,58.33781574,0.756631674
05-03-2023,6,Bridal Gown,22,1655.467192,2.752338754,0,0,,,58.33781574,0.756631674
05-03-2023,7,Traditional Ethnic Dress,22,1655.467192,2.752338754,0,0,,,58.33781574,0.756631674
05-03-2023,8,Maternity Nursing Dress,13,1655.467192,2.752338754,0,0,,,58.33781574,0.756631674
05-03-2023,9,Sporty Athleisure Dress,10,1655.467192,2.752338754,0,0,,,58.33781574,0.756631674
05-03-2023,10,Customizable Dress,26,1655.467192,2.752338754,0,0,,,58.33781574,0.756631674
06-03-2023,1,Floral Sundress,17,1260.275781,4.906240034,0,0,,,53.15872053,0.359495967
06-03-2023,2,Evening Gown,11,1260.275781,4.906240034,0,0,,,53.15872053,0.359495967
06-03-2023,3,Business Casual Dress,17,1260.275781,4.906240034,0,0,,,53.15872053,0.359495967
06-03-2023,4,Sequin Party Dress,16,1260.275781,4.906240034,0,0,,,53.15872053,0.359495967
06-03-2023,5,Summer Maxi Dress,11,1260.275781,4.906240034,0,0,,,53.15872053,0.359495967
06-03-2023,6,Bridal Gown,12,1260.275781,4.906240034,0,0,,,53.15872053,0.359495967
06-03-2023,7,Traditional Ethnic Dress,27,1260.275781,4.906240034,0,0,,,53.15872053,0.359495967
06-03-2023,8,Maternity Nursing Dress,21,1260.275781,4.906240034,0,0,,,53.15872053,0.359495967
06-03-2023,9,Sporty Athleisure Dress,10,1260.275781,4.906240034,0,0,,,53.15872053,0.359495967
06-03-2023,10,Customizable Dress,21,1260.275781,4.906240034,0,0,,,53.15872053,0.359495967
07-03-2023,1,Floral Sundress,14,1974.812061,3.893523593,1,0,,,87.16199788,0.432715191
07-03-2023,2,Evening Gown,26,1974.812061,3.893523593,1,0,,,87.16199788,0.432715191
07-03-2023,3,Business Casual Dress,25,1974.812061,3.893523593,1,0,,,87.16199788,0.432715191
07-03-2023,4,Sequin Party Dress,24,1974.812061,3.893523593,1,0,,,87.16199788,0.432715191
07-03-2023,5,Summer Maxi Dress,24,1974.812061,3.893523593,1,0,,,87.16199788,0.432715191
07-03-2023,6,Bridal Gown,14,1974.812061,3.893523593,1,0,,,87.16199788,0.432715191
07-03-2023,7,Traditional Ethnic Dress,23,1974.812061,3.893523593,1,0,,,87.16199788,0.432715191
07-03-2023,8,Maternity Nursing Dress,11,1974.812061,3.893523593,1,0,,,87.16199788,0.432715191
07-03-2023,9,Sporty Athleisure Dress,20,1974.812061,3.893523593,1,0,,,87.16199788,0.432715191
07-03-2023,10,Customizable Dress,28,1974.812061,3.893523593,1,0,,,87.16199788,0.432715191
08-03-2023,1,Floral Sundress,16,1205.440111,2.366552861,1,0,,,70.23469034,0.916465045
08-03-2023,2,Evening Gown,15,1205.440111,2.366552861,1,0,,,70.23469034,0.916465045
08-03-2023,3,Business Casual Dress,11,1205.440111,2.366552861,1,0,,,70.23469034,0.916465045
08-03-2023,4,Sequin Party Dress,15,1205.440111,2.366552861,1,0,,,70.23469034,0.916465045
08-03-2023,5,Summer Maxi Dress,27,1205.440111,2.366552861,1,0,,,70.23469034,0.916465045
08-03-2023,6,Bridal Gown,11,1205.440111,2.366552861,1,0,,,70.23469034,0.916465045
08-03-2023,7,Traditional Ethnic Dress,27,1205.440111,2.366552861,1,0,,,70.23469034,0.916465045
08-03-2023,8,Maternity Nursing Dress,24,1205.440111,2.366552861,1,0,,,70.23469034,0.916465045
08-03-2023,9,Sporty Athleisure Dress,28,1205.440111,2.366552861,1,0,,,70.23469034,0.916465045
08-03-2023,10,Customizable Dress,11,1205.440111,2.366552861,1,0,,,70.23469034,0.916465045
09-03-2023,1,Floral Sundress,29,1816.289223,4.717781764,1,0,,,86.24539479,0.427726931
09-03-2023,2,Evening Gown,15,1816.289223,4.717781764,1,0,,,86.24539479,0.427726931
09-03-2023,3,Business Casual Dress,10,1816.289223,4.717781764,1,0,,,86.24539479,0.427726931
09-03-2023,4,Sequin Party Dress,24,1816.289223,4.717781764,1,0,,,86.24539479,0.427726931
09-03-2023,5,Summer Maxi Dress,19,1816.289223,4.717781764,1,0,,,86.24539479,0.427726931
09-03-2023,6,Bridal Gown,28,1816.289223,4.717781764,1,0,,,86.24539479,0.427726931
09-03-2023,7,Traditional Ethnic Dress,26,1816.289223,4.717781764,1,0,,,86.24539479,0.427726931
09-03-2023,8,Maternity Nursing Dress,14,1816.289223,4.717781764,1,0,,,86.24539479,0.427726931
09-03-2023,9,Sporty Athleisure Dress,13,1816.289223,4.717781764,1,0,,,86.24539479,0.427726931
09-03-2023,10,Customizable Dress,19,1816.289223,4.717781764,1,0,,,86.24539479,0.427726931
10-03-2023,1,Floral Sundress,26,1271.321305,1.261477824,1,0,,,59.39475309,0.721514531
10-03-2023,2,Evening Gown,19,1271.321305,1.261477824,1,0,,,59.39475309,0.721514531
10-03-2023,3,Business Casual Dress,26,1271.321305,1.261477824,1,0,,,59.39475309,0.721514531
10-03-2023,4,Sequin Party Dress,29,1271.321305,1.261477824,1,0,,,59.39475309,0.721514531
10-03-2023,5,Summer Maxi Dress,14,1271.321305,1.261477824,1,0,,,59.39475309,0.721514531
10-03-2023,6,Bridal Gown,11,1271.321305,1.261477824,1,0,,,59.39475309,0.721514531
10-03-2023,7,Traditional Ethnic Dress,15,1271.321305,1.261477824,1,0,,,59.39475309,0.721514531
10-03-2023,8,Maternity Nursing Dress,11,1271.321305,1.261477824,1,0,,,59.39475309,0.721514531
10-03-2023,9,Sporty Athleisure Dress,22,1271.321305,1.261477824,1,0,,,59.39475309,0.721514531
10-03-2023,10,Customizable Dress,20,1271.321305,1.261477824,1,0,,,59.39475309,0.721514531
11-03-2023,1,Floral Sundress,20,1254.341863,2.264569938,0,0,,,67.78054386,0.200873556
11-03-2023,2,Evening Gown,25,1254.341863,2.264569938,0,0,,,67.78054386,0.200873556
11-03-2023,3,Business Casual Dress,20,1254.341863,2.264569938,0,0,,,67.78054386,0.200873556
11-03-2023,4,Sequin Party Dress,28,1254.341863,2.264569938,0,0,,,67.78054386,0.200873556
11-03-2023,5,Summer Maxi Dress,24,1254.341863,2.264569938,0,0,,,67.78054386,0.200873556
11-03-2023,6,Bridal Gown,25,1254.341863,2.264569938,0,0,,,67.78054386,0.200873556
11-03-2023,7,Traditional Ethnic Dress,20,1254.341863,2.264569938,0,0,,,67.78054386,0.200873556
11-03-2023,8,Maternity Nursing Dress,25,1254.341863,2.264569938,0,0,,,67.78054386,0.200873556
11-03-2023,9,Sporty Athleisure Dress,17,1254.341863,2.264569938,0,0,,,67.78054386,0.200873556
11-03-2023,10,Customizable Dress,13,1254.341863,2.264569938,0,0,,,67.78054386,0.200873556
12-03-2023,1,Floral Sundress,17,1818.782991,3.07855555,1,1,,,51.55187129,0.723058124
12-03-2023,2,Evening Gown,13,1818.782991,3.07855555,1,1,,,51.55187129,0.723058124
12-03-2023,3,Business Casual Dress,12,1818.782991,3.07855555,1,1,,,51.55187129,0.723058124
12-03-2023,4,Sequin Party Dress,12,1818.782991,3.07855555,1,1,,,51.55187129,0.723058124
12-03-2023,5,Summer Maxi Dress,27,1818.782991,3.07855555,1,1,,,51.55187129,0.723058124
12-03-2023,6,Bridal Gown,28,1818.782991,3.07855555,1,1,,,51.55187129,0.723058124
12-03-2023,7,Traditional Ethnic Dress,28,1818.782991,3.07855555,1,1,,,51.55187129,0.723058124
12-03-2023,8,Maternity Nursing Dress,14,1818.782991,3.07855555,1,1,,,51.55187129,0.723058124
12-03-2023,9,Sporty Athleisure Dress,27,1818.782991,3.07855555,1,1,,,51.55187129,0.723058124
12-03-2023,10,Customizable Dress,19,1818.782991,3.07855555,1,1,,,51.55187129,0.723058124
13-03-2023,1,Floral Sundress,15,1463.554047,4.540615908,1,1,,,74.38099996,0.340566867
13-03-2023,2,Evening Gown,10,1463.554047,4.540615908,1,1,,,74.38099996,0.340566867
13-03-2023,3,Business Casual Dress,14,1463.554047,4.540615908,1,1,,,74.38099996,0.340566867
13-03-2023,4,Sequin Party Dress,18,1463.554047,4.540615908,1,1,,,74.38099996,0.340566867
13-03-2023,5,Summer Maxi Dress,21,1463.554047,4.540615908,1,1,,,74.38099996,0.340566867
13-03-2023,6,Bridal Gown,23,1463.554047,4.540615908,1,1,,,74.38099996,0.340566867
13-03-2023,7,Traditional Ethnic Dress,11,1463.554047,4.540615908,1,1,,,74.38099996,0.340566867
13-03-2023,8,Maternity Nursing Dress,26,1463.554047,4.540615908,1,1,,,74.38099996,0.340566867
13-03-2023,9,Sporty Athleisure Dress,23,1463.554047,4.540615908,1,1,,,74.38099996,0.340566867
13-03-2023,10,Customizable Dress,22,1463.554047,4.540615908,1,1,,,74.38099996,0.340566867
14-03-2023,1,Floral Sundress,18,1305.527321,3.485601616,1,1,,,74.56888911,0.425362882
14-03-2023,2,Evening Gown,24,1305.527321,3.485601616,1,1,,,74.56888911,0.425362882
14-03-2023,3,Business Casual Dress,24,1305.527321,3.485601616,1,1,,,74.56888911,0.425362882
14-03-2023,4,Sequin Party Dress,20,1305.527321,3.485601616,1,1,,,74.56888911,0.425362882
14-03-2023,5,Summer Maxi Dress,25,1305.527321,3.485601616,1,1,,,74.56888911,0.425362882
14-03-2023,6,Bridal Gown,26,1305.527321,3.485601616,1,1,,,74.56888911,0.425362882
14-03-2023,7,Traditional Ethnic Dress,13,1305.527321,3.485601616,1,1,,,74.56888911,0.425362882
14-03-2023,8,Maternity Nursing Dress,10,1305.527321,3.485601616,1,1,,,74.56888911,0.425362882
14-03-2023,9,Sporty Athleisure Dress,17,1305.527321,3.485601616,1,1,,,74.56888911,0.425362882
14-03-2023,10,Customizable Dress,26,1305.527321,3.485601616,1,1,,,74.56888911,0.425362882
15-03-2023,1,Floral Sundress,12,1504.80914,1.763877232,1,1,,,65.4013634,0.611112513
15-03-2023,2,Evening Gown,29,1504.80914,1.763877232,1,1,,,65.4013634,0.611112513
15-03-2023,3,Business Casual Dress,24,1504.80914,1.763877232,1,1,,,65.4013634,0.611112513
15-03-2023,4,Sequin Party Dress,24,1504.80914,1.763877232,1,1,,,65.4013634,0.611112513
15-03-2023,5,Summer Maxi Dress,23,1504.80914,1.763877232,1,1,,,65.4013634,0.611112513
15-03-2023,6,Bridal Gown,23,1504.80914,1.763877232,1,1,,,65.4013634,0.611112513
15-03-2023,7,Traditional Ethnic Dress,11,1504.80914,1.763877232,1,1,,,65.4013634,0.611112513
15-03-2023,8,Maternity Nursing Dress,22,1504.80914,1.763877232,1,1,,,65.4013634,0.611112513
15-03-2023,9,Sporty Athleisure Dress,23,1504.80914,1.763877232,1,1,,,65.4013634,0.611112513
15-03-2023,10,Customizable Dress,28,1504.80914,1.763877232,1,1,,,65.4013634,0.611112513
16-03-2023,1,Floral Sundress,16,1160.925556,4.893664864,1,1,,,73.01141881,0.259815119
16-03-2023,2,Evening Gown,12,1160.925556,4.893664864,1,1,,,73.01141881,0.259815119
16-03-2023,3,Business Casual Dress,24,1160.925556,4.893664864,1,1,,,73.01141881,0.259815119
16-03-2023,4,Sequin Party Dress,23,1160.925556,4.893664864,1,1,,,73.01141881,0.259815119
16-03-2023,5,Summer Maxi Dress,20,1160.925556,4.893664864,1,1,,,73.01141881,0.259815119
16-03-2023,6,Bridal Gown,24,1160.925556,4.893664864,1,1,,,73.01141881,0.259815119
16-03-2023,7,Traditional Ethnic Dress,22,1160.925556,4.893664864,1,1,,,73.01141881,0.259815119
16-03-2023,8,Maternity Nursing Dress,27,1160.925556,4.893664864,1,1,,,73.01141881,0.259815119
16-03-2023,9,Sporty Athleisure Dress,15,1160.925556,4.893664864,1,1,,,73.01141881,0.259815119
16-03-2023,10,Customizable Dress,12,1160.925556,4.893664864,1,1,,,73.01141881,0.259815119
17-03-2023,1,Floral Sundress,28,1938.376238,3.903471812,0,0,,,77.68585919,0.839905401
17-03-2023,2,Evening Gown,24,1938.376238,3.903471812,0,0,,,77.68585919,0.839905401
17-03-2023,3,Business Casual Dress,14,1938.376238,3.903471812,0,0,,,77.68585919,0.839905401
17-03-2023,4,Sequin Party Dress,19,1938.376238,3.903471812,0,0,,,77.68585919,0.839905401
17-03-2023,5,Summer Maxi Dress,16,1938.376238,3.903471812,0,0,,,77.68585919,0.839905401
17-03-2023,6,Bridal Gown,26,1938.376238,3.903471812,0,0,,,77.68585919,0.839905401
17-03-2023,7,Traditional Ethnic Dress,16,1938.376238,3.903471812,0,0,,,77.68585919,0.839905401
17-03-2023,8,Maternity Nursing Dress,21,1938.376238,3.903471812,0,0,,,77.68585919,0.839905401
17-03-2023,9,Sporty Athleisure Dress,26,1938.376238,3.903471812,0,0,,,77.68585919,0.839905401
17-03-2023,10,Customizable Dress,22,1938.376238,3.903471812,0,0,,,77.68585919,0.839905401
18-03-2023,1,Floral Sundress,29,1147.316339,3.098799919,1,0,,,78.95755802,0.755993268
18-03-2023,2,Evening Gown,13,1147.316339,3.098799919,1,0,,,78.95755802,0.755993268
18-03-2023,3,Business Casual Dress,19,1147.316339,3.098799919,1,0,,,78.95755802,0.755993268
18-03-2023,4,Sequin Party Dress,12,1147.316339,3.098799919,1,0,,,78.95755802,0.755993268
18-03-2023,5,Summer Maxi Dress,18,1147.316339,3.098799919,1,0,,,78.95755802,0.755993268
18-03-2023,6,Bridal Gown,22,1147.316339,3.098799919,1,0,,,78.95755802,0.755993268
18-03-2023,7,Traditional Ethnic Dress,27,1147.316339,3.098799919,1,0,,,78.95755802,0.755993268
18-03-2023,8,Maternity Nursing Dress,24,1147.316339,3.098799919,1,0,,,78.95755802,0.755993268
18-03-2023,9,Sporty Athleisure Dress,13,1147.316339,3.098799919,1,0,,,78.95755802,0.755993268
18-03-2023,10,Customizable Dress,24,1147.316339,3.098799919,1,0,,,78.95755802,0.755993268
19-03-2023,1,Floral Sundress,11,1807.679467,1.420466485,0,0,,,86.40882501,0.538173306
19-03-2023,2,Evening Gown,24,1807.679467,1.420466485,0,0,,,86.40882501,0.538173306
19-03-2023,3,Business Casual Dress,17,1807.679467,1.420466485,0,0,,,86.40882501,0.538173306
19-03-2023,4,Sequin Party Dress,17,1807.679467,1.420466485,0,0,,,86.40882501,0.538173306
19-03-2023,5,Summer Maxi Dress,26,1807.679467,1.420466485,0,0,,,86.40882501,0.538173306
19-03-2023,6,Bridal Gown,21,1807.679467,1.420466485,0,0,,,86.40882501,0.538173306
19-03-2023,7,Traditional Ethnic Dress,28,1807.679467,1.420466485,0,0,,,86.40882501,0.538173306
19-03-2023,8,Maternity Nursing Dress,19,1807.679467,1.420466485,0,0,,,86.40882501,0.538173306
19-03-2023,9,Sporty Athleisure Dress,18,1807.679467,1.420466485,0,0,,,86.40882501,0.538173306
19-03-2023,10,Customizable Dress,14,1807.679467,1.420466485,0,0,,,86.40882501,0.538173306
20-03-2023,1,Floral Sundress,15,1109.483836,1.893880433,0,0,,,64.19210197,0.008023675
20-03-2023,2,Evening Gown,29,1109.483836,1.893880433,0,0,,,64.19210197,0.008023675
20-03-2023,3,Business Casual Dress,11,1109.483836,1.893880433,0,0,,,64.19210197,0.008023675
20-03-2023,4,Sequin Party Dress,22,1109.483836,1.893880433,0,0,,,64.19210197,0.008023675
20-03-2023,5,Summer Maxi Dress,15,1109.483836,1.893880433,0,0,,,64.19210197,0.008023675
20-03-2023,6,Bridal Gown,14,1109.483836,1.893880433,0,0,,,64.19210197,0.008023675
20-03-2023,7,Traditional Ethnic Dress,10,1109.483836,1.893880433,0,0,,,64.19210197,0.008023675
20-03-2023,8,Maternity Nursing Dress,15,1109.483836,1.893880433,0,0,,,64.19210197,0.008023675
20-03-2023,9,Sporty Athleisure Dress,15,1109.483836,1.893880433,0,0,,,64.19210197,0.008023675
20-03-2023,10,Customizable Dress,25,1109.483836,1.893880433,0,0,,,64.19210197,0.008023675
21-03-2023,1,Floral Sundress,13,1437.213385,2.538170129,1,0,,,83.5650716,0.638151
21-03-2023,2,Evening Gown,20,1437.213385,2.538170129,1,0,,,83.5650716,0.638151
21-03-2023,3,Business Casual Dress,18,1437.213385,2.538170129,1,0,,,83.5650716,0.638151
21-03-2023,4,Sequin Party Dress,12,1437.213385,2.538170129,1,0,,,83.5650716,0.638151
21-03-2023,5,Summer Maxi Dress,28,1437.213385,2.538170129,1,0,,,83.5650716,0.638151
21-03-2023,6,Bridal Gown,17,1437.213385,2.538170129,1,0,,,83.5650716,0.638151
21-03-2023,7,Traditional Ethnic Dress,14,1437.213385,2.538170129,1,0,,,83.5650716,0.638151
21-03-2023,8,Maternity Nursing Dress,13,1437.213385,2.538170129,1,0,,,83.5650716,0.638151
21-03-2023,9,Sporty Athleisure Dress,15,1437.213385,2.538170129,1,0,,,83.5650716,0.638151
21-03-2023,10,Customizable Dress,11,1437.213385,2.538170129,1,0,,,83.5650716,0.638151
22-03-2023,1,Floral Sundress,29,1782.754391,2.007680572,0,1,,,68.59859126,0.458047529
22-03-2023,2,Evening Gown,20,1782.754391,2.007680572,0,1,,,68.59859126,0.458047529
22-03-2023,3,Business Casual Dress,13,1782.754391,2.007680572,0,1,,,68.59859126,0.458047529
22-03-2023,4,Sequin Party Dress,24,1782.754391,2.007680572,0,1,,,68.59859126,0.458047529
22-03-2023,5,Summer Maxi Dress,15,1782.754391,2.007680572,0,1,,,68.59859126,0.458047529
22-03-2023,6,Bridal Gown,26,1782.754391,2.007680572,0,1,,,68.59859126,0.458047529
22-03-2023,7,Traditional Ethnic Dress,15,1782.754391,2.007680572,0,1,,,68.59859126,0.458047529
22-03-2023,8,Maternity Nursing Dress,28,1782.754391,2.007680572,0,1,,,68.59859126,0.458047529
22-03-2023,9,Sporty Athleisure Dress,11,1782.754391,2.007680572,0,1,,,68.59859126,0.458047529
22-03-2023,10,Customizable Dress,24,1782.754391,2.007680572,0,1,,,68.59859126,0.458047529
23-03-2023,1,Floral Sundress,20,1930.870384,1.32718641,0,1,,,68.9593475,0.989334687
23-03-2023,2,Evening Gown,17,1930.870384,1.32718641,0,1,,,68.9593475,0.989334687
23-03-2023,3,Business Casual Dress,28,1930.870384,1.32718641,0,1,,,68.9593475,0.989334687
23-03-2023,4,Sequin Party Dress,22,1930.870384,1.32718641,0,1,,,68.9593475,0.989334687
23-03-2023,5,Summer Maxi Dress,21,1930.870384,1.32718641,0,1,,,68.9593475,0.989334687
23-03-2023,6,Bridal Gown,14,1930.870384,1.32718641,0,1,,,68.9593475,0.989334687
23-03-2023,7,Traditional Ethnic Dress,15,1930.870384,1.32718641,0,1,,,68.9593475,0.989334687
23-03-2023,8,Maternity Nursing Dress,13,1930.870384,1.32718641,0,1,,,68.9593475,0.989334687
23-03-2023,9,Sporty Athleisure Dress,28,1930.870384,1.32718641,0,1,,,68.9593475,0.989334687
23-03-2023,10,Customizable Dress,29,1930.870384,1.32718641,0,1,,,68.9593475,0.989334687
24-03-2023,1,Floral Sundress,10,1558.971986,4.093494083,1,1,,,82.71625934,0.902377236
24-03-2023,2,Evening Gown,29,1558.971986,4.093494083,1,1,,,82.71625934,0.902377236
24-03-2023,3,Business Casual Dress,26,1558.971986,4.093494083,1,1,,,82.71625934,0.902377236
24-03-2023,4,Sequin Party Dress,21,1558.971986,4.093494083,1,1,,,82.71625934,0.902377236
24-03-2023,5,Summer Maxi Dress,24,1558.971986,4.093494083,1,1,,,82.71625934,0.902377236
24-03-2023,6,Bridal Gown,10,1558.971986,4.093494083,1,1,,,82.71625934,0.902377236
24-03-2023,7,Traditional Ethnic Dress,23,1558.971986,4.093494083,1,1,,,82.71625934,0.902377236
24-03-2023,8,Maternity Nursing Dress,15,1558.971986,4.093494083,1,1,,,82.71625934,0.902377236
24-03-2023,9,Sporty Athleisure Dress,14,1558.971986,4.093494083,1,1,,,82.71625934,0.902377236
24-03-2023,10,Customizable Dress,20,1558.971986,4.093494083,1,1,,,82.71625934,0.902377236
25-03-2023,1,Floral Sundress,13,1597.682666,1.360208493,1,1,,,86.18670435,0.718173981
25-03-2023,2,Evening Gown,22,1597.682666,1.360208493,1,1,,,86.18670435,0.718173981
25-03-2023,3,Business Casual Dress,20,1597.682666,1.360208493,1,1,,,86.18670435,0.718173981
25-03-2023,4,Sequin Party Dress,12,1597.682666,1.360208493,1,1,,,86.18670435,0.718173981
25-03-2023,5,Summer Maxi Dress,10,1597.682666,1.360208493,1,1,,,86.18670435,0.718173981
25-03-2023,6,Bridal Gown,15,1597.682666,1.360208493,1,1,,,86.18670435,0.718173981
25-03-2023,7,Traditional Ethnic Dress,27,1597.682666,1.360208493,1,1,,,86.18670435,0.718173981
25-03-2023,8,Maternity Nursing Dress,19,1597.682666,1.360208493,1,1,,,86.18670435,0.718173981
25-03-2023,9,Sporty Athleisure Dress,14,1597.682666,1.360208493,1,1,,,86.18670435,0.718173981
25-03-2023,10,Customizable Dress,19,1597.682666,1.360208493,1,1,,,86.18670435,0.718173981
26-03-2023,1,Floral Sundress,21,1750.168543,3.193606447,0,0,,,72.65611635,0.117910852
26-03-2023,2,Evening Gown,11,1750.168543,3.193606447,0,0,,,72.65611635,0.117910852
26-03-2023,3,Business Casual Dress,22,1750.168543,3.193606447,0,0,,,72.65611635,0.117910852
26-03-2023,4,Sequin Party Dress,17,1750.168543,3.193606447,0,0,,,72.65611635,0.117910852
26-03-2023,5,Summer Maxi Dress,11,1750.168543,3.193606447,0,0,,,72.65611635,0.117910852
26-03-2023,6,Bridal Gown,29,1750.168543,3.193606447,0,0,,,72.65611635,0.117910852
26-03-2023,7,Traditional Ethnic Dress,10,1750.168543,3.193606447,0,0,,,72.65611635,0.117910852
26-03-2023,8,Maternity Nursing Dress,14,1750.168543,3.193606447,0,0,,,72.65611635,0.117910852
26-03-2023,9,Sporty Athleisure Dress,18,1750.168543,3.193606447,0,0,,,72.65611635,0.117910852
26-03-2023,10,Customizable Dress,26,1750.168543,3.193606447,0,0,,,72.65611635,0.117910852
27-03-2023,1,Floral Sundress,18,1438.826828,1.515778493,0,0,,,58.86673962,0.976431749
27-03-2023,2,Evening Gown,20,1438.826828,1.515778493,0,0,,,58.86673962,0.976431749
27-03-2023,3,Business Casual Dress,24,1438.826828,1.515778493,0,0,,,58.86673962,0.976431749
27-03-2023,4,Sequin Party Dress,15,1438.826828,1.515778493,0,0,,,58.86673962,0.976431749
27-03-2023,5,Summer Maxi Dress,12,1438.826828,1.515778493,0,0,,,58.86673962,0.976431749
27-03-2023,6,Bridal Gown,26,1438.826828,1.515778493,0,0,,,58.86673962,0.976431749
27-03-2023,7,Traditional Ethnic Dress,14,1438.826828,1.515778493,0,0,,,58.86673962,0.976431749
27-03-2023,8,Maternity Nursing Dress,21,1438.826828,1.515778493,0,0,,,58.86673962,0.976431749
27-03-2023,9,Sporty Athleisure Dress,27,1438.826828,1.515778493,0,0,,,58.86673962,0.976431749
27-03-2023,10,Customizable Dress,23,1438.826828,1.515778493,0,0,,,58.86673962,0.976431749
28-03-2023,1,Floral Sundress,20,1514.658012,1.394908229,0,0,,,81.54428446,0.038428472
28-03-2023,2,Evening Gown,18,1514.658012,1.394908229,0,0,,,81.54428446,0.038428472
28-03-2023,3,Business Casual Dress,11,1514.658012,1.394908229,0,0,,,81.54428446,0.038428472
28-03-2023,4,Sequin Party Dress,21,1514.658012,1.394908229,0,0,,,81.54428446,0.038428472
28-03-2023,5,Summer Maxi Dress,12,1514.658012,1.394908229,0,0,,,81.54428446,0.038428472
28-03-2023,6,Bridal Gown,12,1514.658012,1.394908229,0,0,,,81.54428446,0.038428472
28-03-2023,7,Traditional Ethnic Dress,10,1514.658012,1.394908229,0,0,,,81.54428446,0.038428472
28-03-2023,8,Maternity Nursing Dress,17,1514.658012,1.394908229,0,0,,,81.54428446,0.038428472
28-03-2023,9,Sporty Athleisure Dress,17,1514.658012,1.394908229,0,0,,,81.54428446,0.038428472
28-03-2023,10,Customizable Dress,20,1514.658012,1.394908229,0,0,,,81.54428446,0.038428472
29-03-2023,1,Floral Sundress,18,1860.618417,1.330356712,1,0,,,69.17376337,0.751369344
29-03-2023,2,Evening Gown,14,1860.618417,1.330356712,1,0,,,69.17376337,0.751369344
29-03-2023,3,Business Casual Dress,23,1860.618417,1.330356712,1,0,,,69.17376337,0.751369344
29-03-2023,4,Sequin Party Dress,12,1860.618417,1.330356712,1,0,,,69.17376337,0.751369344
29-03-2023,5,Summer Maxi Dress,14,1860.618417,1.330356712,1,0,,,69.17376337,0.751369344
29-03-2023,6,Bridal Gown,14,1860.618417,1.330356712,1,0,,,69.17376337,0.751369344
29-03-2023,7,Traditional Ethnic Dress,28,1860.618417,1.330356712,1,0,,,69.17376337,0.751369344
29-03-2023,8,Maternity Nursing Dress,23,1860.618417,1.330356712,1,0,,,69.17376337,0.751369344
29-03-2023,9,Sporty Athleisure Dress,13,1860.618417,1.330356712,1,0,,,69.17376337,0.751369344
29-03-2023,10,Customizable Dress,22,1860.618417,1.330356712,1,0,,,69.17376337,0.751369344
30-03-2023,1,Floral Sundress,19,1334.263771,2.541992767,1,0,,,81.32112937,0.635343768
30-03-2023,2,Evening Gown,27,1334.263771,2.541992767,1,0,,,81.32112937,0.635343768
30-03-2023,3,Business Casual Dress,17,1334.263771,2.541992767,1,0,,,81.32112937,0.635343768
30-03-2023,4,Sequin Party Dress,17,1334.263771,2.541992767,1,0,,,81.32112937,0.635343768
30-03-2023,5,Summer Maxi Dress,16,1334.263771,2.541992767,1,0,,,81.32112937,0.635343768
30-03-2023,6,Bridal Gown,17,1334.263771,2.541992767,1,0,,,81.32112937,0.635343768
30-03-2023,7,Traditional Ethnic Dress,23,1334.263771,2.541992767,1,0,,,81.32112937,0.635343768
30-03-2023,8,Maternity Nursing Dress,28,1334.263771,2.541992767,1,0,,,81.32112937,0.635343768
30-03-2023,9,Sporty Athleisure Dress,15,1334.263771,2.541992767,1,0,,,81.32112937,0.635343768
30-03-2023,10,Customizable Dress,10,1334.263771,2.541992767,1,0,,,81.32112937,0.635343768
31-03-2023,1,Floral Sundress,24,1140.75548,4.261341378,0,0,,,87.11278017,0.696178434
31-03-2023,2,Evening Gown,10,1140.75548,4.261341378,0,0,,,87.11278017,0.696178434
31-03-2023,3,Business Casual Dress,26,1140.75548,4.261341378,0,0,,,87.11278017,0.696178434
31-03-2023,4,Sequin Party Dress,10,1140.75548,4.261341378,0,0,,,87.11278017,0.696178434
31-03-2023,5,Summer Maxi Dress,24,1140.75548,4.261341378,0,0,,,87.11278017,0.696178434
31-03-2023,6,Bridal Gown,11,1140.75548,4.261341378,0,0,,,87.11278017,0.696178434
31-03-2023,7,Traditional Ethnic Dress,23,1140.75548,4.261341378,0,0,,,87.11278017,0.696178434
31-03-2023,8,Maternity Nursing Dress,17,1140.75548,4.261341378,0,0,,,87.11278017,0.696178434
31-03-2023,9,Sporty Athleisure Dress,17,1140.75548,4.261341378,0,0,,,87.11278017,0.696178434
31-03-2023,10,Customizable Dress,28,1140.75548,4.261341378,0,0,,,87.11278017,0.696178434
01-04-2023,1,Floral Sundress,16,1614.278719,2.475589432,1,0,,,89.36727854,0.551793325
01-04-2023,2,Evening Gown,28,1614.278719,2.475589432,1,0,,,89.36727854,0.551793325
01-04-2023,3,Business Casual Dress,15,1614.278719,2.475589432,1,0,,,89.36727854,0.551793325
01-04-2023,4,Sequin Party Dress,15,1614.278719,2.475589432,1,0,,,89.36727854,0.551793325
01-04-2023,5,Summer Maxi Dress,12,1614.278719,2.475589432,1,0,,,89.36727854,0.551793325
01-04-2023,6,Bridal Gown,16,1614.278719,2.475589432,1,0,,,89.36727854,0.551793325
01-04-2023,7,Traditional Ethnic Dress,28,1614.278719,2.475589432,1,0,,,89.36727854,0.551793325
01-04-2023,8,Maternity Nursing Dress,17,1614.278719,2.475589432,1,0,,,89.36727854,0.551793325
01-04-2023,9,Sporty Athleisure Dress,19,1614.278719,2.475589432,1,0,,,89.36727854,0.551793325
01-04-2023,10,Customizable Dress,29,1614.278719,2.475589432,1,0,,,89.36727854,0.551793325
02-04-2023,1,Floral Sundress,24,1204.960529,2.108117954,1,1,,,58.61708145,0.801530235
02-04-2023,2,Evening Gown,24,1204.960529,2.108117954,1,1,,,58.61708145,0.801530235
02-04-2023,3,Business Casual Dress,10,1204.960529,2.108117954,1,1,,,58.61708145,0.801530235
02-04-2023,4,Sequin Party Dress,29,1204.960529,2.108117954,1,1,,,58.61708145,0.801530235
02-04-2023,5,Summer Maxi Dress,16,1204.960529,2.108117954,1,1,,,58.61708145,0.801530235
02-04-2023,6,Bridal Gown,13,1204.960529,2.108117954,1,1,,,58.61708145,0.801530235
02-04-2023,7,Traditional Ethnic Dress,15,1204.960529,2.108117954,1,1,,,58.61708145,0.801530235
02-04-2023,8,Maternity Nursing Dress,10,1204.960529,2.108117954,1,1,,,58.61708145,0.801530235
02-04-2023,9,Sporty Athleisure Dress,14,1204.960529,2.108117954,1,1,,,58.61708145,0.801530235
02-04-2023,10,Customizable Dress,10,1204.960529,2.108117954,1,1,,,58.61708145,0.801530235
03-04-2023,1,Floral Sundress,13,1364.172178,4.541988083,0,1,,,80.107231,0.056711003
03-04-2023,2,Evening Gown,11,1364.172178,4.541988083,0,1,,,80.107231,0.056711003
03-04-2023,3,Business Casual Dress,19,1364.172178,4.541988083,0,1,,,80.107231,0.056711003
03-04-2023,4,Sequin Party Dress,14,1364.172178,4.541988083,0,1,,,80.107231,0.056711003
03-04-2023,5,Summer Maxi Dress,19,1364.172178,4.541988083,0,1,,,80.107231,0.056711003
03-04-2023,6,Bridal Gown,10,1364.172178,4.541988083,0,1,,,80.107231,0.056711003
03-04-2023,7,Traditional Ethnic Dress,15,1364.172178,4.541988083,0,1,,,80.107231,0.056711003
03-04-2023,8,Maternity Nursing Dress,22,1364.172178,4.541988083,0,1,,,80.107231,0.056711003
03-04-2023,9,Sporty Athleisure Dress,24,1364.172178,4.541988083,0,1,,,80.107231,0.056711003
03-04-2023,10,Customizable Dress,13,1364.172178,4.541988083,0,1,,,80.107231,0.056711003
04-04-2023,1,Floral Sundress,22,1020.323504,2.408566895,1,0,,,50.87523774,0.733811856
04-04-2023,2,Evening Gown,29,1020.323504,2.408566895,1,0,,,50.87523774,0.733811856
04-04-2023,3,Business Casual Dress,24,1020.323504,2.408566895,1,0,,,50.87523774,0.733811856
04-04-2023,4,Sequin Party Dress,17,1020.323504,2.408566895,1,0,,,50.87523774,0.733811856
04-04-2023,5,Summer Maxi Dress,14,1020.323504,2.408566895,1,0,,,50.87523774,0.733811856
04-04-2023,6,Bridal Gown,24,1020.323504,2.408566895,1,0,,,50.87523774,0.733811856
04-04-2023,7,Traditional Ethnic Dress,13,1020.323504,2.408566895,1,0,,,50.87523774,0.733811856
04-04-2023,8,Maternity Nursing Dress,21,1020.323504,2.408566895,1,0,,,50.87523774,0.733811856
04-04-2023,9,Sporty Athleisure Dress,22,1020.323504,2.408566895,1,0,,,50.87523774,0.733811856
04-04-2023,10,Customizable Dress,11,1020.323504,2.408566895,1,0,,,50.87523774,0.733811856
05-04-2023,1,Floral Sundress,28,1995.766514,2.37665545,1,1,,,67.31600464,0.908606371
05-04-2023,2,Evening Gown,28,1995.766514,2.37665545,1,1,,,67.31600464,0.908606371
05-04-2023,3,Business Casual Dress,13,1995.766514,2.37665545,1,1,,,67.31600464,0.908606371
05-04-2023,4,Sequin Party Dress,13,1995.766514,2.37665545,1,1,,,67.31600464,0.908606371
05-04-2023,5,Summer Maxi Dress,20,1995.766514,2.37665545,1,1,,,67.31600464,0.908606371
05-04-2023,6,Bridal Gown,14,1995.766514,2.37665545,1,1,,,67.31600464,0.908606371
05-04-2023,7,Traditional Ethnic Dress,29,1995.766514,2.37665545,1,1,,,67.31600464,0.908606371
05-04-2023,8,Maternity Nursing Dress,20,1995.766514,2.37665545,1,1,,,67.31600464,0.908606371
05-04-2023,9,Sporty Athleisure Dress,19,1995.766514,2.37665545,1,1,,,67.31600464,0.908606371
05-04-2023,10,Customizable Dress,17,1995.766514,2.37665545,1,1,,,67.31600464,0.908606371
06-04-2023,1,Floral Sundress,15,1751.07827,1.560400836,0,0,,,72.89391794,0.713587301
06-04-2023,2,Evening Gown,15,1751.07827,1.560400836,0,0,,,72.89391794,0.713587301
06-04-2023,3,Business Casual Dress,17,1751.07827,1.560400836,0,0,,,72.89391794,0.713587301
06-04-2023,4,Sequin Party Dress,24,1751.07827,1.560400836,0,0,,,72.89391794,0.713587301
06-04-2023,5,Summer Maxi Dress,23,1751.07827,1.560400836,0,0,,,72.89391794,0.713587301
06-04-2023,6,Bridal Gown,20,1751.07827,1.560400836,0,0,,,72.89391794,0.713587301
06-04-2023,7,Traditional Ethnic Dress,21,1751.07827,1.560400836,0,0,,,72.89391794,0.713587301
06-04-2023,8,Maternity Nursing Dress,22,1751.07827,1.560400836,0,0,,,72.89391794,0.713587301
06-04-2023,9,Sporty Athleisure Dress,17,1751.07827,1.560400836,0,0,,,72.89391794,0.713587301
06-04-2023,10,Customizable Dress,27,1751.07827,1.560400836,0,0,,,72.89391794,0.713587301
07-04-2023,1,Floral Sundress,10,1868.480252,4.490194272,0,0,,,57.52523466,0.956887025
07-04-2023,2,Evening Gown,24,1868.480252,4.490194272,0,0,,,57.52523466,0.956887025
07-04-2023,3,Business Casual Dress,17,1868.480252,4.490194272,0,0,,,57.52523466,0.956887025
07-04-2023,4,Sequin Party Dress,20,1868.480252,4.490194272,0,0,,,57.52523466,0.956887025
07-04-2023,5,Summer Maxi Dress,21,1868.480252,4.490194272,0,0,,,57.52523466,0.956887025
07-04-2023,6,Bridal Gown,21,1868.480252,4.490194272,0,0,,,57.52523466,0.956887025
07-04-2023,7,Traditional Ethnic Dress,13,1868.480252,4.490194272,0,0,,,57.52523466,0.956887025
07-04-2023,8,Maternity Nursing Dress,25,1868.480252,4.490194272,0,0,,,57.52523466,0.956887025
07-04-2023,9,Sporty Athleisure Dress,13,1868.480252,4.490194272,0,0,,,57.52523466,0.956887025
07-04-2023,10,Customizable Dress,14,1868.480252,4.490194272,0,0,,,57.52523466,0.956887025
08-04-2023,1,Floral Sundress,14,1182.028003,1.098291443,1,0,,,78.78994478,0.22934879
08-04-2023,2,Evening Gown,17,1182.028003,1.098291443,1,0,,,78.78994478,0.22934879
08-04-2023,3,Business Casual Dress,19,1182.028003,1.098291443,1,0,,,78.78994478,0.22934879
08-04-2023,4,Sequin Party Dress,26,1182.028003,1.098291443,1,0,,,78.78994478,0.22934879
08-04-2023,5,Summer Maxi Dress,18,1182.028003,1.098291443,1,0,,,78.78994478,0.22934879
08-04-2023,6,Bridal Gown,28,1182.028003,1.098291443,1,0,,,78.78994478,0.22934879
08-04-2023,7,Traditional Ethnic Dress,23,1182.028003,1.098291443,1,0,,,78.78994478,0.22934879
08-04-2023,8,Maternity Nursing Dress,17,1182.028003,1.098291443,1,0,,,78.78994478,0.22934879
08-04-2023,9,Sporty Athleisure Dress,18,1182.028003,1.098291443,1,0,,,78.78994478,0.22934879
08-04-2023,10,Customizable Dress,20,1182.028003,1.098291443,1,0,,,78.78994478,0.22934879
09-04-2023,1,Floral Sundress,10,1334.443102,1.691042369,1,0,,,57.90746636,0.568421109
09-04-2023,2,Evening Gown,23,1334.443102,1.691042369,1,0,,,57.90746636,0.568421109
09-04-2023,3,Business Casual Dress,14,1334.443102,1.691042369,1,0,,,57.90746636,0.568421109
09-04-2023,4,Sequin Party Dress,23,1334.443102,1.691042369,1,0,,,57.90746636,0.568421109
09-04-2023,5,Summer Maxi Dress,13,1334.443102,1.691042369,1,0,,,57.90746636,0.568421109
09-04-2023,6,Bridal Gown,10,1334.443102,1.691042369,1,0,,,57.90746636,0.568421109
09-04-2023,7,Traditional Ethnic Dress,28,1334.443102,1.691042369,1,0,,,57.90746636,0.568421109
09-04-2023,8,Maternity Nursing Dress,17,1334.443102,1.691042369,1,0,,,57.90746636,0.568421109
09-04-2023,9,Sporty Athleisure Dress,24,1334.443102,1.691042369,1,0,,,57.90746636,0.568421109
09-04-2023,10,Customizable Dress,24,1334.443102,1.691042369,1,0,,,57.90746636,0.568421109
10-04-2023,1,Floral Sundress,18,1762.440921,1.691241066,1,0,,,59.63374441,0.062920746
10-04-2023,2,Evening Gown,18,1762.440921,1.691241066,1,0,,,59.63374441,0.062920746
10-04-2023,3,Business Casual Dress,19,1762.440921,1.691241066,1,0,,,59.63374441,0.062920746
10-04-2023,4,Sequin Party Dress,29,1762.440921,1.691241066,1,0,,,59.63374441,0.062920746
10-04-2023,5,Summer Maxi Dress,18,1762.440921,1.691241066,1,0,,,59.63374441,0.062920746
10-04-2023,6,Bridal Gown,12,1762.440921,1.691241066,1,0,,,59.63374441,0.062920746
10-04-2023,7,Traditional Ethnic Dress,29,1762.440921,1.691241066,1,0,,,59.63374441,0.062920746
10-04-2023,8,Maternity Nursing Dress,20,1762.440921,1.691241066,1,0,,,59.63374441,0.062920746
10-04-2023,9,Sporty Athleisure Dress,15,1762.440921,1.691241066,1,0,,,59.63374441,0.062920746
10-04-2023,10,Customizable Dress,11,1762.440921,1.691241066,1,0,,,59.63374441,0.062920746
11-04-2023,1,Floral Sundress,16,1754.168611,1.974162119,0,0,,,55.51110809,0.172938353
11-04-2023,2,Evening Gown,27,1754.168611,1.974162119,0,0,,,55.51110809,0.172938353
11-04-2023,3,Business Casual Dress,11,1754.168611,1.974162119,0,0,,,55.51110809,0.172938353
11-04-2023,4,Sequin Party Dress,26,1754.168611,1.974162119,0,0,,,55.51110809,0.172938353
11-04-2023,5,Summer Maxi Dress,20,1754.168611,1.974162119,0,0,,,55.51110809,0.172938353
11-04-2023,6,Bridal Gown,21,1754.168611,1.974162119,0,0,,,55.51110809,0.172938353
11-04-2023,7,Traditional Ethnic Dress,28,1754.168611,1.974162119,0,0,,,55.51110809,0.172938353
11-04-2023,8,Maternity Nursing Dress,16,1754.168611,1.974162119,0,0,,,55.51110809,0.172938353
11-04-2023,9,Sporty Athleisure Dress,29,1754.168611,1.974162119,0,0,,,55.51110809,0.172938353
11-04-2023,10,Customizable Dress,15,1754.168611,1.974162119,0,0,,,55.51110809,0.172938353
12-04-2023,1,Floral Sundress,10,1993.30869,2.358890753,0,1,,,53.67136763,0.480230608
12-04-2023,2,Evening Gown,26,1993.30869,2.358890753,0,1,,,53.67136763,0.480230608
12-04-2023,3,Business Casual Dress,20,1993.30869,2.358890753,0,1,,,53.67136763,0.480230608
12-04-2023,4,Sequin Party Dress,27,1993.30869,2.358890753,0,1,,,53.67136763,0.480230608
12-04-2023,5,Summer Maxi Dress,26,1993.30869,2.358890753,0,1,,,53.67136763,0.480230608
12-04-2023,6,Bridal Gown,16,1993.30869,2.358890753,0,1,,,53.67136763,0.480230608
12-04-2023,7,Traditional Ethnic Dress,26,1993.30869,2.358890753,0,1,,,53.67136763,0.480230608
12-04-2023,8,Maternity Nursing Dress,29,1993.30869,2.358890753,0,1,,,53.67136763,0.480230608
12-04-2023,9,Sporty Athleisure Dress,18,1993.30869,2.358890753,0,1,,,53.67136763,0.480230608
12-04-2023,10,Customizable Dress,26,1993.30869,2.358890753,0,1,,,53.67136763,0.480230608
13-04-2023,1,Floral Sundress,29,1568.066829,1.567665245,1,1,,,86.56137569,0.127848533
13-04-2023,2,Evening Gown,17,1568.066829,1.567665245,1,1,,,86.56137569,0.127848533
13-04-2023,3,Business Casual Dress,26,1568.066829,1.567665245,1,1,,,86.56137569,0.127848533
13-04-2023,4,Sequin Party Dress,16,1568.066829,1.567665245,1,1,,,86.56137569,0.127848533
13-04-2023,5,Summer Maxi Dress,10,1568.066829,1.567665245,1,1,,,86.56137569,0.127848533
13-04-2023,6,Bridal Gown,22,1568.066829,1.567665245,1,1,,,86.56137569,0.127848533
13-04-2023,7,Traditional Ethnic Dress,28,1568.066829,1.567665245,1,1,,,86.56137569,0.127848533
13-04-2023,8,Maternity Nursing Dress,28,1568.066829,1.567665245,1,1,,,86.56137569,0.127848533
13-04-2023,9,Sporty Athleisure Dress,26,1568.066829,1.567665245,1,1,,,86.56137569,0.127848533
13-04-2023,10,Customizable Dress,22,1568.066829,1.567665245,1,1,,,86.56137569,0.127848533
14-04-2023,1,Floral Sundress,25,1406.855831,2.996680825,0,1,,,68.78829324,0.321870587
14-04-2023,2,Evening Gown,17,1406.855831,2.996680825,0,1,,,68.78829324,0.321870587
14-04-2023,3,Business Casual Dress,28,1406.855831,2.996680825,0,1,,,68.78829324,0.321870587
14-04-2023,4,Sequin Party Dress,27,1406.855831,2.996680825,0,1,,,68.78829324,0.321870587
14-04-2023,5,Summer Maxi Dress,10,1406.855831,2.996680825,0,1,,,68.78829324,0.321870587
14-04-2023,6,Bridal Gown,23,1406.855831,2.996680825,0,1,,,68.78829324,0.321870587
14-04-2023,7,Traditional Ethnic Dress,28,1406.855831,2.996680825,0,1,,,68.78829324,0.321870587
14-04-2023,8,Maternity Nursing Dress,24,1406.855831,2.996680825,0,1,,,68.78829324,0.321870587
14-04-2023,9,Sporty Athleisure Dress,27,1406.855831,2.996680825,0,1,,,68.78829324,0.321870587
14-04-2023,10,Customizable Dress,11,1406.855831,2.996680825,0,1,,,68.78829324,0.321870587
15-04-2023,1,Floral Sundress,26,1403.964385,4.483608215,1,0,,,69.11885428,0.407082456
15-04-2023,2,Evening Gown,27,1403.964385,4.483608215,1,0,,,69.11885428,0.407082456
15-04-2023,3,Business Casual Dress,15,1403.964385,4.483608215,1,0,,,69.11885428,0.407082456
15-04-2023,4,Sequin Party Dress,28,1403.964385,4.483608215,1,0,,,69.11885428,0.407082456
15-04-2023,5,Summer Maxi Dress,13,1403.964385,4.483608215,1,0,,,69.11885428,0.407082456
15-04-2023,6,Bridal Gown,10,1403.964385,4.483608215,1,0,,,69.11885428,0.407082456
15-04-2023,7,Traditional Ethnic Dress,17,1403.964385,4.483608215,1,0,,,69.11885428,0.407082456
15-04-2023,8,Maternity Nursing Dress,16,1403.964385,4.483608215,1,0,,,69.11885428,0.407082456
15-04-2023,9,Sporty Athleisure Dress,12,1403.964385,4.483608215,1,0,,,69.11885428,0.407082456
15-04-2023,10,Customizable Dress,19,1403.964385,4.483608215,1,0,,,69.11885428,0.407082456
16-04-2023,1,Floral Sundress,19,1033.320541,3.867873477,0,0,,,73.01690023,0.68799935
16-04-2023,2,Evening Gown,28,1033.320541,3.867873477,0,0,,,73.01690023,0.68799935
16-04-2023,3,Business Casual Dress,23,1033.320541,3.867873477,0,0,,,73.01690023,0.68799935
16-04-2023,4,Sequin Party Dress,11,1033.320541,3.867873477,0,0,,,73.01690023,0.68799935
16-04-2023,5,Summer Maxi Dress,10,1033.320541,3.867873477,0,0,,,73.01690023,0.68799935
16-04-2023,6,Bridal Gown,27,1033.320541,3.867873477,0,0,,,73.01690023,0.68799935
16-04-2023,7,Traditional Ethnic Dress,16,1033.320541,3.867873477,0,0,,,73.01690023,0.68799935
16-04-2023,8,Maternity Nursing Dress,17,1033.320541,3.867873477,0,0,,,73.01690023,0.68799935
16-04-2023,9,Sporty Athleisure Dress,10,1033.320541,3.867873477,0,0,,,73.01690023,0.68799935
16-04-2023,10,Customizable Dress,12,1033.320541,3.867873477,0,0,,,73.01690023,0.68799935
17-04-2023,1,Floral Sundress,17,1828.165778,2.223609592,1,0,,,66.77484966,0.965699251
17-04-2023,2,Evening Gown,24,1828.165778,2.223609592,1,0,,,66.77484966,0.965699251
17-04-2023,3,Business Casual Dress,14,1828.165778,2.223609592,1,0,,,66.77484966,0.965699251
17-04-2023,4,Sequin Party Dress,12,1828.165778,2.223609592,1,0,,,66.77484966,0.965699251
17-04-2023,5,Summer Maxi Dress,28,1828.165778,2.223609592,1,0,,,66.77484966,0.965699251
17-04-2023,6,Bridal Gown,10,1828.165778,2.223609592,1,0,,,66.77484966,0.965699251
17-04-2023,7,Traditional Ethnic Dress,24,1828.165778,2.223609592,1,0,,,66.77484966,0.965699251
17-04-2023,8,Maternity Nursing Dress,17,1828.165778,2.223609592,1,0,,,66.77484966,0.965699251
17-04-2023,9,Sporty Athleisure Dress,11,1828.165778,2.223609592,1,0,,,66.77484966,0.965699251
17-04-2023,10,Customizable Dress,12,1828.165778,2.223609592,1,0,,,66.77484966,0.965699251
18-04-2023,1,Floral Sundress,23,1474.542864,3.329988023,0,0,,,78.09076273,0.125884879
18-04-2023,2,Evening Gown,23,1474.542864,3.329988023,0,0,,,78.09076273,0.125884879
18-04-2023,3,Business Casual Dress,20,1474.542864,3.329988023,0,0,,,78.09076273,0.125884879
18-04-2023,4,Sequin Party Dress,25,1474.542864,3.329988023,0,0,,,78.09076273,0.125884879
18-04-2023,5,Summer Maxi Dress,13,1474.542864,3.329988023,0,0,,,78.09076273,0.125884879
18-04-2023,6,Bridal Gown,29,1474.542864,3.329988023,0,0,,,78.09076273,0.125884879
18-04-2023,7,Traditional Ethnic Dress,14,1474.542864,3.329988023,0,0,,,78.09076273,0.125884879
18-04-2023,8,Maternity Nursing Dress,23,1474.542864,3.329988023,0,0,,,78.09076273,0.125884879
18-04-2023,9,Sporty Athleisure Dress,25,1474.542864,3.329988023,0,0,,,78.09076273,0.125884879
18-04-2023,10,Customizable Dress,27,1474.542864,3.329988023,0,0,,,78.09076273,0.125884879
19-04-2023,1,Floral Sundress,16,1281.372078,4.563221536,0,0,,,77.30029823,0.777095116
19-04-2023,2,Evening Gown,19,1281.372078,4.563221536,0,0,,,77.30029823,0.777095116
19-04-2023,3,Business Casual Dress,16,1281.372078,4.563221536,0,0,,,77.30029823,0.777095116
19-04-2023,4,Sequin Party Dress,10,1281.372078,4.563221536,0,0,,,77.30029823,0.777095116
19-04-2023,5,Summer Maxi Dress,28,1281.372078,4.563221536,0,0,,,77.30029823,0.777095116
19-04-2023,6,Bridal Gown,25,1281.372078,4.563221536,0,0,,,77.30029823,0.777095116
19-04-2023,7,Traditional Ethnic Dress,28,1281.372078,4.563221536,0,0,,,77.30029823,0.777095116
19-04-2023,8,Maternity Nursing Dress,13,1281.372078,4.563221536,0,0,,,77.30029823,0.777095116
19-04-2023,9,Sporty Athleisure Dress,27,1281.372078,4.563221536,0,0,,,77.30029823,0.777095116
19-04-2023,10,Customizable Dress,11,1281.372078,4.563221536,0,0,,,77.30029823,0.777095116
20-04-2023,1,Floral Sundress,10,1660.219612,4.361029221,0,0,,,66.89056922,0.105291043
20-04-2023,2,Evening Gown,24,1660.219612,4.361029221,0,0,,,66.89056922,0.105291043
20-04-2023,3,Business Casual Dress,14,1660.219612,4.361029221,0,0,,,66.89056922,0.105291043
20-04-2023,4,Sequin Party Dress,29,1660.219612,4.361029221,0,0,,,66.89056922,0.105291043
20-04-2023,5,Summer Maxi Dress,20,1660.219612,4.361029221,0,0,,,66.89056922,0.105291043
20-04-2023,6,Bridal Gown,19,1660.219612,4.361029221,0,0,,,66.89056922,0.105291043
20-04-2023,7,Traditional Ethnic Dress,11,1660.219612,4.361029221,0,0,,,66.89056922,0.105291043
20-04-2023,8,Maternity Nursing Dress,12,1660.219612,4.361029221,0,0,,,66.89056922,0.105291043
20-04-2023,9,Sporty Athleisure Dress,21,1660.219612,4.361029221,0,0,,,66.89056922,0.105291043
20-04-2023,10,Customizable Dress,29,1660.219612,4.361029221,0,0,,,66.89056922,0.105291043
21-04-2023,1,Floral Sundress,14,1981.627291,4.946734399,0,1,,,75.01187103,0.245822976
21-04-2023,2,Evening Gown,14,1981.627291,4.946734399,0,1,,,75.01187103,0.245822976
21-04-2023,3,Business Casual Dress,15,1981.627291,4.946734399,0,1,,,75.01187103,0.245822976
21-04-2023,4,Sequin Party Dress,18,1981.627291,4.946734399,0,1,,,75.01187103,0.245822976
21-04-2023,5,Summer Maxi Dress,11,1981.627291,4.946734399,0,1,,,75.01187103,0.245822976
21-04-2023,6,Bridal Gown,21,1981.627291,4.946734399,0,1,,,75.01187103,0.245822976
21-04-2023,7,Traditional Ethnic Dress,12,1981.627291,4.946734399,0,1,,,75.01187103,0.245822976
21-04-2023,8,Maternity Nursing Dress,29,1981.627291,4.946734399,0,1,,,75.01187103,0.245822976
21-04-2023,9,Sporty Athleisure Dress,21,1981.627291,4.946734399,0,1,,,75.01187103,0.245822976
21-04-2023,10,Customizable Dress,26,1981.627291,4.946734399,0,1,,,75.01187103,0.245822976
22-04-2023,1,Floral Sundress,19,1962.234769,4.992352913,0,1,,,62.78232,0.15730551
22-04-2023,2,Evening Gown,23,1962.234769,4.992352913,0,1,,,62.78232,0.15730551
22-04-2023,3,Business Casual Dress,26,1962.234769,4.992352913,0,1,,,62.78232,0.15730551
22-04-2023,4,Sequin Party Dress,27,1962.234769,4.992352913,0,1,,,62.78232,0.15730551
22-04-2023,5,Summer Maxi Dress,28,1962.234769,4.992352913,0,1,,,62.78232,0.15730551
22-04-2023,6,Bridal Gown,26,1962.234769,4.992352913,0,1,,,62.78232,0.15730551
22-04-2023,7,Traditional Ethnic Dress,23,1962.234769,4.992352913,0,1,,,62.78232,0.15730551
22-04-2023,8,Maternity Nursing Dress,18,1962.234769,4.992352913,0,1,,,62.78232,0.15730551
22-04-2023,9,Sporty Athleisure Dress,17,1962.234769,4.992352913,0,1,,,62.78232,0.15730551
22-04-2023,10,Customizable Dress,11,1962.234769,4.992352913,0,1,,,62.78232,0.15730551
23-04-2023,1,Floral Sundress,22,1875.118599,4.208955188,0,0,,,83.17169159,0.595078549
23-04-2023,2,Evening Gown,16,1875.118599,4.208955188,0,0,,,83.17169159,0.595078549
23-04-2023,3,Business Casual Dress,18,1875.118599,4.208955188,0,0,,,83.17169159,0.595078549
23-04-2023,4,Sequin Party Dress,20,1875.118599,4.208955188,0,0,,,83.17169159,0.595078549
23-04-2023,5,Summer Maxi Dress,23,1875.118599,4.208955188,0,0,,,83.17169159,0.595078549
23-04-2023,6,Bridal Gown,13,1875.118599,4.208955188,0,0,,,83.17169159,0.595078549
23-04-2023,7,Traditional Ethnic Dress,22,1875.118599,4.208955188,0,0,,,83.17169159,0.595078549
23-04-2023,8,Maternity Nursing Dress,11,1875.118599,4.208955188,0,0,,,83.17169159,0.595078549
23-04-2023,9,Sporty Athleisure Dress,14,1875.118599,4.208955188,0,0,,,83.17169159,0.595078549
23-04-2023,10,Customizable Dress,20,1875.118599,4.208955188,0,0,,,83.17169159,0.595078549
24-04-2023,1,Floral Sundress,15,1946.040834,2.743561095,0,0,,,78.0910451,0.06509186
24-04-2023,2,Evening Gown,27,1946.040834,2.743561095,0,0,,,78.0910451,0.06509186
24-04-2023,3,Business Casual Dress,19,1946.040834,2.743561095,0,0,,,78.0910451,0.06509186
24-04-2023,4,Sequin Party Dress,13,1946.040834,2.743561095,0,0,,,78.0910451,0.06509186
24-04-2023,5,Summer Maxi Dress,18,1946.040834,2.743561095,0,0,,,78.0910451,0.06509186
24-04-2023,6,Bridal Gown,15,1946.040834,2.743561095,0,0,,,78.0910451,0.06509186
24-04-2023,7,Traditional Ethnic Dress,11,1946.040834,2.743561095,0,0,,,78.0910451,0.06509186
24-04-2023,8,Maternity Nursing Dress,26,1946.040834,2.743561095,0,0,,,78.0910451,0.06509186
24-04-2023,9,Sporty Athleisure Dress,14,1946.040834,2.743561095,0,0,,,78.0910451,0.06509186
24-04-2023,10,Customizable Dress,15,1946.040834,2.743561095,0,0,,,78.0910451,0.06509186
25-04-2023,1,Floral Sundress,21,1880.980386,3.752233174,1,1,,,58.64581872,0.182812019
25-04-2023,2,Evening Gown,19,1880.980386,3.752233174,1,1,,,58.64581872,0.182812019
25-04-2023,3,Business Casual Dress,15,1880.980386,3.752233174,1,1,,,58.64581872,0.182812019
25-04-2023,4,Sequin Party Dress,17,1880.980386,3.752233174,1,1,,,58.64581872,0.182812019
25-04-2023,5,Summer Maxi Dress,11,1880.980386,3.752233174,1,1,,,58.64581872,0.182812019
25-04-2023,6,Bridal Gown,21,1880.980386,3.752233174,1,1,,,58.64581872,0.182812019
25-04-2023,7,Traditional Ethnic Dress,22,1880.980386,3.752233174,1,1,,,58.64581872,0.182812019
25-04-2023,8,Maternity Nursing Dress,16,1880.980386,3.752233174,1,1,,,58.64581872,0.182812019
25-04-2023,9,Sporty Athleisure Dress,19,1880.980386,3.752233174,1,1,,,58.64581872,0.182812019
25-04-2023,10,Customizable Dress,22,1880.980386,3.752233174,1,1,,,58.64581872,0.182812019
26-04-2023,1,Floral Sundress,26,1314.450649,3.869152777,1,0,,,66.12776211,0.449025029
26-04-2023,2,Evening Gown,23,1314.450649,3.869152777,1,0,,,66.12776211,0.449025029
26-04-2023,3,Business Casual Dress,11,1314.450649,3.869152777,1,0,,,66.12776211,0.449025029
26-04-2023,4,Sequin Party Dress,20,1314.450649,3.869152777,1,0,,,66.12776211,0.449025029
26-04-2023,5,Summer Maxi Dress,10,1314.450649,3.869152777,1,0,,,66.12776211,0.449025029
26-04-2023,6,Bridal Gown,28,1314.450649,3.869152777,1,0,,,66.12776211,0.449025029
26-04-2023,7,Traditional Ethnic Dress,13,1314.450649,3.869152777,1,0,,,66.12776211,0.449025029
26-04-2023,8,Maternity Nursing Dress,28,1314.450649,3.869152777,1,0,,,66.12776211,0.449025029
26-04-2023,9,Sporty Athleisure Dress,20,1314.450649,3.869152777,1,0,,,66.12776211,0.449025029
26-04-2023,10,Customizable Dress,17,1314.450649,3.869152777,1,0,,,66.12776211,0.449025029
27-04-2023,1,Floral Sundress,20,1072.434634,2.396122602,1,1,,,53.75168048,0.713854483
27-04-2023,2,Evening Gown,13,1072.434634,2.396122602,1,1,,,53.75168048,0.713854483
27-04-2023,3,Business Casual Dress,26,1072.434634,2.396122602,1,1,,,53.75168048,0.713854483
27-04-2023,4,Sequin Party Dress,16,1072.434634,2.396122602,1,1,,,53.75168048,0.713854483
27-04-2023,5,Summer Maxi Dress,17,1072.434634,2.396122602,1,1,,,53.75168048,0.713854483
27-04-2023,6,Bridal Gown,12,1072.434634,2.396122602,1,1,,,53.75168048,0.713854483
27-04-2023,7,Traditional Ethnic Dress,11,1072.434634,2.396122602,1,1,,,53.75168048,0.713854483
27-04-2023,8,Maternity Nursing Dress,24,1072.434634,2.396122602,1,1,,,53.75168048,0.713854483
27-04-2023,9,Sporty Athleisure Dress,14,1072.434634,2.396122602,1,1,,,53.75168048,0.713854483
27-04-2023,10,Customizable Dress,10,1072.434634,2.396122602,1,1,,,53.75168048,0.713854483
28-04-2023,1,Floral Sundress,13,1235.015193,1.293716762,1,0,,,60.42369211,0.161224157
28-04-2023,2,Evening Gown,24,1235.015193,1.293716762,1,0,,,60.42369211,0.161224157
28-04-2023,3,Business Casual Dress,29,1235.015193,1.293716762,1,0,,,60.42369211,0.161224157
28-04-2023,4,Sequin Party Dress,28,1235.015193,1.293716762,1,0,,,60.42369211,0.161224157
28-04-2023,5,Summer Maxi Dress,12,1235.015193,1.293716762,1,0,,,60.42369211,0.161224157
28-04-2023,6,Bridal Gown,29,1235.015193,1.293716762,1,0,,,60.42369211,0.161224157
28-04-2023,7,Traditional Ethnic Dress,20,1235.015193,1.293716762,1,0,,,60.42369211,0.161224157
28-04-2023,8,Maternity Nursing Dress,26,1235.015193,1.293716762,1,0,,,60.42369211,0.161224157
28-04-2023,9,Sporty Athleisure Dress,22,1235.015193,1.293716762,1,0,,,60.42369211,0.161224157
28-04-2023,10,Customizable Dress,20,1235.015193,1.293716762,1,0,,,60.42369211,0.161224157
29-04-2023,1,Floral Sundress,11,1749.879198,4.057009889,1,0,,,66.6601666,0.086040055
29-04-2023,2,Evening Gown,18,1749.879198,4.057009889,1,0,,,66.6601666,0.086040055
29-04-2023,3,Business Casual Dress,11,1749.879198,4.057009889,1,0,,,66.6601666,0.086040055
29-04-2023,4,Sequin Party Dress,18,1749.879198,4.057009889,1,0,,,66.6601666,0.086040055
29-04-2023,5,Summer Maxi Dress,18,1749.879198,4.057009889,1,0,,,66.6601666,0.086040055
29-04-2023,6,Bridal Gown,17,1749.879198,4.057009889,1,0,,,66.6601666,0.086040055
29-04-2023,7,Traditional Ethnic Dress,26,1749.879198,4.057009889,1,0,,,66.6601666,0.086040055
29-04-2023,8,Maternity Nursing Dress,10,1749.879198,4.057009889,1,0,,,66.6601666,0.086040055
29-04-2023,9,Sporty Athleisure Dress,20,1749.879198,4.057009889,1,0,,,66.6601666,0.086040055
29-04-2023,10,Customizable Dress,17,1749.879198,4.057009889,1,0,,,66.6601666,0.086040055
30-04-2023,1,Floral Sundress,19,1790.703656,2.706007962,0,1,,,75.22327644,0.759563703
30-04-2023,2,Evening Gown,16,1790.703656,2.706007962,0,1,,,75.22327644,0.759563703
30-04-2023,3,Business Casual Dress,12,1790.703656,2.706007962,0,1,,,75.22327644,0.759563703
30-04-2023,4,Sequin Party Dress,12,1790.703656,2.706007962,0,1,,,75.22327644,0.759563703
30-04-2023,5,Summer Maxi Dress,27,1790.703656,2.706007962,0,1,,,75.22327644,0.759563703
30-04-2023,6,Bridal Gown,14,1790.703656,2.706007962,0,1,,,75.22327644,0.759563703
30-04-2023,7,Traditional Ethnic Dress,21,1790.703656,2.706007962,0,1,,,75.22327644,0.759563703
30-04-2023,8,Maternity Nursing Dress,21,1790.703656,2.706007962,0,1,,,75.22327644,0.759563703
30-04-2023,9,Sporty Athleisure Dress,28,1790.703656,2.706007962,0,1,,,75.22327644,0.759563703
30-04-2023,10,Customizable Dress,15,1790.703656,2.706007962,0,1,,,75.22327644,0.759563703
01-05-2023,1,Floral Sundress,11,1144.013698,1.720596046,0,1,,,88.62366379,0.650721058
01-05-2023,2,Evening Gown,21,1144.013698,1.720596046,0,1,,,88.62366379,0.650721058
01-05-2023,3,Business Casual Dress,28,1144.013698,1.720596046,0,1,,,88.62366379,0.650721058
01-05-2023,4,Sequin Party Dress,14,1144.013698,1.720596046,0,1,,,88.62366379,0.650721058
01-05-2023,5,Summer Maxi Dress,21,1144.013698,1.720596046,0,1,,,88.62366379,0.650721058
01-05-2023,6,Bridal Gown,26,1144.013698,1.720596046,0,1,,,88.62366379,0.650721058
01-05-2023,7,Traditional Ethnic Dress,26,1144.013698,1.720596046,0,1,,,88.62366379,0.650721058
01-05-2023,8,Maternity Nursing Dress,19,1144.013698,1.720596046,0,1,,,88.62366379,0.650721058
01-05-2023,9,Sporty Athleisure Dress,26,1144.013698,1.720596046,0,1,,,88.62366379,0.650721058
01-05-2023,10,Customizable Dress,24,1144.013698,1.720596046,0,1,,,88.62366379,0.650721058
02-05-2023,1,Floral Sundress,21,1849.299968,2.96455027,1,0,,,52.23624177,0.339857618
02-05-2023,2,Evening Gown,25,1849.299968,2.96455027,1,0,,,52.23624177,0.339857618
02-05-2023,3,Business Casual Dress,28,1849.299968,2.96455027,1,0,,,52.23624177,0.339857618
02-05-2023,4,Sequin Party Dress,17,1849.299968,2.96455027,1,0,,,52.23624177,0.339857618
02-05-2023,5,Summer Maxi Dress,26,1849.299968,2.96455027,1,0,,,52.23624177,0.339857618
02-05-2023,6,Bridal Gown,14,1849.299968,2.96455027,1,0,,,52.23624177,0.339857618
02-05-2023,7,Traditional Ethnic Dress,25,1849.299968,2.96455027,1,0,,,52.23624177,0.339857618
02-05-2023,8,Maternity Nursing Dress,15,1849.299968,2.96455027,1,0,,,52.23624177,0.339857618
02-05-2023,9,Sporty Athleisure Dress,17,1849.299968,2.96455027,1,0,,,52.23624177,0.339857618
02-05-2023,10,Customizable Dress,27,1849.299968,2.96455027,1,0,,,52.23624177,0.339857618
03-05-2023,1,Floral Sundress,21,1417.230979,2.96261499,1,0,,,51.05652061,0.767667853
03-05-2023,2,Evening Gown,24,1417.230979,2.96261499,1,0,,,51.05652061,0.767667853
03-05-2023,3,Business Casual Dress,18,1417.230979,2.96261499,1,0,,,51.05652061,0.767667853
03-05-2023,4,Sequin Party Dress,22,1417.230979,2.96261499,1,0,,,51.05652061,0.767667853
03-05-2023,5,Summer Maxi Dress,24,1417.230979,2.96261499,1,0,,,51.05652061,0.767667853
03-05-2023,6,Bridal Gown,19,1417.230979,2.96261499,1,0,,,51.05652061,0.767667853
03-05-2023,7,Traditional Ethnic Dress,25,1417.230979,2.96261499,1,0,,,51.05652061,0.767667853
03-05-2023,8,Maternity Nursing Dress,16,1417.230979,2.96261499,1,0,,,51.05652061,0.767667853
03-05-2023,9,Sporty Athleisure Dress,26,1417.230979,2.96261499,1,0,,,51.05652061,0.767667853
03-05-2023,10,Customizable Dress,16,1417.230979,2.96261499,1,0,,,51.05652061,0.767667853
04-05-2023,1,Floral Sundress,23,1602.290065,2.748021143,1,1,,,75.69793061,0.893088597
04-05-2023,2,Evening Gown,24,1602.290065,2.748021143,1,1,,,75.69793061,0.893088597
04-05-2023,3,Business Casual Dress,16,1602.290065,2.748021143,1,1,,,75.69793061,0.893088597
04-05-2023,4,Sequin Party Dress,18,1602.290065,2.748021143,1,1,,,75.69793061,0.893088597
04-05-2023,5,Summer Maxi Dress,28,1602.290065,2.748021143,1,1,,,75.69793061,0.893088597
04-05-2023,6,Bridal Gown,25,1602.290065,2.748021143,1,1,,,75.69793061,0.893088597
04-05-2023,7,Traditional Ethnic Dress,17,1602.290065,2.748021143,1,1,,,75.69793061,0.893088597
04-05-2023,8,Maternity Nursing Dress,27,1602.290065,2.748021143,1,1,,,75.69793061,0.893088597
04-05-2023,9,Sporty Athleisure Dress,27,1602.290065,2.748021143,1,1,,,75.69793061,0.893088597
04-05-2023,10,Customizable Dress,29,1602.290065,2.748021143,1,1,,,75.69793061,0.893088597
05-05-2023,1,Floral Sundress,16,1020.624892,1.176528781,1,0,,,54.45082979,0.91938442
05-05-2023,2,Evening Gown,12,1020.624892,1.176528781,1,0,,,54.45082979,0.91938442
05-05-2023,3,Business Casual Dress,27,1020.624892,1.176528781,1,0,,,54.45082979,0.91938442
05-05-2023,4,Sequin Party Dress,19,1020.624892,1.176528781,1,0,,,54.45082979,0.91938442
05-05-2023,5,Summer Maxi Dress,16,1020.624892,1.176528781,1,0,,,54.45082979,0.91938442
05-05-2023,6,Bridal Gown,26,1020.624892,1.176528781,1,0,,,54.45082979,0.91938442
05-05-2023,7,Traditional Ethnic Dress,23,1020.624892,1.176528781,1,0,,,54.45082979,0.91938442
05-05-2023,8,Maternity Nursing Dress,12,1020.624892,1.176528781,1,0,,,54.45082979,0.91938442
05-05-2023,9,Sporty Athleisure Dress,21,1020.624892,1.176528781,1,0,,,54.45082979,0.91938442
05-05-2023,10,Customizable Dress,22,1020.624892,1.176528781,1,0,,,54.45082979,0.91938442
06-05-2023,1,Floral Sundress,11,1609.089312,1.975740044,0,0,,,53.96898279,0.251019239
06-05-2023,2,Evening Gown,12,1609.089312,1.975740044,0,0,,,53.96898279,0.251019239
06-05-2023,3,Business Casual Dress,14,1609.089312,1.975740044,0,0,,,53.96898279,0.251019239
06-05-2023,4,Sequin Party Dress,20,1609.089312,1.975740044,0,0,,,53.96898279,0.251019239
06-05-2023,5,Summer Maxi Dress,17,1609.089312,1.975740044,0,0,,,53.96898279,0.251019239
06-05-2023,6,Bridal Gown,21,1609.089312,1.975740044,0,0,,,53.96898279,0.251019239
06-05-2023,7,Traditional Ethnic Dress,16,1609.089312,1.975740044,0,0,,,53.96898279,0.251019239
06-05-2023,8,Maternity Nursing Dress,24,1609.089312,1.975740044,0,0,,,53.96898279,0.251019239
06-05-2023,9,Sporty Athleisure Dress,26,1609.089312,1.975740044,0,0,,,53.96898279,0.251019239
06-05-2023,10,Customizable Dress,13,1609.089312,1.975740044,0,0,,,53.96898279,0.251019239
07-05-2023,1,Floral Sundress,22,1238.744359,2.629156257,1,1,,,51.7755142,0.893089857
07-05-2023,2,Evening Gown,27,1238.744359,2.629156257,1,1,,,51.7755142,0.893089857
07-05-2023,3,Business Casual Dress,10,1238.744359,2.629156257,1,1,,,51.7755142,0.893089857
07-05-2023,4,Sequin Party Dress,25,1238.744359,2.629156257,1,1,,,51.7755142,0.893089857
07-05-2023,5,Summer Maxi Dress,22,1238.744359,2.629156257,1,1,,,51.7755142,0.893089857
07-05-2023,6,Bridal Gown,19,1238.744359,2.629156257,1,1,,,51.7755142,0.893089857
07-05-2023,7,Traditional Ethnic Dress,21,1238.744359,2.629156257,1,1,,,51.7755142,0.893089857
07-05-2023,8,Maternity Nursing Dress,11,1238.744359,2.629156257,1,1,,,51.7755142,0.893089857
07-05-2023,9,Sporty Athleisure Dress,12,1238.744359,2.629156257,1,1,,,51.7755142,0.893089857
07-05-2023,10,Customizable Dress,19,1238.744359,2.629156257,1,1,,,51.7755142,0.893089857
08-05-2023,1,Floral Sundress,11,1368.246587,4.180281894,0,0,,,74.99707443,0.382969548
08-05-2023,2,Evening Gown,22,1368.246587,4.180281894,0,0,,,74.99707443,0.382969548
08-05-2023,3,Business Casual Dress,22,1368.246587,4.180281894,0,0,,,74.99707443,0.382969548
08-05-2023,4,Sequin Party Dress,27,1368.246587,4.180281894,0,0,,,74.99707443,0.382969548
08-05-2023,5,Summer Maxi Dress,12,1368.246587,4.180281894,0,0,,,74.99707443,0.382969548
08-05-2023,6,Bridal Gown,16,1368.246587,4.180281894,0,0,,,74.99707443,0.382969548
08-05-2023,7,Traditional Ethnic Dress,23,1368.246587,4.180281894,0,0,,,74.99707443,0.382969548
08-05-2023,8,Maternity Nursing Dress,29,1368.246587,4.180281894,0,0,,,74.99707443,0.382969548
08-05-2023,9,Sporty Athleisure Dress,26,1368.246587,4.180281894,0,0,,,74.99707443,0.382969548
08-05-2023,10,Customizable Dress,21,1368.246587,4.180281894,0,0,,,74.99707443,0.382969548
09-05-2023,1,Floral Sundress,25,1035.459502,1.14760679,1,0,,,63.71764157,0.227051732
09-05-2023,2,Evening Gown,21,1035.459502,1.14760679,1,0,,,63.71764157,0.227051732
09-05-2023,3,Business Casual Dress,24,1035.459502,1.14760679,1,0,,,63.71764157,0.227051732
09-05-2023,4,Sequin Party Dress,19,1035.459502,1.14760679,1,0,,,63.71764157,0.227051732
09-05-2023,5,Summer Maxi Dress,16,1035.459502,1.14760679,1,0,,,63.71764157,0.227051732
09-05-2023,6,Bridal Gown,29,1035.459502,1.14760679,1,0,,,63.71764157,0.227051732
09-05-2023,7,Traditional Ethnic Dress,14,1035.459502,1.14760679,1,0,,,63.71764157,0.227051732
09-05-2023,8,Maternity Nursing Dress,10,1035.459502,1.14760679,1,0,,,63.71764157,0.227051732
09-05-2023,9,Sporty Athleisure Dress,26,1035.459502,1.14760679,1,0,,,63.71764157,0.227051732
09-05-2023,10,Customizable Dress,12,1035.459502,1.14760679,1,0,,,63.71764157,0.227051732
10-05-2023,1,Floral Sundress,22,1859.036526,3.573141633,0,0,,,74.5902897,0.190759052
10-05-2023,2,Evening Gown,23,1859.036526,3.573141633,0,0,,,74.5902897,0.190759052
10-05-2023,3,Business Casual Dress,27,1859.036526,3.573141633,0,0,,,74.5902897,0.190759052
10-05-2023,4,Sequin Party Dress,13,1859.036526,3.573141633,0,0,,,74.5902897,0.190759052
10-05-2023,5,Summer Maxi Dress,27,1859.036526,3.573141633,0,0,,,74.5902897,0.190759052
10-05-2023,6,Bridal Gown,14,1859.036526,3.573141633,0,0,,,74.5902897,0.190759052
10-05-2023,7,Traditional Ethnic Dress,25,1859.036526,3.573141633,0,0,,,74.5902897,0.190759052
10-05-2023,8,Maternity Nursing Dress,10,1859.036526,3.573141633,0,0,,,74.5902897,0.190759052
10-05-2023,9,Sporty Athleisure Dress,23,1859.036526,3.573141633,0,0,,,74.5902897,0.190759052
10-05-2023,10,Customizable Dress,24,1859.036526,3.573141633,0,0,,,74.5902897,0.190759052
11-05-2023,1,Floral Sundress,18,1212.127066,2.436634921,1,1,,,50.42785592,0.437278016
11-05-2023,2,Evening Gown,24,1212.127066,2.436634921,1,1,,,50.42785592,0.437278016
11-05-2023,3,Business Casual Dress,26,1212.127066,2.436634921,1,1,,,50.42785592,0.437278016
11-05-2023,4,Sequin Party Dress,13,1212.127066,2.436634921,1,1,,,50.42785592,0.437278016
11-05-2023,5,Summer Maxi Dress,21,1212.127066,2.436634921,1,1,,,50.42785592,0.437278016
11-05-2023,6,Bridal Gown,14,1212.127066,2.436634921,1,1,,,50.42785592,0.437278016
11-05-2023,7,Traditional Ethnic Dress,14,1212.127066,2.436634921,1,1,,,50.42785592,0.437278016
11-05-2023,8,Maternity Nursing Dress,20,1212.127066,2.436634921,1,1,,,50.42785592,0.437278016
11-05-2023,9,Sporty Athleisure Dress,15,1212.127066,2.436634921,1,1,,,50.42785592,0.437278016
11-05-2023,10,Customizable Dress,16,1212.127066,2.436634921,1,1,,,50.42785592,0.437278016
12-05-2023,1,Floral Sundress,23,1528.289595,3.213398663,1,1,,,72.17511318,0.997931311
12-05-2023,2,Evening Gown,20,1528.289595,3.213398663,1,1,,,72.17511318,0.997931311
12-05-2023,3,Business Casual Dress,22,1528.289595,3.213398663,1,1,,,72.17511318,0.997931311
12-05-2023,4,Sequin Party Dress,11,1528.289595,3.213398663,1,1,,,72.17511318,0.997931311
12-05-2023,5,Summer Maxi Dress,16,1528.289595,3.213398663,1,1,,,72.17511318,0.997931311
12-05-2023,6,Bridal Gown,29,1528.289595,3.213398663,1,1,,,72.17511318,0.997931311
12-05-2023,7,Traditional Ethnic Dress,13,1528.289595,3.213398663,1,1,,,72.17511318,0.997931311
12-05-2023,8,Maternity Nursing Dress,17,1528.289595,3.213398663,1,1,,,72.17511318,0.997931311
12-05-2023,9,Sporty Athleisure Dress,29,1528.289595,3.213398663,1,1,,,72.17511318,0.997931311
12-05-2023,10,Customizable Dress,28,1528.289595,3.213398663,1,1,,,72.17511318,0.997931311
13-05-2023,1,Floral Sundress,22,1072.362348,3.164836108,0,1,,,53.57339181,0.525522498
13-05-2023,2,Evening Gown,23,1072.362348,3.164836108,0,1,,,53.57339181,0.525522498
13-05-2023,3,Business Casual Dress,19,1072.362348,3.164836108,0,1,,,53.57339181,0.525522498
13-05-2023,4,Sequin Party Dress,20,1072.362348,3.164836108,0,1,,,53.57339181,0.525522498
13-05-2023,5,Summer Maxi Dress,11,1072.362348,3.164836108,0,1,,,53.57339181,0.525522498
13-05-2023,6,Bridal Gown,18,1072.362348,3.164836108,0,1,,,53.57339181,0.525522498
13-05-2023,7,Traditional Ethnic Dress,26,1072.362348,3.164836108,0,1,,,53.57339181,0.525522498
13-05-2023,8,Maternity Nursing Dress,12,1072.362348,3.164836108,0,1,,,53.57339181,0.525522498
13-05-2023,9,Sporty Athleisure Dress,15,1072.362348,3.164836108,0,1,,,53.57339181,0.525522498
13-05-2023,10,Customizable Dress,14,1072.362348,3.164836108,0,1,,,53.57339181,0.525522498
14-05-2023,1,Floral Sundress,14,1719.567669,4.892110148,1,0,,,50.10245692,0.138549876
14-05-2023,2,Evening Gown,24,1719.567669,4.892110148,1,0,,,50.10245692,0.138549876
14-05-2023,3,Business Casual Dress,26,1719.567669,4.892110148,1,0,,,50.10245692,0.138549876
14-05-2023,4,Sequin Party Dress,18,1719.567669,4.892110148,1,0,,,50.10245692,0.138549876
14-05-2023,5,Summer Maxi Dress,12,1719.567669,4.892110148,1,0,,,50.10245692,0.138549876
14-05-2023,6,Bridal Gown,29,1719.567669,4.892110148,1,0,,,50.10245692,0.138549876
14-05-2023,7,Traditional Ethnic Dress,26,1719.567669,4.892110148,1,0,,,50.10245692,0.138549876
14-05-2023,8,Maternity Nursing Dress,19,1719.567669,4.892110148,1,0,,,50.10245692,0.138549876
14-05-2023,9,Sporty Athleisure Dress,12,1719.567669,4.892110148,1,0,,,50.10245692,0.138549876
14-05-2023,10,Customizable Dress,27,1719.567669,4.892110148,1,0,,,50.10245692,0.138549876
15-05-2023,1,Floral Sundress,27,1982.546883,3.852942881,0,1,,,88.58290606,0.518708499
15-05-2023,2,Evening Gown,26,1982.546883,3.852942881,0,1,,,88.58290606,0.518708499
15-05-2023,3,Business Casual Dress,12,1982.546883,3.852942881,0,1,,,88.58290606,0.518708499
15-05-2023,4,Sequin Party Dress,12,1982.546883,3.852942881,0,1,,,88.58290606,0.518708499
15-05-2023,5,Summer Maxi Dress,15,1982.546883,3.852942881,0,1,,,88.58290606,0.518708499
15-05-2023,6,Bridal Gown,22,1982.546883,3.852942881,0,1,,,88.58290606,0.518708499
15-05-2023,7,Traditional Ethnic Dress,24,1982.546883,3.852942881,0,1,,,88.58290606,0.518708499
15-05-2023,8,Maternity Nursing Dress,18,1982.546883,3.852942881,0,1,,,88.58290606,0.518708499
15-05-2023,9,Sporty Athleisure Dress,13,1982.546883,3.852942881,0,1,,,88.58290606,0.518708499
15-05-2023,10,Customizable Dress,23,1982.546883,3.852942881,0,1,,,88.58290606,0.518708499
16-05-2023,1,Floral Sundress,14,1978.375065,1.681257094,1,1,,,68.84580425,0.473968892
16-05-2023,2,Evening Gown,11,1978.375065,1.681257094,1,1,,,68.84580425,0.473968892
16-05-2023,3,Business Casual Dress,20,1978.375065,1.681257094,1,1,,,68.84580425,0.473968892
16-05-2023,4,Sequin Party Dress,18,1978.375065,1.681257094,1,1,,,68.84580425,0.473968892
16-05-2023,5,Summer Maxi Dress,12,1978.375065,1.681257094,1,1,,,68.84580425,0.473968892
16-05-2023,6,Bridal Gown,18,1978.375065,1.681257094,1,1,,,68.84580425,0.473968892
16-05-2023,7,Traditional Ethnic Dress,12,1978.375065,1.681257094,1,1,,,68.84580425,0.473968892
16-05-2023,8,Maternity Nursing Dress,11,1978.375065,1.681257094,1,1,,,68.84580425,0.473968892
16-05-2023,9,Sporty Athleisure Dress,21,1978.375065,1.681257094,1,1,,,68.84580425,0.473968892
16-05-2023,10,Customizable Dress,19,1978.375065,1.681257094,1,1,,,68.84580425,0.473968892
17-05-2023,1,Floral Sundress,18,1703.393186,3.127252885,1,1,,,54.84097098,0.16013291
17-05-2023,2,Evening Gown,24,1703.393186,3.127252885,1,1,,,54.84097098,0.16013291
17-05-2023,3,Business Casual Dress,17,1703.393186,3.127252885,1,1,,,54.84097098,0.16013291
17-05-2023,4,Sequin Party Dress,14,1703.393186,3.127252885,1,1,,,54.84097098,0.16013291
17-05-2023,5,Summer Maxi Dress,20,1703.393186,3.127252885,1,1,,,54.84097098,0.16013291
17-05-2023,6,Bridal Gown,11,1703.393186,3.127252885,1,1,,,54.84097098,0.16013291
17-05-2023,7,Traditional Ethnic Dress,24,1703.393186,3.127252885,1,1,,,54.84097098,0.16013291
17-05-2023,8,Maternity Nursing Dress,15,1703.393186,3.127252885,1,1,,,54.84097098,0.16013291
17-05-2023,9,Sporty Athleisure Dress,17,1703.393186,3.127252885,1,1,,,54.84097098,0.16013291
17-05-2023,10,Customizable Dress,14,1703.393186,3.127252885,1,1,,,54.84097098,0.16013291
18-05-2023,1,Floral Sundress,25,1633.203216,2.890070805,0,0,,,69.68356011,0.495863965
18-05-2023,2,Evening Gown,27,1633.203216,2.890070805,0,0,,,69.68356011,0.495863965
18-05-2023,3,Business Casual Dress,15,1633.203216,2.890070805,0,0,,,69.68356011,0.495863965
18-05-2023,4,Sequin Party Dress,14,1633.203216,2.890070805,0,0,,,69.68356011,0.495863965
18-05-2023,5,Summer Maxi Dress,25,1633.203216,2.890070805,0,0,,,69.68356011,0.495863965
18-05-2023,6,Bridal Gown,22,1633.203216,2.890070805,0,0,,,69.68356011,0.495863965
18-05-2023,7,Traditional Ethnic Dress,14,1633.203216,2.890070805,0,0,,,69.68356011,0.495863965
18-05-2023,8,Maternity Nursing Dress,22,1633.203216,2.890070805,0,0,,,69.68356011,0.495863965
18-05-2023,9,Sporty Athleisure Dress,26,1633.203216,2.890070805,0,0,,,69.68356011,0.495863965
18-05-2023,10,Customizable Dress,27,1633.203216,2.890070805,0,0,,,69.68356011,0.495863965
19-05-2023,1,Floral Sundress,17,1752.30017,3.982413954,1,1,,,84.1202505,0.060656078
19-05-2023,2,Evening Gown,22,1752.30017,3.982413954,1,1,,,84.1202505,0.060656078
19-05-2023,3,Business Casual Dress,28,1752.30017,3.982413954,1,1,,,84.1202505,0.060656078
19-05-2023,4,Sequin Party Dress,12,1752.30017,3.982413954,1,1,,,84.1202505,0.060656078
19-05-2023,5,Summer Maxi Dress,17,1752.30017,3.982413954,1,1,,,84.1202505,0.060656078
19-05-2023,6,Bridal Gown,11,1752.30017,3.982413954,1,1,,,84.1202505,0.060656078
19-05-2023,7,Traditional Ethnic Dress,17,1752.30017,3.982413954,1,1,,,84.1202505,0.060656078
19-05-2023,8,Maternity Nursing Dress,22,1752.30017,3.982413954,1,1,,,84.1202505,0.060656078
19-05-2023,9,Sporty Athleisure Dress,22,1752.30017,3.982413954,1,1,,,84.1202505,0.060656078
19-05-2023,10,Customizable Dress,10,1752.30017,3.982413954,1,1,,,84.1202505,0.060656078
20-05-2023,1,Floral Sundress,15,1287.851633,3.177878978,0,0,,,58.79608813,0.128203679
20-05-2023,2,Evening Gown,28,1287.851633,3.177878978,0,0,,,58.79608813,0.128203679
20-05-2023,3,Business Casual Dress,25,1287.851633,3.177878978,0,0,,,58.79608813,0.128203679
20-05-2023,4,Sequin Party Dress,17,1287.851633,3.177878978,0,0,,,58.79608813,0.128203679
20-05-2023,5,Summer Maxi Dress,10,1287.851633,3.177878978,0,0,,,58.79608813,0.128203679
20-05-2023,6,Bridal Gown,25,1287.851633,3.177878978,0,0,,,58.79608813,0.128203679
20-05-2023,7,Traditional Ethnic Dress,18,1287.851633,3.177878978,0,0,,,58.79608813,0.128203679
20-05-2023,8,Maternity Nursing Dress,22,1287.851633,3.177878978,0,0,,,58.79608813,0.128203679
20-05-2023,9,Sporty Athleisure Dress,20,1287.851633,3.177878978,0,0,,,58.79608813,0.128203679
20-05-2023,10,Customizable Dress,22,1287.851633,3.177878978,0,0,,,58.79608813,0.128203679
21-05-2023,1,Floral Sundress,19,1467.408448,4.083627918,0,1,,,85.52017674,0.261846699
21-05-2023,2,Evening Gown,13,1467.408448,4.083627918,0,1,,,85.52017674,0.261846699
21-05-2023,3,Business Casual Dress,15,1467.408448,4.083627918,0,1,,,85.52017674,0.261846699
21-05-2023,4,Sequin Party Dress,16,1467.408448,4.083627918,0,1,,,85.52017674,0.261846699
21-05-2023,5,Summer Maxi Dress,14,1467.408448,4.083627918,0,1,,,85.52017674,0.261846699
21-05-2023,6,Bridal Gown,20,1467.408448,4.083627918,0,1,,,85.52017674,0.261846699
21-05-2023,7,Traditional Ethnic Dress,22,1467.408448,4.083627918,0,1,,,85.52017674,0.261846699
21-05-2023,8,Maternity Nursing Dress,28,1467.408448,4.083627918,0,1,,,85.52017674,0.261846699
21-05-2023,9,Sporty Athleisure Dress,19,1467.408448,4.083627918,0,1,,,85.52017674,0.261846699
21-05-2023,10,Customizable Dress,19,1467.408448,4.083627918,0,1,,,85.52017674,0.261846699
22-05-2023,1,Floral Sundress,20,1371.497087,3.111607954,0,0,,,57.42336351,0.017705076
22-05-2023,2,Evening Gown,16,1371.497087,3.111607954,0,0,,,57.42336351,0.017705076
22-05-2023,3,Business Casual Dress,27,1371.497087,3.111607954,0,0,,,57.42336351,0.017705076
22-05-2023,4,Sequin Party Dress,13,1371.497087,3.111607954,0,0,,,57.42336351,0.017705076
22-05-2023,5,Summer Maxi Dress,11,1371.497087,3.111607954,0,0,,,57.42336351,0.017705076
22-05-2023,6,Bridal Gown,23,1371.497087,3.111607954,0,0,,,57.42336351,0.017705076
22-05-2023,7,Traditional Ethnic Dress,22,1371.497087,3.111607954,0,0,,,57.42336351,0.017705076
22-05-2023,8,Maternity Nursing Dress,21,1371.497087,3.111607954,0,0,,,57.42336351,0.017705076
22-05-2023,9,Sporty Athleisure Dress,16,1371.497087,3.111607954,0,0,,,57.42336351,0.017705076
22-05-2023,10,Customizable Dress,11,1371.497087,3.111607954,0,0,,,57.42336351,0.017705076
23-05-2023,1,Floral Sundress,22,1130.38586,3.5269588,0,0,,,67.05481714,0.664555194
23-05-2023,2,Evening Gown,23,1130.38586,3.5269588,0,0,,,67.05481714,0.664555194
23-05-2023,3,Business Casual Dress,26,1130.38586,3.5269588,0,0,,,67.05481714,0.664555194
23-05-2023,4,Sequin Party Dress,18,1130.38586,3.5269588,0,0,,,67.05481714,0.664555194
23-05-2023,5,Summer Maxi Dress,26,1130.38586,3.5269588,0,0,,,67.05481714,0.664555194
23-05-2023,6,Bridal Gown,17,1130.38586,3.5269588,0,0,,,67.05481714,0.664555194
23-05-2023,7,Traditional Ethnic Dress,11,1130.38586,3.5269588,0,0,,,67.05481714,0.664555194
23-05-2023,8,Maternity Nursing Dress,22,1130.38586,3.5269588,0,0,,,67.05481714,0.664555194
23-05-2023,9,Sporty Athleisure Dress,12,1130.38586,3.5269588,0,0,,,67.05481714,0.664555194
23-05-2023,10,Customizable Dress,25,1130.38586,3.5269588,0,0,,,67.05481714,0.664555194
24-05-2023,1,Floral Sundress,15,1955.034966,4.4135374,1,1,,,74.65790284,0.92537618
24-05-2023,2,Evening Gown,28,1955.034966,4.4135374,1,1,,,74.65790284,0.92537618
24-05-2023,3,Business Casual Dress,16,1955.034966,4.4135374,1,1,,,74.65790284,0.92537618
24-05-2023,4,Sequin Party Dress,19,1955.034966,4.4135374,1,1,,,74.65790284,0.92537618
24-05-2023,5,Summer Maxi Dress,18,1955.034966,4.4135374,1,1,,,74.65790284,0.92537618
24-05-2023,6,Bridal Gown,11,1955.034966,4.4135374,1,1,,,74.65790284,0.92537618
24-05-2023,7,Traditional Ethnic Dress,24,1955.034966,4.4135374,1,1,,,74.65790284,0.92537618
24-05-2023,8,Maternity Nursing Dress,14,1955.034966,4.4135374,1,1,,,74.65790284,0.92537618
24-05-2023,9,Sporty Athleisure Dress,13,1955.034966,4.4135374,1,1,,,74.65790284,0.92537618
24-05-2023,10,Customizable Dress,29,1955.034966,4.4135374,1,1,,,74.65790284,0.92537618
25-05-2023,1,Floral Sundress,13,1586.846559,4.921398586,1,1,,,74.43057204,0.85973753
25-05-2023,2,Evening Gown,27,1586.846559,4.921398586,1,1,,,74.43057204,0.85973753
25-05-2023,3,Business Casual Dress,13,1586.846559,4.921398586,1,1,,,74.43057204,0.85973753
25-05-2023,4,Sequin Party Dress,26,1586.846559,4.921398586,1,1,,,74.43057204,0.85973753
25-05-2023,5,Summer Maxi Dress,21,1586.846559,4.921398586,1,1,,,74.43057204,0.85973753
25-05-2023,6,Bridal Gown,26,1586.846559,4.921398586,1,1,,,74.43057204,0.85973753
25-05-2023,7,Traditional Ethnic Dress,19,1586.846559,4.921398586,1,1,,,74.43057204,0.85973753
25-05-2023,8,Maternity Nursing Dress,10,1586.846559,4.921398586,1,1,,,74.43057204,0.85973753
25-05-2023,9,Sporty Athleisure Dress,27,1586.846559,4.921398586,1,1,,,74.43057204,0.85973753
25-05-2023,10,Customizable Dress,27,1586.846559,4.921398586,1,1,,,74.43057204,0.85973753
26-05-2023,1,Floral Sundress,23,1197.279616,4.933291194,0,1,,,70.74661679,0.559050405
26-05-2023,2,Evening Gown,24,1197.279616,4.933291194,0,1,,,70.74661679,0.559050405
26-05-2023,3,Business Casual Dress,21,1197.279616,4.933291194,0,1,,,70.74661679,0.559050405
26-05-2023,4,Sequin Party Dress,13,1197.279616,4.933291194,0,1,,,70.74661679,0.559050405
26-05-2023,5,Summer Maxi Dress,12,1197.279616,4.933291194,0,1,,,70.74661679,0.559050405
26-05-2023,6,Bridal Gown,29,1197.279616,4.933291194,0,1,,,70.74661679,0.559050405
26-05-2023,7,Traditional Ethnic Dress,21,1197.279616,4.933291194,0,1,,,70.74661679,0.559050405
26-05-2023,8,Maternity Nursing Dress,16,1197.279616,4.933291194,0,1,,,70.74661679,0.559050405
26-05-2023,9,Sporty Athleisure Dress,20,1197.279616,4.933291194,0,1,,,70.74661679,0.559050405
26-05-2023,10,Customizable Dress,10,1197.279616,4.933291194,0,1,,,70.74661679,0.559050405
27-05-2023,1,Floral Sundress,15,1208.828534,3.084280531,1,0,,,60.88033426,0.120201575
27-05-2023,2,Evening Gown,24,1208.828534,3.084280531,1,0,,,60.88033426,0.120201575
27-05-2023,3,Business Casual Dress,24,1208.828534,3.084280531,1,0,,,60.88033426,0.120201575
27-05-2023,4,Sequin Party Dress,28,1208.828534,3.084280531,1,0,,,60.88033426,0.120201575
27-05-2023,5,Summer Maxi Dress,20,1208.828534,3.084280531,1,0,,,60.88033426,0.120201575
27-05-2023,6,Bridal Gown,11,1208.828534,3.084280531,1,0,,,60.88033426,0.120201575
27-05-2023,7,Traditional Ethnic Dress,23,1208.828534,3.084280531,1,0,,,60.88033426,0.120201575
27-05-2023,8,Maternity Nursing Dress,11,1208.828534,3.084280531,1,0,,,60.88033426,0.120201575
27-05-2023,9,Sporty Athleisure Dress,13,1208.828534,3.084280531,1,0,,,60.88033426,0.120201575
27-05-2023,10,Customizable Dress,26,1208.828534,3.084280531,1,0,,,60.88033426,0.120201575
28-05-2023,1,Floral Sundress,12,1315.353477,2.701985818,1,0,,,71.04016684,0.039161877
28-05-2023,2,Evening Gown,22,1315.353477,2.701985818,1,0,,,71.04016684,0.039161877
28-05-2023,3,Business Casual Dress,18,1315.353477,2.701985818,1,0,,,71.04016684,0.039161877
28-05-2023,4,Sequin Party Dress,16,1315.353477,2.701985818,1,0,,,71.04016684,0.039161877
28-05-2023,5,Summer Maxi Dress,24,1315.353477,2.701985818,1,0,,,71.04016684,0.039161877
28-05-2023,6,Bridal Gown,20,1315.353477,2.701985818,1,0,,,71.04016684,0.039161877
28-05-2023,7,Traditional Ethnic Dress,29,1315.353477,2.701985818,1,0,,,71.04016684,0.039161877
28-05-2023,8,Maternity Nursing Dress,11,1315.353477,2.701985818,1,0,,,71.04016684,0.039161877
28-05-2023,9,Sporty Athleisure Dress,24,1315.353477,2.701985818,1,0,,,71.04016684,0.039161877
28-05-2023,10,Customizable Dress,23,1315.353477,2.701985818,1,0,,,71.04016684,0.039161877
29-05-2023,1,Floral Sundress,29,1140.033905,3.275676931,1,0,,,81.64063154,0.474470093
29-05-2023,2,Evening Gown,20,1140.033905,3.275676931,1,0,,,81.64063154,0.474470093
29-05-2023,3,Business Casual Dress,12,1140.033905,3.275676931,1,0,,,81.64063154,0.474470093
29-05-2023,4,Sequin Party Dress,26,1140.033905,3.275676931,1,0,,,81.64063154,0.474470093
29-05-2023,5,Summer Maxi Dress,21,1140.033905,3.275676931,1,0,,,81.64063154,0.474470093
29-05-2023,6,Bridal Gown,24,1140.033905,3.275676931,1,0,,,81.64063154,0.474470093
29-05-2023,7,Traditional Ethnic Dress,25,1140.033905,3.275676931,1,0,,,81.64063154,0.474470093
29-05-2023,8,Maternity Nursing Dress,14,1140.033905,3.275676931,1,0,,,81.64063154,0.474470093
29-05-2023,9,Sporty Athleisure Dress,29,1140.033905,3.275676931,1,0,,,81.64063154,0.474470093
29-05-2023,10,Customizable Dress,15,1140.033905,3.275676931,1,0,,,81.64063154,0.474470093
30-05-2023,1,Floral Sundress,28,1745.85164,4.783557781,1,0,,,63.67192504,0.108777281
30-05-2023,2,Evening Gown,14,1745.85164,4.783557781,1,0,,,63.67192504,0.108777281
30-05-2023,3,Business Casual Dress,12,1745.85164,4.783557781,1,0,,,63.67192504,0.108777281
30-05-2023,4,Sequin Party Dress,10,1745.85164,4.783557781,1,0,,,63.67192504,0.108777281
30-05-2023,5,Summer Maxi Dress,15,1745.85164,4.783557781,1,0,,,63.67192504,0.108777281
30-05-2023,6,Bridal Gown,24,1745.85164,4.783557781,1,0,,,63.67192504,0.108777281
30-05-2023,7,Traditional Ethnic Dress,11,1745.85164,4.783557781,1,0,,,63.67192504,0.108777281
30-05-2023,8,Maternity Nursing Dress,12,1745.85164,4.783557781,1,0,,,63.67192504,0.108777281
30-05-2023,9,Sporty Athleisure Dress,26,1745.85164,4.783557781,1,0,,,63.67192504,0.108777281
30-05-2023,10,Customizable Dress,21,1745.85164,4.783557781,1,0,,,63.67192504,0.108777281
31-05-2023,1,Floral Sundress,27,1102.306557,1.048151038,0,1,,,75.88043386,0.988202716
31-05-2023,2,Evening Gown,24,1102.306557,1.048151038,0,1,,,75.88043386,0.988202716
31-05-2023,3,Business Casual Dress,21,1102.306557,1.048151038,0,1,,,75.88043386,0.988202716
31-05-2023,4,Sequin Party Dress,25,1102.306557,1.048151038,0,1,,,75.88043386,0.988202716
31-05-2023,5,Summer Maxi Dress,17,1102.306557,1.048151038,0,1,,,75.88043386,0.988202716
31-05-2023,6,Bridal Gown,23,1102.306557,1.048151038,0,1,,,75.88043386,0.988202716
31-05-2023,7,Traditional Ethnic Dress,26,1102.306557,1.048151038,0,1,,,75.88043386,0.988202716
31-05-2023,8,Maternity Nursing Dress,17,1102.306557,1.048151038,0,1,,,75.88043386,0.988202716
31-05-2023,9,Sporty Athleisure Dress,24,1102.306557,1.048151038,0,1,,,75.88043386,0.988202716
31-05-2023,10,Customizable Dress,23,1102.306557,1.048151038,0,1,,,75.88043386,0.988202716
01-06-2023,1,Floral Sundress,27,1453.447794,2.645905958,1,0,,,86.0843914,0.847746483
01-06-2023,2,Evening Gown,29,1453.447794,2.645905958,1,0,,,86.0843914,0.847746483
01-06-2023,3,Business Casual Dress,16,1453.447794,2.645905958,1,0,,,86.0843914,0.847746483
01-06-2023,4,Sequin Party Dress,12,1453.447794,2.645905958,1,0,,,86.0843914,0.847746483
01-06-2023,5,Summer Maxi Dress,21,1453.447794,2.645905958,1,0,,,86.0843914,0.847746483
01-06-2023,6,Bridal Gown,12,1453.447794,2.645905958,1,0,,,86.0843914,0.847746483
01-06-2023,7,Traditional Ethnic Dress,29,1453.447794,2.645905958,1,0,,,86.0843914,0.847746483
01-06-2023,8,Maternity Nursing Dress,23,1453.447794,2.645905958,1,0,,,86.0843914,0.847746483
01-06-2023,9,Sporty Athleisure Dress,24,1453.447794,2.645905958,1,0,,,86.0843914,0.847746483
01-06-2023,10,Customizable Dress,23,1453.447794,2.645905958,1,0,,,86.0843914,0.847746483
02-06-2023,1,Floral Sundress,16,1258.78563,2.779420293,1,1,,,89.69693201,0.181215192
02-06-2023,2,Evening Gown,26,1258.78563,2.779420293,1,1,,,89.69693201,0.181215192
02-06-2023,3,Business Casual Dress,21,1258.78563,2.779420293,1,1,,,89.69693201,0.181215192
02-06-2023,4,Sequin Party Dress,29,1258.78563,2.779420293,1,1,,,89.69693201,0.181215192
02-06-2023,5,Summer Maxi Dress,13,1258.78563,2.779420293,1,1,,,89.69693201,0.181215192
02-06-2023,6,Bridal Gown,18,1258.78563,2.779420293,1,1,,,89.69693201,0.181215192
02-06-2023,7,Traditional Ethnic Dress,15,1258.78563,2.779420293,1,1,,,89.69693201,0.181215192
02-06-2023,8,Maternity Nursing Dress,25,1258.78563,2.779420293,1,1,,,89.69693201,0.181215192
02-06-2023,9,Sporty Athleisure Dress,11,1258.78563,2.779420293,1,1,,,89.69693201,0.181215192
02-06-2023,10,Customizable Dress,17,1258.78563,2.779420293,1,1,,,89.69693201,0.181215192
03-06-2023,1,Floral Sundress,20,1782.61954,4.489824814,1,0,,,68.21795695,0.755369012
03-06-2023,2,Evening Gown,22,1782.61954,4.489824814,1,0,,,68.21795695,0.755369012
03-06-2023,3,Business Casual Dress,26,1782.61954,4.489824814,1,0,,,68.21795695,0.755369012
03-06-2023,4,Sequin Party Dress,17,1782.61954,4.489824814,1,0,,,68.21795695,0.755369012
03-06-2023,5,Summer Maxi Dress,27,1782.61954,4.489824814,1,0,,,68.21795695,0.755369012
03-06-2023,6,Bridal Gown,27,1782.61954,4.489824814,1,0,,,68.21795695,0.755369012
03-06-2023,7,Traditional Ethnic Dress,23,1782.61954,4.489824814,1,0,,,68.21795695,0.755369012
03-06-2023,8,Maternity Nursing Dress,24,1782.61954,4.489824814,1,0,,,68.21795695,0.755369012
03-06-2023,9,Sporty Athleisure Dress,15,1782.61954,4.489824814,1,0,,,68.21795695,0.755369012
03-06-2023,10,Customizable Dress,20,1782.61954,4.489824814,1,0,,,68.21795695,0.755369012
04-06-2023,1,Floral Sundress,22,1948.795709,2.877115028,0,1,,,57.57527887,0.795115679
04-06-2023,2,Evening Gown,10,1948.795709,2.877115028,0,1,,,57.57527887,0.795115679
04-06-2023,3,Business Casual Dress,15,1948.795709,2.877115028,0,1,,,57.57527887,0.795115679
04-06-2023,4,Sequin Party Dress,18,1948.795709,2.877115028,0,1,,,57.57527887,0.795115679
04-06-2023,5,Summer Maxi Dress,17,1948.795709,2.877115028,0,1,,,57.57527887,0.795115679
04-06-2023,6,Bridal Gown,20,1948.795709,2.877115028,0,1,,,57.57527887,0.795115679
04-06-2023,7,Traditional Ethnic Dress,28,1948.795709,2.877115028,0,1,,,57.57527887,0.795115679
04-06-2023,8,Maternity Nursing Dress,18,1948.795709,2.877115028,0,1,,,57.57527887,0.795115679
04-06-2023,9,Sporty Athleisure Dress,26,1948.795709,2.877115028,0,1,,,57.57527887,0.795115679
04-06-2023,10,Customizable Dress,21,1948.795709,2.877115028,0,1,,,57.57527887,0.795115679
05-06-2023,1,Floral Sundress,23,1579.651734,4.733213363,0,1,,,53.90468724,0.740094306
05-06-2023,2,Evening Gown,24,1579.651734,4.733213363,0,1,,,53.90468724,0.740094306
05-06-2023,3,Business Casual Dress,25,1579.651734,4.733213363,0,1,,,53.90468724,0.740094306
05-06-2023,4,Sequin Party Dress,29,1579.651734,4.733213363,0,1,,,53.90468724,0.740094306
05-06-2023,5,Summer Maxi Dress,10,1579.651734,4.733213363,0,1,,,53.90468724,0.740094306
05-06-2023,6,Bridal Gown,19,1579.651734,4.733213363,0,1,,,53.90468724,0.740094306
05-06-2023,7,Traditional Ethnic Dress,17,1579.651734,4.733213363,0,1,,,53.90468724,0.740094306
05-06-2023,8,Maternity Nursing Dress,27,1579.651734,4.733213363,0,1,,,53.90468724,0.740094306
05-06-2023,9,Sporty Athleisure Dress,10,1579.651734,4.733213363,0,1,,,53.90468724,0.740094306
05-06-2023,10,Customizable Dress,11,1579.651734,4.733213363,0,1,,,53.90468724,0.740094306
06-06-2023,1,Floral Sundress,10,1472.666491,4.22516745,1,1,,,79.3820893,0.706818645
06-06-2023,2,Evening Gown,10,1472.666491,4.22516745,1,1,,,79.3820893,0.706818645
06-06-2023,3,Business Casual Dress,18,1472.666491,4.22516745,1,1,,,79.3820893,0.706818645
06-06-2023,4,Sequin Party Dress,22,1472.666491,4.22516745,1,1,,,79.3820893,0.706818645
06-06-2023,5,Summer Maxi Dress,10,1472.666491,4.22516745,1,1,,,79.3820893,0.706818645
06-06-2023,6,Bridal Gown,22,1472.666491,4.22516745,1,1,,,79.3820893,0.706818645
06-06-2023,7,Traditional Ethnic Dress,29,1472.666491,4.22516745,1,1,,,79.3820893,0.706818645
06-06-2023,8,Maternity Nursing Dress,16,1472.666491,4.22516745,1,1,,,79.3820893,0.706818645
06-06-2023,9,Sporty Athleisure Dress,11,1472.666491,4.22516745,1,1,,,79.3820893,0.706818645
06-06-2023,10,Customizable Dress,15,1472.666491,4.22516745,1,1,,,79.3820893,0.706818645
07-06-2023,1,Floral Sundress,16,1748.747852,3.661450302,0,1,,,59.52997106,0.573845715
07-06-2023,2,Evening Gown,23,1748.747852,3.661450302,0,1,,,59.52997106,0.573845715
07-06-2023,3,Business Casual Dress,27,1748.747852,3.661450302,0,1,,,59.52997106,0.573845715
07-06-2023,4,Sequin Party Dress,24,1748.747852,3.661450302,0,1,,,59.52997106,0.573845715
07-06-2023,5,Summer Maxi Dress,11,1748.747852,3.661450302,0,1,,,59.52997106,0.573845715
07-06-2023,6,Bridal Gown,19,1748.747852,3.661450302,0,1,,,59.52997106,0.573845715
07-06-2023,7,Traditional Ethnic Dress,21,1748.747852,3.661450302,0,1,,,59.52997106,0.573845715
07-06-2023,8,Maternity Nursing Dress,26,1748.747852,3.661450302,0,1,,,59.52997106,0.573845715
07-06-2023,9,Sporty Athleisure Dress,17,1748.747852,3.661450302,0,1,,,59.52997106,0.573845715
07-06-2023,10,Customizable Dress,20,1748.747852,3.661450302,0,1,,,59.52997106,0.573845715
08-06-2023,1,Floral Sundress,12,1327.46839,4.588581795,0,0,,,54.09365188,0.192262405
08-06-2023,2,Evening Gown,15,1327.46839,4.588581795,0,0,,,54.09365188,0.192262405
08-06-2023,3,Business Casual Dress,18,1327.46839,4.588581795,0,0,,,54.09365188,0.192262405
08-06-2023,4,Sequin Party Dress,15,1327.46839,4.588581795,0,0,,,54.09365188,0.192262405
08-06-2023,5,Summer Maxi Dress,18,1327.46839,4.588581795,0,0,,,54.09365188,0.192262405
08-06-2023,6,Bridal Gown,16,1327.46839,4.588581795,0,0,,,54.09365188,0.192262405
08-06-2023,7,Traditional Ethnic Dress,18,1327.46839,4.588581795,0,0,,,54.09365188,0.192262405
08-06-2023,8,Maternity Nursing Dress,27,1327.46839,4.588581795,0,0,,,54.09365188,0.192262405
08-06-2023,9,Sporty Athleisure Dress,21,1327.46839,4.588581795,0,0,,,54.09365188,0.192262405
08-06-2023,10,Customizable Dress,17,1327.46839,4.588581795,0,0,,,54.09365188,0.192262405
09-06-2023,1,Floral Sundress,17,1661.449052,3.033896823,0,0,,,66.20280754,0.113403915
09-06-2023,2,Evening Gown,27,1661.449052,3.033896823,0,0,,,66.20280754,0.113403915
09-06-2023,3,Business Casual Dress,29,1661.449052,3.033896823,0,0,,,66.20280754,0.113403915
09-06-2023,4,Sequin Party Dress,24,1661.449052,3.033896823,0,0,,,66.20280754,0.113403915
09-06-2023,5,Summer Maxi Dress,16,1661.449052,3.033896823,0,0,,,66.20280754,0.113403915
09-06-2023,6,Bridal Gown,20,1661.449052,3.033896823,0,0,,,66.20280754,0.113403915
09-06-2023,7,Traditional Ethnic Dress,29,1661.449052,3.033896823,0,0,,,66.20280754,0.113403915
09-06-2023,8,Maternity Nursing Dress,25,1661.449052,3.033896823,0,0,,,66.20280754,0.113403915
09-06-2023,9,Sporty Athleisure Dress,13,1661.449052,3.033896823,0,0,,,66.20280754,0.113403915
09-06-2023,10,Customizable Dress,15,1661.449052,3.033896823,0,0,,,66.20280754,0.113403915
10-06-2023,1,Floral Sundress,12,1182.292855,2.337000479,0,1,,,88.90513416,0.243402584
10-06-2023,2,Evening Gown,18,1182.292855,2.337000479,0,1,,,88.90513416,0.243402584
10-06-2023,3,Business Casual Dress,19,1182.292855,2.337000479,0,1,,,88.90513416,0.243402584
10-06-2023,4,Sequin Party Dress,23,1182.292855,2.337000479,0,1,,,88.90513416,0.243402584
10-06-2023,5,Summer Maxi Dress,20,1182.292855,2.337000479,0,1,,,88.90513416,0.243402584
10-06-2023,6,Bridal Gown,27,1182.292855,2.337000479,0,1,,,88.90513416,0.243402584
10-06-2023,7,Traditional Ethnic Dress,21,1182.292855,2.337000479,0,1,,,88.90513416,0.243402584
10-06-2023,8,Maternity Nursing Dress,21,1182.292855,2.337000479,0,1,,,88.90513416,0.243402584
10-06-2023,9,Sporty Athleisure Dress,22,1182.292855,2.337000479,0,1,,,88.90513416,0.243402584
10-06-2023,10,Customizable Dress,22,1182.292855,2.337000479,0,1,,,88.90513416,0.243402584
11-06-2023,1,Floral Sundress,28,1936.001639,3.242834595,1,1,,,71.71888698,0.631480812
11-06-2023,2,Evening Gown,28,1936.001639,3.242834595,1,1,,,71.71888698,0.631480812
11-06-2023,3,Business Casual Dress,23,1936.001639,3.242834595,1,1,,,71.71888698,0.631480812
11-06-2023,4,Sequin Party Dress,13,1936.001639,3.242834595,1,1,,,71.71888698,0.631480812
11-06-2023,5,Summer Maxi Dress,22,1936.001639,3.242834595,1,1,,,71.71888698,0.631480812
11-06-2023,6,Bridal Gown,17,1936.001639,3.242834595,1,1,,,71.71888698,0.631480812
11-06-2023,7,Traditional Ethnic Dress,28,1936.001639,3.242834595,1,1,,,71.71888698,0.631480812
11-06-2023,8,Maternity Nursing Dress,21,1936.001639,3.242834595,1,1,,,71.71888698,0.631480812
11-06-2023,9,Sporty Athleisure Dress,27,1936.001639,3.242834595,1,1,,,71.71888698,0.631480812
11-06-2023,10,Customizable Dress,15,1936.001639,3.242834595,1,1,,,71.71888698,0.631480812
12-06-2023,1,Floral Sundress,27,1367.196619,4.490829288,0,1,,,70.36875288,0.004077896
12-06-2023,2,Evening Gown,28,1367.196619,4.490829288,0,1,,,70.36875288,0.004077896
12-06-2023,3,Business Casual Dress,14,1367.196619,4.490829288,0,1,,,70.36875288,0.004077896
12-06-2023,4,Sequin Party Dress,18,1367.196619,4.490829288,0,1,,,70.36875288,0.004077896
12-06-2023,5,Summer Maxi Dress,12,1367.196619,4.490829288,0,1,,,70.36875288,0.004077896
12-06-2023,6,Bridal Gown,19,1367.196619,4.490829288,0,1,,,70.36875288,0.004077896
12-06-2023,7,Traditional Ethnic Dress,28,1367.196619,4.490829288,0,1,,,70.36875288,0.004077896
12-06-2023,8,Maternity Nursing Dress,12,1367.196619,4.490829288,0,1,,,70.36875288,0.004077896
12-06-2023,9,Sporty Athleisure Dress,24,1367.196619,4.490829288,0,1,,,70.36875288,0.004077896
12-06-2023,10,Customizable Dress,10,1367.196619,4.490829288,0,1,,,70.36875288,0.004077896
13-06-2023,1,Floral Sundress,16,1506.962939,1.384964605,1,1,,,80.83450601,0.93794561
13-06-2023,2,Evening Gown,21,1506.962939,1.384964605,1,1,,,80.83450601,0.93794561
13-06-2023,3,Business Casual Dress,26,1506.962939,1.384964605,1,1,,,80.83450601,0.93794561
13-06-2023,4,Sequin Party Dress,29,1506.962939,1.384964605,1,1,,,80.83450601,0.93794561
13-06-2023,5,Summer Maxi Dress,14,1506.962939,1.384964605,1,1,,,80.83450601,0.93794561
13-06-2023,6,Bridal Gown,13,1506.962939,1.384964605,1,1,,,80.83450601,0.93794561
13-06-2023,7,Traditional Ethnic Dress,21,1506.962939,1.384964605,1,1,,,80.83450601,0.93794561
13-06-2023,8,Maternity Nursing Dress,29,1506.962939,1.384964605,1,1,,,80.83450601,0.93794561
13-06-2023,9,Sporty Athleisure Dress,27,1506.962939,1.384964605,1,1,,,80.83450601,0.93794561
13-06-2023,10,Customizable Dress,26,1506.962939,1.384964605,1,1,,,80.83450601,0.93794561
14-06-2023,1,Floral Sundress,28,1676.494107,2.813094094,1,1,,,79.30654469,0.987125123
14-06-2023,2,Evening Gown,18,1676.494107,2.813094094,1,1,,,79.30654469,0.987125123
14-06-2023,3,Business Casual Dress,13,1676.494107,2.813094094,1,1,,,79.30654469,0.987125123
14-06-2023,4,Sequin Party Dress,11,1676.494107,2.813094094,1,1,,,79.30654469,0.987125123
14-06-2023,5,Summer Maxi Dress,13,1676.494107,2.813094094,1,1,,,79.30654469,0.987125123
14-06-2023,6,Bridal Gown,11,1676.494107,2.813094094,1,1,,,79.30654469,0.987125123
14-06-2023,7,Traditional Ethnic Dress,24,1676.494107,2.813094094,1,1,,,79.30654469,0.987125123
14-06-2023,8,Maternity Nursing Dress,11,1676.494107,2.813094094,1,1,,,79.30654469,0.987125123
14-06-2023,9,Sporty Athleisure Dress,13,1676.494107,2.813094094,1,1,,,79.30654469,0.987125123
14-06-2023,10,Customizable Dress,15,1676.494107,2.813094094,1,1,,,79.30654469,0.987125123
15-06-2023,1,Floral Sundress,16,1005.947013,3.176017781,0,0,,,71.20629754,0.277632532
15-06-2023,2,Evening Gown,19,1005.947013,3.176017781,0,0,,,71.20629754,0.277632532
15-06-2023,3,Business Casual Dress,28,1005.947013,3.176017781,0,0,,,71.20629754,0.277632532
15-06-2023,4,Sequin Party Dress,28,1005.947013,3.176017781,0,0,,,71.20629754,0.277632532
15-06-2023,5,Summer Maxi Dress,21,1005.947013,3.176017781,0,0,,,71.20629754,0.277632532
15-06-2023,6,Bridal Gown,12,1005.947013,3.176017781,0,0,,,71.20629754,0.277632532
15-06-2023,7,Traditional Ethnic Dress,22,1005.947013,3.176017781,0,0,,,71.20629754,0.277632532
15-06-2023,8,Maternity Nursing Dress,27,1005.947013,3.176017781,0,0,,,71.20629754,0.277632532
15-06-2023,9,Sporty Athleisure Dress,17,1005.947013,3.176017781,0,0,,,71.20629754,0.277632532
15-06-2023,10,Customizable Dress,24,1005.947013,3.176017781,0,0,,,71.20629754,0.277632532
16-06-2023,1,Floral Sundress,10,1780.043357,1.310165535,1,0,,,87.43632768,0.758587805
16-06-2023,2,Evening Gown,12,1780.043357,1.310165535,1,0,,,87.43632768,0.758587805
16-06-2023,3,Business Casual Dress,17,1780.043357,1.310165535,1,0,,,87.43632768,0.758587805
16-06-2023,4,Sequin Party Dress,13,1780.043357,1.310165535,1,0,,,87.43632768,0.758587805
16-06-2023,5,Summer Maxi Dress,25,1780.043357,1.310165535,1,0,,,87.43632768,0.758587805
16-06-2023,6,Bridal Gown,19,1780.043357,1.310165535,1,0,,,87.43632768,0.758587805
16-06-2023,7,Traditional Ethnic Dress,21,1780.043357,1.310165535,1,0,,,87.43632768,0.758587805
16-06-2023,8,Maternity Nursing Dress,23,1780.043357,1.310165535,1,0,,,87.43632768,0.758587805
16-06-2023,9,Sporty Athleisure Dress,23,1780.043357,1.310165535,1,0,,,87.43632768,0.758587805
16-06-2023,10,Customizable Dress,11,1780.043357,1.310165535,1,0,,,87.43632768,0.758587805
17-06-2023,1,Floral Sundress,14,1106.87083,4.980524136,0,1,,,87.34302913,0.614261906
17-06-2023,2,Evening Gown,14,1106.87083,4.980524136,0,1,,,87.34302913,0.614261906
17-06-2023,3,Business Casual Dress,15,1106.87083,4.980524136,0,1,,,87.34302913,0.614261906
17-06-2023,4,Sequin Party Dress,22,1106.87083,4.980524136,0,1,,,87.34302913,0.614261906
17-06-2023,5,Summer Maxi Dress,18,1106.87083,4.980524136,0,1,,,87.34302913,0.614261906
17-06-2023,6,Bridal Gown,24,1106.87083,4.980524136,0,1,,,87.34302913,0.614261906
17-06-2023,7,Traditional Ethnic Dress,23,1106.87083,4.980524136,0,1,,,87.34302913,0.614261906
17-06-2023,8,Maternity Nursing Dress,16,1106.87083,4.980524136,0,1,,,87.34302913,0.614261906
17-06-2023,9,Sporty Athleisure Dress,29,1106.87083,4.980524136,0,1,,,87.34302913,0.614261906
17-06-2023,10,Customizable Dress,11,1106.87083,4.980524136,0,1,,,87.34302913,0.614261906
18-06-2023,1,Floral Sundress,16,1033.724006,1.867514508,1,0,,,82.12591589,0.411835985
18-06-2023,2,Evening Gown,15,1033.724006,1.867514508,1,0,,,82.12591589,0.411835985
18-06-2023,3,Business Casual Dress,26,1033.724006,1.867514508,1,0,,,82.12591589,0.411835985
18-06-2023,4,Sequin Party Dress,11,1033.724006,1.867514508,1,0,,,82.12591589,0.411835985
18-06-2023,5,Summer Maxi Dress,12,1033.724006,1.867514508,1,0,,,82.12591589,0.411835985
18-06-2023,6,Bridal Gown,14,1033.724006,1.867514508,1,0,,,82.12591589,0.411835985
18-06-2023,7,Traditional Ethnic Dress,14,1033.724006,1.867514508,1,0,,,82.12591589,0.411835985
18-06-2023,8,Maternity Nursing Dress,10,1033.724006,1.867514508,1,0,,,82.12591589,0.411835985
18-06-2023,9,Sporty Athleisure Dress,17,1033.724006,1.867514508,1,0,,,82.12591589,0.411835985
18-06-2023,10,Customizable Dress,21,1033.724006,1.867514508,1,0,,,82.12591589,0.411835985
19-06-2023,1,Floral Sundress,13,1509.740122,3.10258658,0,0,,,56.87051598,0.405165132
19-06-2023,2,Evening Gown,22,1509.740122,3.10258658,0,0,,,56.87051598,0.405165132
19-06-2023,3,Business Casual Dress,24,1509.740122,3.10258658,0,0,,,56.87051598,0.405165132
19-06-2023,4,Sequin Party Dress,20,1509.740122,3.10258658,0,0,,,56.87051598,0.405165132
19-06-2023,5,Summer Maxi Dress,19,1509.740122,3.10258658,0,0,,,56.87051598,0.405165132
19-06-2023,6,Bridal Gown,12,1509.740122,3.10258658,0,0,,,56.87051598,0.405165132
19-06-2023,7,Traditional Ethnic Dress,23,1509.740122,3.10258658,0,0,,,56.87051598,0.405165132
19-06-2023,8,Maternity Nursing Dress,25,1509.740122,3.10258658,0,0,,,56.87051598,0.405165132
19-06-2023,9,Sporty Athleisure Dress,19,1509.740122,3.10258658,0,0,,,56.87051598,0.405165132
19-06-2023,10,Customizable Dress,19,1509.740122,3.10258658,0,0,,,56.87051598,0.405165132
20-06-2023,1,Floral Sundress,21,1520.505396,3.613114509,0,1,,,77.36685386,0.832295332
20-06-2023,2,Evening Gown,18,1520.505396,3.613114509,0,1,,,77.36685386,0.832295332
20-06-2023,3,Business Casual Dress,10,1520.505396,3.613114509,0,1,,,77.36685386,0.832295332
20-06-2023,4,Sequin Party Dress,14,1520.505396,3.613114509,0,1,,,77.36685386,0.832295332
20-06-2023,5,Summer Maxi Dress,29,1520.505396,3.613114509,0,1,,,77.36685386,0.832295332
20-06-2023,6,Bridal Gown,17,1520.505396,3.613114509,0,1,,,77.36685386,0.832295332
20-06-2023,7,Traditional Ethnic Dress,20,1520.505396,3.613114509,0,1,,,77.36685386,0.832295332
20-06-2023,8,Maternity Nursing Dress,21,1520.505396,3.613114509,0,1,,,77.36685386,0.832295332
20-06-2023,9,Sporty Athleisure Dress,10,1520.505396,3.613114509,0,1,,,77.36685386,0.832295332
20-06-2023,10,Customizable Dress,29,1520.505396,3.613114509,0,1,,,77.36685386,0.832295332
21-06-2023,1,Floral Sundress,20,1809.383277,3.969723613,0,0,,,81.89368491,0.550733006
21-06-2023,2,Evening Gown,14,1809.383277,3.969723613,0,0,,,81.89368491,0.550733006
21-06-2023,3,Business Casual Dress,24,1809.383277,3.969723613,0,0,,,81.89368491,0.550733006
21-06-2023,4,Sequin Party Dress,14,1809.383277,3.969723613,0,0,,,81.89368491,0.550733006
21-06-2023,5,Summer Maxi Dress,21,1809.383277,3.969723613,0,0,,,81.89368491,0.550733006
21-06-2023,6,Bridal Gown,14,1809.383277,3.969723613,0,0,,,81.89368491,0.550733006
21-06-2023,7,Traditional Ethnic Dress,26,1809.383277,3.969723613,0,0,,,81.89368491,0.550733006
21-06-2023,8,Maternity Nursing Dress,26,1809.383277,3.969723613,0,0,,,81.89368491,0.550733006
21-06-2023,9,Sporty Athleisure Dress,21,1809.383277,3.969723613,0,0,,,81.89368491,0.550733006
21-06-2023,10,Customizable Dress,24,1809.383277,3.969723613,0,0,,,81.89368491,0.550733006
22-06-2023,1,Floral Sundress,24,1021.621873,3.354872137,1,0,,,55.68913135,0.856018926
22-06-2023,2,Evening Gown,15,1021.621873,3.354872137,1,0,,,55.68913135,0.856018926
22-06-2023,3,Business Casual Dress,21,1021.621873,3.354872137,1,0,,,55.68913135,0.856018926
22-06-2023,4,Sequin Party Dress,29,1021.621873,3.354872137,1,0,,,55.68913135,0.856018926
22-06-2023,5,Summer Maxi Dress,27,1021.621873,3.354872137,1,0,,,55.68913135,0.856018926
22-06-2023,6,Bridal Gown,23,1021.621873,3.354872137,1,0,,,55.68913135,0.856018926
22-06-2023,7,Traditional Ethnic Dress,11,1021.621873,3.354872137,1,0,,,55.68913135,0.856018926
22-06-2023,8,Maternity Nursing Dress,18,1021.621873,3.354872137,1,0,,,55.68913135,0.856018926
22-06-2023,9,Sporty Athleisure Dress,14,1021.621873,3.354872137,1,0,,,55.68913135,0.856018926
22-06-2023,10,Customizable Dress,29,1021.621873,3.354872137,1,0,,,55.68913135,0.856018926
23-06-2023,1,Floral Sundress,10,1471.88496,2.738903003,0,0,,,61.03772187,0.69670437
23-06-2023,2,Evening Gown,12,1471.88496,2.738903003,0,0,,,61.03772187,0.69670437
23-06-2023,3,Business Casual Dress,15,1471.88496,2.738903003,0,0,,,61.03772187,0.69670437
23-06-2023,4,Sequin Party Dress,14,1471.88496,2.738903003,0,0,,,61.03772187,0.69670437
23-06-2023,5,Summer Maxi Dress,14,1471.88496,2.738903003,0,0,,,61.03772187,0.69670437
23-06-2023,6,Bridal Gown,10,1471.88496,2.738903003,0,0,,,61.03772187,0.69670437
23-06-2023,7,Traditional Ethnic Dress,26,1471.88496,2.738903003,0,0,,,61.03772187,0.69670437
23-06-2023,8,Maternity Nursing Dress,28,1471.88496,2.738903003,0,0,,,61.03772187,0.69670437
23-06-2023,9,Sporty Athleisure Dress,23,1471.88496,2.738903003,0,0,,,61.03772187,0.69670437
23-06-2023,10,Customizable Dress,21,1471.88496,2.738903003,0,0,,,61.03772187,0.69670437
24-06-2023,1,Floral Sundress,19,1953.326088,3.695896734,1,0,,,87.03276522,0.222053585
24-06-2023,2,Evening Gown,29,1953.326088,3.695896734,1,0,,,87.03276522,0.222053585
24-06-2023,3,Business Casual Dress,27,1953.326088,3.695896734,1,0,,,87.03276522,0.222053585
24-06-2023,4,Sequin Party Dress,20,1953.326088,3.695896734,1,0,,,87.03276522,0.222053585
24-06-2023,5,Summer Maxi Dress,11,1953.326088,3.695896734,1,0,,,87.03276522,0.222053585
24-06-2023,6,Bridal Gown,27,1953.326088,3.695896734,1,0,,,87.03276522,0.222053585
24-06-2023,7,Traditional Ethnic Dress,16,1953.326088,3.695896734,1,0,,,87.03276522,0.222053585
24-06-2023,8,Maternity Nursing Dress,24,1953.326088,3.695896734,1,0,,,87.03276522,0.222053585
24-06-2023,9,Sporty Athleisure Dress,20,1953.326088,3.695896734,1,0,,,87.03276522,0.222053585
24-06-2023,10,Customizable Dress,27,1953.326088,3.695896734,1,0,,,87.03276522,0.222053585
25-06-2023,1,Floral Sundress,21,1524.922073,4.897249472,0,0,,,76.9941459,0.018581932
25-06-2023,2,Evening Gown,15,1524.922073,4.897249472,0,0,,,76.9941459,0.018581932
25-06-2023,3,Business Casual Dress,29,1524.922073,4.897249472,0,0,,,76.9941459,0.018581932
25-06-2023,4,Sequin Party Dress,22,1524.922073,4.897249472,0,0,,,76.9941459,0.018581932
25-06-2023,5,Summer Maxi Dress,29,1524.922073,4.897249472,0,0,,,76.9941459,0.018581932
25-06-2023,6,Bridal Gown,25,1524.922073,4.897249472,0,0,,,76.9941459,0.018581932
25-06-2023,7,Traditional Ethnic Dress,27,1524.922073,4.897249472,0,0,,,76.9941459,0.018581932
25-06-2023,8,Maternity Nursing Dress,19,1524.922073,4.897249472,0,0,,,76.9941459,0.018581932
25-06-2023,9,Sporty Athleisure Dress,17,1524.922073,4.897249472,0,0,,,76.9941459,0.018581932
25-06-2023,10,Customizable Dress,27,1524.922073,4.897249472,0,0,,,76.9941459,0.018581932
26-06-2023,1,Floral Sundress,10,1733.715,1.747175825,1,0,,,89.52373649,0.065964361
26-06-2023,2,Evening Gown,17,1733.715,1.747175825,1,0,,,89.52373649,0.065964361
26-06-2023,3,Business Casual Dress,15,1733.715,1.747175825,1,0,,,89.52373649,0.065964361
26-06-2023,4,Sequin Party Dress,14,1733.715,1.747175825,1,0,,,89.52373649,0.065964361
26-06-2023,5,Summer Maxi Dress,24,1733.715,1.747175825,1,0,,,89.52373649,0.065964361
26-06-2023,6,Bridal Gown,24,1733.715,1.747175825,1,0,,,89.52373649,0.065964361
26-06-2023,7,Traditional Ethnic Dress,11,1733.715,1.747175825,1,0,,,89.52373649,0.065964361
26-06-2023,8,Maternity Nursing Dress,10,1733.715,1.747175825,1,0,,,89.52373649,0.065964361
26-06-2023,9,Sporty Athleisure Dress,20,1733.715,1.747175825,1,0,,,89.52373649,0.065964361
26-06-2023,10,Customizable Dress,19,1733.715,1.747175825,1,0,,,89.52373649,0.065964361
27-06-2023,1,Floral Sundress,27,1034.939533,3.361287461,1,1,,,69.59545095,0.570644738
27-06-2023,2,Evening Gown,27,1034.939533,3.361287461,1,1,,,69.59545095,0.570644738
27-06-2023,3,Business Casual Dress,26,1034.939533,3.361287461,1,1,,,69.59545095,0.570644738
27-06-2023,4,Sequin Party Dress,17,1034.939533,3.361287461,1,1,,,69.59545095,0.570644738
27-06-2023,5,Summer Maxi Dress,24,1034.939533,3.361287461,1,1,,,69.59545095,0.570644738
27-06-2023,6,Bridal Gown,17,1034.939533,3.361287461,1,1,,,69.59545095,0.570644738
27-06-2023,7,Traditional Ethnic Dress,26,1034.939533,3.361287461,1,1,,,69.59545095,0.570644738
27-06-2023,8,Maternity Nursing Dress,21,1034.939533,3.361287461,1,1,,,69.59545095,0.570644738
27-06-2023,9,Sporty Athleisure Dress,17,1034.939533,3.361287461,1,1,,,69.59545095,0.570644738
27-06-2023,10,Customizable Dress,23,1034.939533,3.361287461,1,1,,,69.59545095,0.570644738
28-06-2023,1,Floral Sundress,13,1200.516821,4.768296533,1,0,,,55.1276428,0.683537621
28-06-2023,2,Evening Gown,10,1200.516821,4.768296533,1,0,,,55.1276428,0.683537621
28-06-2023,3,Business Casual Dress,10,1200.516821,4.768296533,1,0,,,55.1276428,0.683537621
28-06-2023,4,Sequin Party Dress,28,1200.516821,4.768296533,1,0,,,55.1276428,0.683537621
28-06-2023,5,Summer Maxi Dress,25,1200.516821,4.768296533,1,0,,,55.1276428,0.683537621
28-06-2023,6,Bridal Gown,23,1200.516821,4.768296533,1,0,,,55.1276428,0.683537621
28-06-2023,7,Traditional Ethnic Dress,25,1200.516821,4.768296533,1,0,,,55.1276428,0.683537621
28-06-2023,8,Maternity Nursing Dress,14,1200.516821,4.768296533,1,0,,,55.1276428,0.683537621
28-06-2023,9,Sporty Athleisure Dress,18,1200.516821,4.768296533,1,0,,,55.1276428,0.683537621
28-06-2023,10,Customizable Dress,11,1200.516821,4.768296533,1,0,,,55.1276428,0.683537621
29-06-2023,1,Floral Sundress,27,1563.49611,3.951116817,1,0,,,59.10114168,0.504452639
29-06-2023,2,Evening Gown,15,1563.49611,3.951116817,1,0,,,59.10114168,0.504452639
29-06-2023,3,Business Casual Dress,18,1563.49611,3.951116817,1,0,,,59.10114168,0.504452639
29-06-2023,4,Sequin Party Dress,10,1563.49611,3.951116817,1,0,,,59.10114168,0.504452639
29-06-2023,5,Summer Maxi Dress,18,1563.49611,3.951116817,1,0,,,59.10114168,0.504452639
29-06-2023,6,Bridal Gown,25,1563.49611,3.951116817,1,0,,,59.10114168,0.504452639
29-06-2023,7,Traditional Ethnic Dress,22,1563.49611,3.951116817,1,0,,,59.10114168,0.504452639
29-06-2023,8,Maternity Nursing Dress,18,1563.49611,3.951116817,1,0,,,59.10114168,0.504452639
29-06-2023,9,Sporty Athleisure Dress,22,1563.49611,3.951116817,1,0,,,59.10114168,0.504452639
29-06-2023,10,Customizable Dress,18,1563.49611,3.951116817,1,0,,,59.10114168,0.504452639
30-06-2023,1,Floral Sundress,20,1360.834755,1.953533205,1,0,,,62.37043759,0.857780797
30-06-2023,2,Evening Gown,13,1360.834755,1.953533205,1,0,,,62.37043759,0.857780797
30-06-2023,3,Business Casual Dress,11,1360.834755,1.953533205,1,0,,,62.37043759,0.857780797
30-06-2023,4,Sequin Party Dress,15,1360.834755,1.953533205,1,0,,,62.37043759,0.857780797
30-06-2023,5,Summer Maxi Dress,23,1360.834755,1.953533205,1,0,,,62.37043759,0.857780797
30-06-2023,6,Bridal Gown,13,1360.834755,1.953533205,1,0,,,62.37043759,0.857780797
30-06-2023,7,Traditional Ethnic Dress,15,1360.834755,1.953533205,1,0,,,62.37043759,0.857780797
30-06-2023,8,Maternity Nursing Dress,28,1360.834755,1.953533205,1,0,,,62.37043759,0.857780797
30-06-2023,9,Sporty Athleisure Dress,15,1360.834755,1.953533205,1,0,,,62.37043759,0.857780797
30-06-2023,10,Customizable Dress,11,1360.834755,1.953533205,1,0,,,62.37043759,0.857780797
01-07-2023,1,Floral Sundress,27,1236.729317,2.280810815,0,0,,,68.4413448,0.727979097
01-07-2023,2,Evening Gown,22,1236.729317,2.280810815,0,0,,,68.4413448,0.727979097
01-07-2023,3,Business Casual Dress,18,1236.729317,2.280810815,0,0,,,68.4413448,0.727979097
01-07-2023,4,Sequin Party Dress,28,1236.729317,2.280810815,0,0,,,68.4413448,0.727979097
01-07-2023,5,Summer Maxi Dress,22,1236.729317,2.280810815,0,0,,,68.4413448,0.727979097
01-07-2023,6,Bridal Gown,20,1236.729317,2.280810815,0,0,,,68.4413448,0.727979097
01-07-2023,7,Traditional Ethnic Dress,10,1236.729317,2.280810815,0,0,,,68.4413448,0.727979097
01-07-2023,8,Maternity Nursing Dress,16,1236.729317,2.280810815,0,0,,,68.4413448,0.727979097
01-07-2023,9,Sporty Athleisure Dress,24,1236.729317,2.280810815,0,0,,,68.4413448,0.727979097
01-07-2023,10,Customizable Dress,10,1236.729317,2.280810815,0,0,,,68.4413448,0.727979097
02-07-2023,1,Floral Sundress,21,1451.021623,2.990940922,1,1,,,66.32071874,0.509552664
02-07-2023,2,Evening Gown,16,1451.021623,2.990940922,1,1,,,66.32071874,0.509552664
02-07-2023,3,Business Casual Dress,24,1451.021623,2.990940922,1,1,,,66.32071874,0.509552664
02-07-2023,4,Sequin Party Dress,28,1451.021623,2.990940922,1,1,,,66.32071874,0.509552664
02-07-2023,5,Summer Maxi Dress,10,1451.021623,2.990940922,1,1,,,66.32071874,0.509552664
02-07-2023,6,Bridal Gown,26,1451.021623,2.990940922,1,1,,,66.32071874,0.509552664
02-07-2023,7,Traditional Ethnic Dress,26,1451.021623,2.990940922,1,1,,,66.32071874,0.509552664
02-07-2023,8,Maternity Nursing Dress,12,1451.021623,2.990940922,1,1,,,66.32071874,0.509552664
02-07-2023,9,Sporty Athleisure Dress,21,1451.021623,2.990940922,1,1,,,66.32071874,0.509552664
02-07-2023,10,Customizable Dress,15,1451.021623,2.990940922,1,1,,,66.32071874,0.509552664
03-07-2023,1,Floral Sundress,20,1334.248602,4.359269833,1,0,,,78.8598428,0.034705944
03-07-2023,2,Evening Gown,12,1334.248602,4.359269833,1,0,,,78.8598428,0.034705944
03-07-2023,3,Business Casual Dress,17,1334.248602,4.359269833,1,0,,,78.8598428,0.034705944
03-07-2023,4,Sequin Party Dress,23,1334.248602,4.359269833,1,0,,,78.8598428,0.034705944
03-07-2023,5,Summer Maxi Dress,23,1334.248602,4.359269833,1,0,,,78.8598428,0.034705944
03-07-2023,6,Bridal Gown,19,1334.248602,4.359269833,1,0,,,78.8598428,0.034705944
03-07-2023,7,Traditional Ethnic Dress,11,1334.248602,4.359269833,1,0,,,78.8598428,0.034705944
03-07-2023,8,Maternity Nursing Dress,23,1334.248602,4.359269833,1,0,,,78.8598428,0.034705944
03-07-2023,9,Sporty Athleisure Dress,18,1334.248602,4.359269833,1,0,,,78.8598428,0.034705944
03-07-2023,10,Customizable Dress,12,1334.248602,4.359269833,1,0,,,78.8598428,0.034705944
04-07-2023,1,Floral Sundress,17,1414.590622,3.372673551,0,1,,,58.78624087,0.937859072
04-07-2023,2,Evening Gown,25,1414.590622,3.372673551,0,1,,,58.78624087,0.937859072
04-07-2023,3,Business Casual Dress,11,1414.590622,3.372673551,0,1,,,58.78624087,0.937859072
04-07-2023,4,Sequin Party Dress,15,1414.590622,3.372673551,0,1,,,58.78624087,0.937859072
04-07-2023,5,Summer Maxi Dress,21,1414.590622,3.372673551,0,1,,,58.78624087,0.937859072
04-07-2023,6,Bridal Gown,14,1414.590622,3.372673551,0,1,,,58.78624087,0.937859072
04-07-2023,7,Traditional Ethnic Dress,11,1414.590622,3.372673551,0,1,,,58.78624087,0.937859072
04-07-2023,8,Maternity Nursing Dress,25,1414.590622,3.372673551,0,1,,,58.78624087,0.937859072
04-07-2023,9,Sporty Athleisure Dress,14,1414.590622,3.372673551,0,1,,,58.78624087,0.937859072
04-07-2023,10,Customizable Dress,24,1414.590622,3.372673551,0,1,,,58.78624087,0.937859072
05-07-2023,1,Floral Sundress,21,1064.343272,4.720317335,0,0,,,85.10882082,0.35860478
05-07-2023,2,Evening Gown,13,1064.343272,4.720317335,0,0,,,85.10882082,0.35860478
05-07-2023,3,Business Casual Dress,24,1064.343272,4.720317335,0,0,,,85.10882082,0.35860478
05-07-2023,4,Sequin Party Dress,20,1064.343272,4.720317335,0,0,,,85.10882082,0.35860478
05-07-2023,5,Summer Maxi Dress,25,1064.343272,4.720317335,0,0,,,85.10882082,0.35860478
05-07-2023,6,Bridal Gown,15,1064.343272,4.720317335,0,0,,,85.10882082,0.35860478
05-07-2023,7,Traditional Ethnic Dress,23,1064.343272,4.720317335,0,0,,,85.10882082,0.35860478
05-07-2023,8,Maternity Nursing Dress,27,1064.343272,4.720317335,0,0,,,85.10882082,0.35860478
05-07-2023,9,Sporty Athleisure Dress,21,1064.343272,4.720317335,0,0,,,85.10882082,0.35860478
05-07-2023,10,Customizable Dress,20,1064.343272,4.720317335,0,0,,,85.10882082,0.35860478
06-07-2023,1,Floral Sundress,22,1746.007575,3.148203038,1,0,,,60.22202936,0.392609051
06-07-2023,2,Evening Gown,20,1746.007575,3.148203038,1,0,,,60.22202936,0.392609051
06-07-2023,3,Business Casual Dress,25,1746.007575,3.148203038,1,0,,,60.22202936,0.392609051
06-07-2023,4,Sequin Party Dress,24,1746.007575,3.148203038,1,0,,,60.22202936,0.392609051
06-07-2023,5,Summer Maxi Dress,24,1746.007575,3.148203038,1,0,,,60.22202936,0.392609051
06-07-2023,6,Bridal Gown,13,1746.007575,3.148203038,1,0,,,60.22202936,0.392609051
06-07-2023,7,Traditional Ethnic Dress,20,1746.007575,3.148203038,1,0,,,60.22202936,0.392609051
06-07-2023,8,Maternity Nursing Dress,28,1746.007575,3.148203038,1,0,,,60.22202936,0.392609051
06-07-2023,9,Sporty Athleisure Dress,24,1746.007575,3.148203038,1,0,,,60.22202936,0.392609051
06-07-2023,10,Customizable Dress,13,1746.007575,3.148203038,1,0,,,60.22202936,0.392609051
07-07-2023,1,Floral Sundress,22,1465.087792,3.474435066,1,0,,,77.48643453,0.221178704
07-07-2023,2,Evening Gown,28,1465.087792,3.474435066,1,0,,,77.48643453,0.221178704
07-07-2023,3,Business Casual Dress,11,1465.087792,3.474435066,1,0,,,77.48643453,0.221178704
07-07-2023,4,Sequin Party Dress,23,1465.087792,3.474435066,1,0,,,77.48643453,0.221178704
07-07-2023,5,Summer Maxi Dress,13,1465.087792,3.474435066,1,0,,,77.48643453,0.221178704
07-07-2023,6,Bridal Gown,25,1465.087792,3.474435066,1,0,,,77.48643453,0.221178704
07-07-2023,7,Traditional Ethnic Dress,29,1465.087792,3.474435066,1,0,,,77.48643453,0.221178704
07-07-2023,8,Maternity Nursing Dress,23,1465.087792,3.474435066,1,0,,,77.48643453,0.221178704
07-07-2023,9,Sporty Athleisure Dress,24,1465.087792,3.474435066,1,0,,,77.48643453,0.221178704
07-07-2023,10,Customizable Dress,12,1465.087792,3.474435066,1,0,,,77.48643453,0.221178704
08-07-2023,1,Floral Sundress,17,1729.043715,1.12654897,1,0,,,67.68940663,0.881401153
08-07-2023,2,Evening Gown,25,1729.043715,1.12654897,1,0,,,67.68940663,0.881401153
08-07-2023,3,Business Casual Dress,19,1729.043715,1.12654897,1,0,,,67.68940663,0.881401153
08-07-2023,4,Sequin Party Dress,13,1729.043715,1.12654897,1,0,,,67.68940663,0.881401153
08-07-2023,5,Summer Maxi Dress,27,1729.043715,1.12654897,1,0,,,67.68940663,0.881401153
08-07-2023,6,Bridal Gown,11,1729.043715,1.12654897,1,0,,,67.68940663,0.881401153
08-07-2023,7,Traditional Ethnic Dress,26,1729.043715,1.12654897,1,0,,,67.68940663,0.881401153
08-07-2023,8,Maternity Nursing Dress,22,1729.043715,1.12654897,1,0,,,67.68940663,0.881401153
08-07-2023,9,Sporty Athleisure Dress,13,1729.043715,1.12654897,1,0,,,67.68940663,0.881401153
08-07-2023,10,Customizable Dress,20,1729.043715,1.12654897,1,0,,,67.68940663,0.881401153
09-07-2023,1,Floral Sundress,16,1499.532866,3.072097348,1,1,,,76.00801534,0.15203132
09-07-2023,2,Evening Gown,21,1499.532866,3.072097348,1,1,,,76.00801534,0.15203132
09-07-2023,3,Business Casual Dress,19,1499.532866,3.072097348,1,1,,,76.00801534,0.15203132
09-07-2023,4,Sequin Party Dress,16,1499.532866,3.072097348,1,1,,,76.00801534,0.15203132
09-07-2023,5,Summer Maxi Dress,22,1499.532866,3.072097348,1,1,,,76.00801534,0.15203132
09-07-2023,6,Bridal Gown,16,1499.532866,3.072097348,1,1,,,76.00801534,0.15203132
09-07-2023,7,Traditional Ethnic Dress,26,1499.532866,3.072097348,1,1,,,76.00801534,0.15203132
09-07-2023,8,Maternity Nursing Dress,19,1499.532866,3.072097348,1,1,,,76.00801534,0.15203132
09-07-2023,9,Sporty Athleisure Dress,19,1499.532866,3.072097348,1,1,,,76.00801534,0.15203132
09-07-2023,10,Customizable Dress,13,1499.532866,3.072097348,1,1,,,76.00801534,0.15203132
10-07-2023,1,Floral Sundress,29,1053.992197,3.495497931,1,1,,,66.50217723,0.480194691
10-07-2023,2,Evening Gown,13,1053.992197,3.495497931,1,1,,,66.50217723,0.480194691
10-07-2023,3,Business Casual Dress,16,1053.992197,3.495497931,1,1,,,66.50217723,0.480194691
10-07-2023,4,Sequin Party Dress,10,1053.992197,3.495497931,1,1,,,66.50217723,0.480194691
10-07-2023,5,Summer Maxi Dress,21,1053.992197,3.495497931,1,1,,,66.50217723,0.480194691
10-07-2023,6,Bridal Gown,22,1053.992197,3.495497931,1,1,,,66.50217723,0.480194691
10-07-2023,7,Traditional Ethnic Dress,19,1053.992197,3.495497931,1,1,,,66.50217723,0.480194691
10-07-2023,8,Maternity Nursing Dress,24,1053.992197,3.495497931,1,1,,,66.50217723,0.480194691
10-07-2023,9,Sporty Athleisure Dress,22,1053.992197,3.495497931,1,1,,,66.50217723,0.480194691
10-07-2023,10,Customizable Dress,18,1053.992197,3.495497931,1,1,,,66.50217723,0.480194691
11-07-2023,1,Floral Sundress,18,1811.289385,1.997274594,0,0,,,66.71274174,0.542110911
11-07-2023,2,Evening Gown,24,1811.289385,1.997274594,0,0,,,66.71274174,0.542110911
11-07-2023,3,Business Casual Dress,19,1811.289385,1.997274594,0,0,,,66.71274174,0.542110911
11-07-2023,4,Sequin Party Dress,19,1811.289385,1.997274594,0,0,,,66.71274174,0.542110911
11-07-2023,5,Summer Maxi Dress,17,1811.289385,1.997274594,0,0,,,66.71274174,0.542110911
11-07-2023,6,Bridal Gown,25,1811.289385,1.997274594,0,0,,,66.71274174,0.542110911
11-07-2023,7,Traditional Ethnic Dress,26,1811.289385,1.997274594,0,0,,,66.71274174,0.542110911
11-07-2023,8,Maternity Nursing Dress,14,1811.289385,1.997274594,0,0,,,66.71274174,0.542110911
11-07-2023,9,Sporty Athleisure Dress,13,1811.289385,1.997274594,0,0,,,66.71274174,0.542110911
11-07-2023,10,Customizable Dress,27,1811.289385,1.997274594,0,0,,,66.71274174,0.542110911
12-07-2023,1,Floral Sundress,28,1429.219293,4.823688774,1,0,,,53.58421423,0.022613091
12-07-2023,2,Evening Gown,13,1429.219293,4.823688774,1,0,,,53.58421423,0.022613091
12-07-2023,3,Business Casual Dress,16,1429.219293,4.823688774,1,0,,,53.58421423,0.022613091
12-07-2023,4,Sequin Party Dress,19,1429.219293,4.823688774,1,0,,,53.58421423,0.022613091
12-07-2023,5,Summer Maxi Dress,27,1429.219293,4.823688774,1,0,,,53.58421423,0.022613091
12-07-2023,6,Bridal Gown,28,1429.219293,4.823688774,1,0,,,53.58421423,0.022613091
12-07-2023,7,Traditional Ethnic Dress,13,1429.219293,4.823688774,1,0,,,53.58421423,0.022613091
12-07-2023,8,Maternity Nursing Dress,19,1429.219293,4.823688774,1,0,,,53.58421423,0.022613091
12-07-2023,9,Sporty Athleisure Dress,10,1429.219293,4.823688774,1,0,,,53.58421423,0.022613091
12-07-2023,10,Customizable Dress,27,1429.219293,4.823688774,1,0,,,53.58421423,0.022613091
13-07-2023,1,Floral Sundress,14,1128.162117,3.73449394,1,0,,,78.11022574,0.429995633
13-07-2023,2,Evening Gown,24,1128.162117,3.73449394,1,0,,,78.11022574,0.429995633
13-07-2023,3,Business Casual Dress,26,1128.162117,3.73449394,1,0,,,78.11022574,0.429995633
13-07-2023,4,Sequin Party Dress,12,1128.162117,3.73449394,1,0,,,78.11022574,0.429995633
13-07-2023,5,Summer Maxi Dress,21,1128.162117,3.73449394,1,0,,,78.11022574,0.429995633
13-07-2023,6,Bridal Gown,11,1128.162117,3.73449394,1,0,,,78.11022574,0.429995633
13-07-2023,7,Traditional Ethnic Dress,10,1128.162117,3.73449394,1,0,,,78.11022574,0.429995633
13-07-2023,8,Maternity Nursing Dress,26,1128.162117,3.73449394,1,0,,,78.11022574,0.429995633
13-07-2023,9,Sporty Athleisure Dress,25,1128.162117,3.73449394,1,0,,,78.11022574,0.429995633
13-07-2023,10,Customizable Dress,14,1128.162117,3.73449394,1,0,,,78.11022574,0.429995633
14-07-2023,1,Floral Sundress,24,1636.127538,3.488530111,0,1,,,78.64368141,0.223046181
14-07-2023,2,Evening Gown,12,1636.127538,3.488530111,0,1,,,78.64368141,0.223046181
14-07-2023,3,Business Casual Dress,16,1636.127538,3.488530111,0,1,,,78.64368141,0.223046181
14-07-2023,4,Sequin Party Dress,20,1636.127538,3.488530111,0,1,,,78.64368141,0.223046181
14-07-2023,5,Summer Maxi Dress,19,1636.127538,3.488530111,0,1,,,78.64368141,0.223046181
14-07-2023,6,Bridal Gown,18,1636.127538,3.488530111,0,1,,,78.64368141,0.223046181
14-07-2023,7,Traditional Ethnic Dress,23,1636.127538,3.488530111,0,1,,,78.64368141,0.223046181
14-07-2023,8,Maternity Nursing Dress,22,1636.127538,3.488530111,0,1,,,78.64368141,0.223046181
14-07-2023,9,Sporty Athleisure Dress,11,1636.127538,3.488530111,0,1,,,78.64368141,0.223046181
14-07-2023,10,Customizable Dress,12,1636.127538,3.488530111,0,1,,,78.64368141,0.223046181
15-07-2023,1,Floral Sundress,16,1626.202304,1.339056431,1,1,,,62.32039653,0.083160958
15-07-2023,2,Evening Gown,27,1626.202304,1.339056431,1,1,,,62.32039653,0.083160958
15-07-2023,3,Business Casual Dress,12,1626.202304,1.339056431,1,1,,,62.32039653,0.083160958
15-07-2023,4,Sequin Party Dress,19,1626.202304,1.339056431,1,1,,,62.32039653,0.083160958
15-07-2023,5,Summer Maxi Dress,16,1626.202304,1.339056431,1,1,,,62.32039653,0.083160958
15-07-2023,6,Bridal Gown,18,1626.202304,1.339056431,1,1,,,62.32039653,0.083160958
15-07-2023,7,Traditional Ethnic Dress,26,1626.202304,1.339056431,1,1,,,62.32039653,0.083160958
15-07-2023,8,Maternity Nursing Dress,20,1626.202304,1.339056431,1,1,,,62.32039653,0.083160958
15-07-2023,9,Sporty Athleisure Dress,16,1626.202304,1.339056431,1,1,,,62.32039653,0.083160958
15-07-2023,10,Customizable Dress,23,1626.202304,1.339056431,1,1,,,62.32039653,0.083160958
16-07-2023,1,Floral Sundress,28,1389.928678,4.190654247,0,0,,,69.60669513,0.436201658
16-07-2023,2,Evening Gown,13,1389.928678,4.190654247,0,0,,,69.60669513,0.436201658
16-07-2023,3,Business Casual Dress,15,1389.928678,4.190654247,0,0,,,69.60669513,0.436201658
16-07-2023,4,Sequin Party Dress,19,1389.928678,4.190654247,0,0,,,69.60669513,0.436201658
16-07-2023,5,Summer Maxi Dress,16,1389.928678,4.190654247,0,0,,,69.60669513,0.436201658
16-07-2023,6,Bridal Gown,22,1389.928678,4.190654247,0,0,,,69.60669513,0.436201658
16-07-2023,7,Traditional Ethnic Dress,23,1389.928678,4.190654247,0,0,,,69.60669513,0.436201658
16-07-2023,8,Maternity Nursing Dress,13,1389.928678,4.190654247,0,0,,,69.60669513,0.436201658
16-07-2023,9,Sporty Athleisure Dress,17,1389.928678,4.190654247,0,0,,,69.60669513,0.436201658
16-07-2023,10,Customizable Dress,14,1389.928678,4.190654247,0,0,,,69.60669513,0.436201658
17-07-2023,1,Floral Sundress,10,1238.292419,3.759543803,0,1,,,65.42192552,0.909932251
17-07-2023,2,Evening Gown,13,1238.292419,3.759543803,0,1,,,65.42192552,0.909932251
17-07-2023,3,Business Casual Dress,12,1238.292419,3.759543803,0,1,,,65.42192552,0.909932251
17-07-2023,4,Sequin Party Dress,18,1238.292419,3.759543803,0,1,,,65.42192552,0.909932251
17-07-2023,5,Summer Maxi Dress,17,1238.292419,3.759543803,0,1,,,65.42192552,0.909932251
17-07-2023,6,Bridal Gown,10,1238.292419,3.759543803,0,1,,,65.42192552,0.909932251
17-07-2023,7,Traditional Ethnic Dress,15,1238.292419,3.759543803,0,1,,,65.42192552,0.909932251
17-07-2023,8,Maternity Nursing Dress,18,1238.292419,3.759543803,0,1,,,65.42192552,0.909932251
17-07-2023,9,Sporty Athleisure Dress,16,1238.292419,3.759543803,0,1,,,65.42192552,0.909932251
17-07-2023,10,Customizable Dress,13,1238.292419,3.759543803,0,1,,,65.42192552,0.909932251
18-07-2023,1,Floral Sundress,22,1520.548748,1.176390651,0,0,,,53.08185011,0.67582408
18-07-2023,2,Evening Gown,26,1520.548748,1.176390651,0,0,,,53.08185011,0.67582408
18-07-2023,3,Business Casual Dress,11,1520.548748,1.176390651,0,0,,,53.08185011,0.67582408
18-07-2023,4,Sequin Party Dress,14,1520.548748,1.176390651,0,0,,,53.08185011,0.67582408
18-07-2023,5,Summer Maxi Dress,21,1520.548748,1.176390651,0,0,,,53.08185011,0.67582408
18-07-2023,6,Bridal Gown,17,1520.548748,1.176390651,0,0,,,53.08185011,0.67582408
18-07-2023,7,Traditional Ethnic Dress,15,1520.548748,1.176390651,0,0,,,53.08185011,0.67582408
18-07-2023,8,Maternity Nursing Dress,17,1520.548748,1.176390651,0,0,,,53.08185011,0.67582408
18-07-2023,9,Sporty Athleisure Dress,27,1520.548748,1.176390651,0,0,,,53.08185011,0.67582408
18-07-2023,10,Customizable Dress,12,1520.548748,1.176390651,0,0,,,53.08185011,0.67582408
19-07-2023,1,Floral Sundress,21,1717.962447,1.830102181,0,0,,,74.30011687,0.754664126
19-07-2023,2,Evening Gown,12,1717.962447,1.830102181,0,0,,,74.30011687,0.754664126
19-07-2023,3,Business Casual Dress,15,1717.962447,1.830102181,0,0,,,74.30011687,0.754664126
19-07-2023,4,Sequin Party Dress,11,1717.962447,1.830102181,0,0,,,74.30011687,0.754664126
19-07-2023,5,Summer Maxi Dress,21,1717.962447,1.830102181,0,0,,,74.30011687,0.754664126
19-07-2023,6,Bridal Gown,11,1717.962447,1.830102181,0,0,,,74.30011687,0.754664126
19-07-2023,7,Traditional Ethnic Dress,15,1717.962447,1.830102181,0,0,,,74.30011687,0.754664126
19-07-2023,8,Maternity Nursing Dress,26,1717.962447,1.830102181,0,0,,,74.30011687,0.754664126
19-07-2023,9,Sporty Athleisure Dress,12,1717.962447,1.830102181,0,0,,,74.30011687,0.754664126
19-07-2023,10,Customizable Dress,11,1717.962447,1.830102181,0,0,,,74.30011687,0.754664126
20-07-2023,1,Floral Sundress,29,1290.638916,2.121811111,0,0,,,75.95755773,0.176697273
20-07-2023,2,Evening Gown,17,1290.638916,2.121811111,0,0,,,75.95755773,0.176697273
20-07-2023,3,Business Casual Dress,21,1290.638916,2.121811111,0,0,,,75.95755773,0.176697273
20-07-2023,4,Sequin Party Dress,13,1290.638916,2.121811111,0,0,,,75.95755773,0.176697273
20-07-2023,5,Summer Maxi Dress,14,1290.638916,2.121811111,0,0,,,75.95755773,0.176697273
20-07-2023,6,Bridal Gown,22,1290.638916,2.121811111,0,0,,,75.95755773,0.176697273
20-07-2023,7,Traditional Ethnic Dress,24,1290.638916,2.121811111,0,0,,,75.95755773,0.176697273
20-07-2023,8,Maternity Nursing Dress,25,1290.638916,2.121811111,0,0,,,75.95755773,0.176697273
20-07-2023,9,Sporty Athleisure Dress,19,1290.638916,2.121811111,0,0,,,75.95755773,0.176697273
20-07-2023,10,Customizable Dress,25,1290.638916,2.121811111,0,0,,,75.95755773,0.176697273
21-07-2023,1,Floral Sundress,21,1498.31461,1.626531456,1,0,,,59.02756261,0.144909679
21-07-2023,2,Evening Gown,26,1498.31461,1.626531456,1,0,,,59.02756261,0.144909679
21-07-2023,3,Business Casual Dress,25,1498.31461,1.626531456,1,0,,,59.02756261,0.144909679
21-07-2023,4,Sequin Party Dress,21,1498.31461,1.626531456,1,0,,,59.02756261,0.144909679
21-07-2023,5,Summer Maxi Dress,17,1498.31461,1.626531456,1,0,,,59.02756261,0.144909679
21-07-2023,6,Bridal Gown,29,1498.31461,1.626531456,1,0,,,59.02756261,0.144909679
21-07-2023,7,Traditional Ethnic Dress,12,1498.31461,1.626531456,1,0,,,59.02756261,0.144909679
21-07-2023,8,Maternity Nursing Dress,25,1498.31461,1.626531456,1,0,,,59.02756261,0.144909679
21-07-2023,9,Sporty Athleisure Dress,22,1498.31461,1.626531456,1,0,,,59.02756261,0.144909679
21-07-2023,10,Customizable Dress,28,1498.31461,1.626531456,1,0,,,59.02756261,0.144909679
22-07-2023,1,Floral Sundress,17,1729.941458,3.257184874,1,0,,,74.04026785,0.227831395
22-07-2023,2,Evening Gown,14,1729.941458,3.257184874,1,0,,,74.04026785,0.227831395
22-07-2023,3,Business Casual Dress,29,1729.941458,3.257184874,1,0,,,74.04026785,0.227831395
22-07-2023,4,Sequin Party Dress,17,1729.941458,3.257184874,1,0,,,74.04026785,0.227831395
22-07-2023,5,Summer Maxi Dress,21,1729.941458,3.257184874,1,0,,,74.04026785,0.227831395
22-07-2023,6,Bridal Gown,10,1729.941458,3.257184874,1,0,,,74.04026785,0.227831395
22-07-2023,7,Traditional Ethnic Dress,29,1729.941458,3.257184874,1,0,,,74.04026785,0.227831395
22-07-2023,8,Maternity Nursing Dress,15,1729.941458,3.257184874,1,0,,,74.04026785,0.227831395
22-07-2023,9,Sporty Athleisure Dress,27,1729.941458,3.257184874,1,0,,,74.04026785,0.227831395
22-07-2023,10,Customizable Dress,17,1729.941458,3.257184874,1,0,,,74.04026785,0.227831395
23-07-2023,1,Floral Sundress,16,1449.673876,3.555313679,1,1,,,68.39075844,0.0091949
23-07-2023,2,Evening Gown,10,1449.673876,3.555313679,1,1,,,68.39075844,0.0091949
23-07-2023,3,Business Casual Dress,25,1449.673876,3.555313679,1,1,,,68.39075844,0.0091949
23-07-2023,4,Sequin Party Dress,21,1449.673876,3.555313679,1,1,,,68.39075844,0.0091949
23-07-2023,5,Summer Maxi Dress,15,1449.673876,3.555313679,1,1,,,68.39075844,0.0091949
23-07-2023,6,Bridal Gown,29,1449.673876,3.555313679,1,1,,,68.39075844,0.0091949
23-07-2023,7,Traditional Ethnic Dress,11,1449.673876,3.555313679,1,1,,,68.39075844,0.0091949
23-07-2023,8,Maternity Nursing Dress,23,1449.673876,3.555313679,1,1,,,68.39075844,0.0091949
23-07-2023,9,Sporty Athleisure Dress,13,1449.673876,3.555313679,1,1,,,68.39075844,0.0091949
23-07-2023,10,Customizable Dress,10,1449.673876,3.555313679,1,1,,,68.39075844,0.0091949
24-07-2023,1,Floral Sundress,27,1138.247944,3.947067544,1,0,,,80.05938524,0.227580799
24-07-2023,2,Evening Gown,22,1138.247944,3.947067544,1,0,,,80.05938524,0.227580799
24-07-2023,3,Business Casual Dress,11,1138.247944,3.947067544,1,0,,,80.05938524,0.227580799
24-07-2023,4,Sequin Party Dress,18,1138.247944,3.947067544,1,0,,,80.05938524,0.227580799
24-07-2023,5,Summer Maxi Dress,11,1138.247944,3.947067544,1,0,,,80.05938524,0.227580799
24-07-2023,6,Bridal Gown,18,1138.247944,3.947067544,1,0,,,80.05938524,0.227580799
24-07-2023,7,Traditional Ethnic Dress,10,1138.247944,3.947067544,1,0,,,80.05938524,0.227580799
24-07-2023,8,Maternity Nursing Dress,20,1138.247944,3.947067544,1,0,,,80.05938524,0.227580799
24-07-2023,9,Sporty Athleisure Dress,12,1138.247944,3.947067544,1,0,,,80.05938524,0.227580799
24-07-2023,10,Customizable Dress,29,1138.247944,3.947067544,1,0,,,80.05938524,0.227580799
25-07-2023,1,Floral Sundress,13,1087.64199,4.453822871,1,1,,,86.08497349,0.215152717
25-07-2023,2,Evening Gown,27,1087.64199,4.453822871,1,1,,,86.08497349,0.215152717
25-07-2023,3,Business Casual Dress,15,1087.64199,4.453822871,1,1,,,86.08497349,0.215152717
25-07-2023,4,Sequin Party Dress,12,1087.64199,4.453822871,1,1,,,86.08497349,0.215152717
25-07-2023,5,Summer Maxi Dress,20,1087.64199,4.453822871,1,1,,,86.08497349,0.215152717
25-07-2023,6,Bridal Gown,24,1087.64199,4.453822871,1,1,,,86.08497349,0.215152717
25-07-2023,7,Traditional Ethnic Dress,14,1087.64199,4.453822871,1,1,,,86.08497349,0.215152717
25-07-2023,8,Maternity Nursing Dress,29,1087.64199,4.453822871,1,1,,,86.08497349,0.215152717
25-07-2023,9,Sporty Athleisure Dress,19,1087.64199,4.453822871,1,1,,,86.08497349,0.215152717
25-07-2023,10,Customizable Dress,21,1087.64199,4.453822871,1,1,,,86.08497349,0.215152717
26-07-2023,1,Floral Sundress,24,1008.578204,2.069986746,1,0,,,77.44506864,0.825207722
26-07-2023,2,Evening Gown,26,1008.578204,2.069986746,1,0,,,77.44506864,0.825207722
26-07-2023,3,Business Casual Dress,19,1008.578204,2.069986746,1,0,,,77.44506864,0.825207722
26-07-2023,4,Sequin Party Dress,15,1008.578204,2.069986746,1,0,,,77.44506864,0.825207722
26-07-2023,5,Summer Maxi Dress,27,1008.578204,2.069986746,1,0,,,77.44506864,0.825207722
26-07-2023,6,Bridal Gown,22,1008.578204,2.069986746,1,0,,,77.44506864,0.825207722
26-07-2023,7,Traditional Ethnic Dress,12,1008.578204,2.069986746,1,0,,,77.44506864,0.825207722
26-07-2023,8,Maternity Nursing Dress,19,1008.578204,2.069986746,1,0,,,77.44506864,0.825207722
26-07-2023,9,Sporty Athleisure Dress,23,1008.578204,2.069986746,1,0,,,77.44506864,0.825207722
26-07-2023,10,Customizable Dress,15,1008.578204,2.069986746,1,0,,,77.44506864,0.825207722
27-07-2023,1,Floral Sundress,12,1217.318353,4.434404437,0,0,,,83.40959558,0.795687082
27-07-2023,2,Evening Gown,25,1217.318353,4.434404437,0,0,,,83.40959558,0.795687082
27-07-2023,3,Business Casual Dress,16,1217.318353,4.434404437,0,0,,,83.40959558,0.795687082
27-07-2023,4,Sequin Party Dress,29,1217.318353,4.434404437,0,0,,,83.40959558,0.795687082
27-07-2023,5,Summer Maxi Dress,23,1217.318353,4.434404437,0,0,,,83.40959558,0.795687082
27-07-2023,6,Bridal Gown,18,1217.318353,4.434404437,0,0,,,83.40959558,0.795687082
27-07-2023,7,Traditional Ethnic Dress,24,1217.318353,4.434404437,0,0,,,83.40959558,0.795687082
27-07-2023,8,Maternity Nursing Dress,12,1217.318353,4.434404437,0,0,,,83.40959558,0.795687082
27-07-2023,9,Sporty Athleisure Dress,11,1217.318353,4.434404437,0,0,,,83.40959558,0.795687082
27-07-2023,10,Customizable Dress,11,1217.318353,4.434404437,0,0,,,83.40959558,0.795687082
28-07-2023,1,Floral Sundress,12,1095.538575,1.708059069,0,0,,,87.46386173,0.538959451
28-07-2023,2,Evening Gown,27,1095.538575,1.708059069,0,0,,,87.46386173,0.538959451
28-07-2023,3,Business Casual Dress,23,1095.538575,1.708059069,0,0,,,87.46386173,0.538959451
28-07-2023,4,Sequin Party Dress,29,1095.538575,1.708059069,0,0,,,87.46386173,0.538959451
28-07-2023,5,Summer Maxi Dress,27,1095.538575,1.708059069,0,0,,,87.46386173,0.538959451
28-07-2023,6,Bridal Gown,19,1095.538575,1.708059069,0,0,,,87.46386173,0.538959451
28-07-2023,7,Traditional Ethnic Dress,11,1095.538575,1.708059069,0,0,,,87.46386173,0.538959451
28-07-2023,8,Maternity Nursing Dress,10,1095.538575,1.708059069,0,0,,,87.46386173,0.538959451
28-07-2023,9,Sporty Athleisure Dress,13,1095.538575,1.708059069,0,0,,,87.46386173,0.538959451
28-07-2023,10,Customizable Dress,23,1095.538575,1.708059069,0,0,,,87.46386173,0.538959451
29-07-2023,1,Floral Sundress,10,1511.010631,1.48840994,1,1,,,63.2313461,0.798015849
29-07-2023,2,Evening Gown,23,1511.010631,1.48840994,1,1,,,63.2313461,0.798015849
29-07-2023,3,Business Casual Dress,25,1511.010631,1.48840994,1,1,,,63.2313461,0.798015849
29-07-2023,4,Sequin Party Dress,23,1511.010631,1.48840994,1,1,,,63.2313461,0.798015849
29-07-2023,5,Summer Maxi Dress,29,1511.010631,1.48840994,1,1,,,63.2313461,0.798015849
29-07-2023,6,Bridal Gown,12,1511.010631,1.48840994,1,1,,,63.2313461,0.798015849
29-07-2023,7,Traditional Ethnic Dress,12,1511.010631,1.48840994,1,1,,,63.2313461,0.798015849
29-07-2023,8,Maternity Nursing Dress,18,1511.010631,1.48840994,1,1,,,63.2313461,0.798015849
29-07-2023,9,Sporty Athleisure Dress,15,1511.010631,1.48840994,1,1,,,63.2313461,0.798015849
29-07-2023,10,Customizable Dress,22,1511.010631,1.48840994,1,1,,,63.2313461,0.798015849
30-07-2023,1,Floral Sundress,11,1481.075514,1.828036901,0,0,,,66.76057692,0.88274127
30-07-2023,2,Evening Gown,17,1481.075514,1.828036901,0,0,,,66.76057692,0.88274127
30-07-2023,3,Business Casual Dress,11,1481.075514,1.828036901,0,0,,,66.76057692,0.88274127
30-07-2023,4,Sequin Party Dress,13,1481.075514,1.828036901,0,0,,,66.76057692,0.88274127
30-07-2023,5,Summer Maxi Dress,24,1481.075514,1.828036901,0,0,,,66.76057692,0.88274127
30-07-2023,6,Bridal Gown,13,1481.075514,1.828036901,0,0,,,66.76057692,0.88274127
30-07-2023,7,Traditional Ethnic Dress,22,1481.075514,1.828036901,0,0,,,66.76057692,0.88274127
30-07-2023,8,Maternity Nursing Dress,21,1481.075514,1.828036901,0,0,,,66.76057692,0.88274127
30-07-2023,9,Sporty Athleisure Dress,22,1481.075514,1.828036901,0,0,,,66.76057692,0.88274127
30-07-2023,10,Customizable Dress,23,1481.075514,1.828036901,0,0,,,66.76057692,0.88274127
31-07-2023,1,Floral Sundress,29,1752.205261,2.545416932,1,0,,,53.47241654,0.499425426
31-07-2023,2,Evening Gown,27,1752.205261,2.545416932,1,0,,,53.47241654,0.499425426
31-07-2023,3,Business Casual Dress,15,1752.205261,2.545416932,1,0,,,53.47241654,0.499425426
31-07-2023,4,Sequin Party Dress,20,1752.205261,2.545416932,1,0,,,53.47241654,0.499425426
31-07-2023,5,Summer Maxi Dress,11,1752.205261,2.545416932,1,0,,,53.47241654,0.499425426
31-07-2023,6,Bridal Gown,28,1752.205261,2.545416932,1,0,,,53.47241654,0.499425426
31-07-2023,7,Traditional Ethnic Dress,28,1752.205261,2.545416932,1,0,,,53.47241654,0.499425426
31-07-2023,8,Maternity Nursing Dress,14,1752.205261,2.545416932,1,0,,,53.47241654,0.499425426
31-07-2023,9,Sporty Athleisure Dress,28,1752.205261,2.545416932,1,0,,,53.47241654,0.499425426
31-07-2023,10,Customizable Dress,11,1752.205261,2.545416932,1,0,,,53.47241654,0.499425426
01-08-2023,1,Floral Sundress,19,1006.531814,3.332182853,0,1,,,69.42679789,0.40379266
01-08-2023,2,Evening Gown,11,1006.531814,3.332182853,0,1,,,69.42679789,0.40379266
01-08-2023,3,Business Casual Dress,20,1006.531814,3.332182853,0,1,,,69.42679789,0.40379266
01-08-2023,4,Sequin Party Dress,27,1006.531814,3.332182853,0,1,,,69.42679789,0.40379266
01-08-2023,5,Summer Maxi Dress,24,1006.531814,3.332182853,0,1,,,69.42679789,0.40379266
01-08-2023,6,Bridal Gown,18,1006.531814,3.332182853,0,1,,,69.42679789,0.40379266
01-08-2023,7,Traditional Ethnic Dress,28,1006.531814,3.332182853,0,1,,,69.42679789,0.40379266
01-08-2023,8,Maternity Nursing Dress,18,1006.531814,3.332182853,0,1,,,69.42679789,0.40379266
01-08-2023,9,Sporty Athleisure Dress,12,1006.531814,3.332182853,0,1,,,69.42679789,0.40379266
01-08-2023,10,Customizable Dress,18,1006.531814,3.332182853,0,1,,,69.42679789,0.40379266
02-08-2023,1,Floral Sundress,23,1654.973107,1.736620854,1,0,,,50.06743146,0.849215803
02-08-2023,2,Evening Gown,28,1654.973107,1.736620854,1,0,,,50.06743146,0.849215803
02-08-2023,3,Business Casual Dress,16,1654.973107,1.736620854,1,0,,,50.06743146,0.849215803
02-08-2023,4,Sequin Party Dress,25,1654.973107,1.736620854,1,0,,,50.06743146,0.849215803
02-08-2023,5,Summer Maxi Dress,25,1654.973107,1.736620854,1,0,,,50.06743146,0.849215803
02-08-2023,6,Bridal Gown,10,1654.973107,1.736620854,1,0,,,50.06743146,0.849215803
02-08-2023,7,Traditional Ethnic Dress,13,1654.973107,1.736620854,1,0,,,50.06743146,0.849215803
02-08-2023,8,Maternity Nursing Dress,13,1654.973107,1.736620854,1,0,,,50.06743146,0.849215803
02-08-2023,9,Sporty Athleisure Dress,16,1654.973107,1.736620854,1,0,,,50.06743146,0.849215803
02-08-2023,10,Customizable Dress,17,1654.973107,1.736620854,1,0,,,50.06743146,0.849215803
03-08-2023,1,Floral Sundress,26,1038.05673,3.054940196,1,1,,,73.61380615,0.142353625
03-08-2023,2,Evening Gown,14,1038.05673,3.054940196,1,1,,,73.61380615,0.142353625
03-08-2023,3,Business Casual Dress,16,1038.05673,3.054940196,1,1,,,73.61380615,0.142353625
03-08-2023,4,Sequin Party Dress,29,1038.05673,3.054940196,1,1,,,73.61380615,0.142353625
03-08-2023,5,Summer Maxi Dress,29,1038.05673,3.054940196,1,1,,,73.61380615,0.142353625
03-08-2023,6,Bridal Gown,13,1038.05673,3.054940196,1,1,,,73.61380615,0.142353625
03-08-2023,7,Traditional Ethnic Dress,15,1038.05673,3.054940196,1,1,,,73.61380615,0.142353625
03-08-2023,8,Maternity Nursing Dress,16,1038.05673,3.054940196,1,1,,,73.61380615,0.142353625
03-08-2023,9,Sporty Athleisure Dress,27,1038.05673,3.054940196,1,1,,,73.61380615,0.142353625
03-08-2023,10,Customizable Dress,14,1038.05673,3.054940196,1,1,,,73.61380615,0.142353625
04-08-2023,1,Floral Sundress,29,1816.16212,2.632965834,1,1,,,62.49976064,0.712312382
04-08-2023,2,Evening Gown,12,1816.16212,2.632965834,1,1,,,62.49976064,0.712312382
04-08-2023,3,Business Casual Dress,16,1816.16212,2.632965834,1,1,,,62.49976064,0.712312382
04-08-2023,4,Sequin Party Dress,23,1816.16212,2.632965834,1,1,,,62.49976064,0.712312382
04-08-2023,5,Summer Maxi Dress,16,1816.16212,2.632965834,1,1,,,62.49976064,0.712312382
04-08-2023,6,Bridal Gown,14,1816.16212,2.632965834,1,1,,,62.49976064,0.712312382
04-08-2023,7,Traditional Ethnic Dress,14,1816.16212,2.632965834,1,1,,,62.49976064,0.712312382
04-08-2023,8,Maternity Nursing Dress,11,1816.16212,2.632965834,1,1,,,62.49976064,0.712312382
04-08-2023,9,Sporty Athleisure Dress,15,1816.16212,2.632965834,1,1,,,62.49976064,0.712312382
04-08-2023,10,Customizable Dress,24,1816.16212,2.632965834,1,1,,,62.49976064,0.712312382
05-08-2023,1,Floral Sundress,19,1203.064182,2.961926134,0,0,,,82.75233648,0.208581148
05-08-2023,2,Evening Gown,16,1203.064182,2.961926134,0,0,,,82.75233648,0.208581148
05-08-2023,3,Business Casual Dress,14,1203.064182,2.961926134,0,0,,,82.75233648,0.208581148
05-08-2023,4,Sequin Party Dress,10,1203.064182,2.961926134,0,0,,,82.75233648,0.208581148
05-08-2023,5,Summer Maxi Dress,22,1203.064182,2.961926134,0,0,,,82.75233648,0.208581148
05-08-2023,6,Bridal Gown,27,1203.064182,2.961926134,0,0,,,82.75233648,0.208581148
05-08-2023,7,Traditional Ethnic Dress,22,1203.064182,2.961926134,0,0,,,82.75233648,0.208581148
05-08-2023,8,Maternity Nursing Dress,27,1203.064182,2.961926134,0,0,,,82.75233648,0.208581148
05-08-2023,9,Sporty Athleisure Dress,14,1203.064182,2.961926134,0,0,,,82.75233648,0.208581148
05-08-2023,10,Customizable Dress,22,1203.064182,2.961926134,0,0,,,82.75233648,0.208581148
06-08-2023,1,Floral Sundress,13,1926.920592,3.385107096,0,1,,,81.89530703,0.522140281
06-08-2023,2,Evening Gown,26,1926.920592,3.385107096,0,1,,,81.89530703,0.522140281
06-08-2023,3,Business Casual Dress,12,1926.920592,3.385107096,0,1,,,81.89530703,0.522140281
06-08-2023,4,Sequin Party Dress,26,1926.920592,3.385107096,0,1,,,81.89530703,0.522140281
06-08-2023,5,Summer Maxi Dress,20,1926.920592,3.385107096,0,1,,,81.89530703,0.522140281
06-08-2023,6,Bridal Gown,29,1926.920592,3.385107096,0,1,,,81.89530703,0.522140281
06-08-2023,7,Traditional Ethnic Dress,13,1926.920592,3.385107096,0,1,,,81.89530703,0.522140281
06-08-2023,8,Maternity Nursing Dress,11,1926.920592,3.385107096,0,1,,,81.89530703,0.522140281
06-08-2023,9,Sporty Athleisure Dress,29,1926.920592,3.385107096,0,1,,,81.89530703,0.522140281
06-08-2023,10,Customizable Dress,25,1926.920592,3.385107096,0,1,,,81.89530703,0.522140281
07-08-2023,1,Floral Sundress,27,1175.946259,3.40109878,1,1,,,80.78939241,0.64226413
07-08-2023,2,Evening Gown,17,1175.946259,3.40109878,1,1,,,80.78939241,0.64226413
07-08-2023,3,Business Casual Dress,12,1175.946259,3.40109878,1,1,,,80.78939241,0.64226413
07-08-2023,4,Sequin Party Dress,18,1175.946259,3.40109878,1,1,,,80.78939241,0.64226413
07-08-2023,5,Summer Maxi Dress,29,1175.946259,3.40109878,1,1,,,80.78939241,0.64226413
07-08-2023,6,Bridal Gown,15,1175.946259,3.40109878,1,1,,,80.78939241,0.64226413
07-08-2023,7,Traditional Ethnic Dress,19,1175.946259,3.40109878,1,1,,,80.78939241,0.64226413
07-08-2023,8,Maternity Nursing Dress,19,1175.946259,3.40109878,1,1,,,80.78939241,0.64226413
07-08-2023,9,Sporty Athleisure Dress,22,1175.946259,3.40109878,1,1,,,80.78939241,0.64226413
07-08-2023,10,Customizable Dress,26,1175.946259,3.40109878,1,1,,,80.78939241,0.64226413
08-08-2023,1,Floral Sundress,18,1022.124391,1.866848743,0,1,,,52.48812039,0.731797309
08-08-2023,2,Evening Gown,26,1022.124391,1.866848743,0,1,,,52.48812039,0.731797309
08-08-2023,3,Business Casual Dress,18,1022.124391,1.866848743,0,1,,,52.48812039,0.731797309
08-08-2023,4,Sequin Party Dress,18,1022.124391,1.866848743,0,1,,,52.48812039,0.731797309
08-08-2023,5,Summer Maxi Dress,10,1022.124391,1.866848743,0,1,,,52.48812039,0.731797309
08-08-2023,6,Bridal Gown,11,1022.124391,1.866848743,0,1,,,52.48812039,0.731797309
08-08-2023,7,Traditional Ethnic Dress,25,1022.124391,1.866848743,0,1,,,52.48812039,0.731797309
08-08-2023,8,Maternity Nursing Dress,10,1022.124391,1.866848743,0,1,,,52.48812039,0.731797309
08-08-2023,9,Sporty Athleisure Dress,19,1022.124391,1.866848743,0,1,,,52.48812039,0.731797309
08-08-2023,10,Customizable Dress,27,1022.124391,1.866848743,0,1,,,52.48812039,0.731797309
09-08-2023,1,Floral Sundress,17,1976.333782,2.518948012,0,0,,,76.53580665,0.359694528
09-08-2023,2,Evening Gown,20,1976.333782,2.518948012,0,0,,,76.53580665,0.359694528
09-08-2023,3,Business Casual Dress,11,1976.333782,2.518948012,0,0,,,76.53580665,0.359694528
09-08-2023,4,Sequin Party Dress,17,1976.333782,2.518948012,0,0,,,76.53580665,0.359694528
09-08-2023,5,Summer Maxi Dress,17,1976.333782,2.518948012,0,0,,,76.53580665,0.359694528
09-08-2023,6,Bridal Gown,26,1976.333782,2.518948012,0,0,,,76.53580665,0.359694528
09-08-2023,7,Traditional Ethnic Dress,24,1976.333782,2.518948012,0,0,,,76.53580665,0.359694528
09-08-2023,8,Maternity Nursing Dress,26,1976.333782,2.518948012,0,0,,,76.53580665,0.359694528
09-08-2023,9,Sporty Athleisure Dress,22,1976.333782,2.518948012,0,0,,,76.53580665,0.359694528
09-08-2023,10,Customizable Dress,28,1976.333782,2.518948012,0,0,,,76.53580665,0.359694528
10-08-2023,1,Floral Sundress,14,1413.306298,2.398224291,1,0,,,74.48046156,0.595171454
10-08-2023,2,Evening Gown,21,1413.306298,2.398224291,1,0,,,74.48046156,0.595171454
10-08-2023,3,Business Casual Dress,10,1413.306298,2.398224291,1,0,,,74.48046156,0.595171454
10-08-2023,4,Sequin Party Dress,14,1413.306298,2.398224291,1,0,,,74.48046156,0.595171454
10-08-2023,5,Summer Maxi Dress,17,1413.306298,2.398224291,1,0,,,74.48046156,0.595171454
10-08-2023,6,Bridal Gown,22,1413.306298,2.398224291,1,0,,,74.48046156,0.595171454
10-08-2023,7,Traditional Ethnic Dress,17,1413.306298,2.398224291,1,0,,,74.48046156,0.595171454
10-08-2023,8,Maternity Nursing Dress,20,1413.306298,2.398224291,1,0,,,74.48046156,0.595171454
10-08-2023,9,Sporty Athleisure Dress,10,1413.306298,2.398224291,1,0,,,74.48046156,0.595171454
10-08-2023,10,Customizable Dress,22,1413.306298,2.398224291,1,0,,,74.48046156,0.595171454
11-08-2023,1,Floral Sundress,28,1275.531286,2.057227664,1,0,,,65.13137432,0.452868889
11-08-2023,2,Evening Gown,12,1275.531286,2.057227664,1,0,,,65.13137432,0.452868889
11-08-2023,3,Business Casual Dress,26,1275.531286,2.057227664,1,0,,,65.13137432,0.452868889
11-08-2023,4,Sequin Party Dress,14,1275.531286,2.057227664,1,0,,,65.13137432,0.452868889
11-08-2023,5,Summer Maxi Dress,29,1275.531286,2.057227664,1,0,,,65.13137432,0.452868889
11-08-2023,6,Bridal Gown,17,1275.531286,2.057227664,1,0,,,65.13137432,0.452868889
11-08-2023,7,Traditional Ethnic Dress,23,1275.531286,2.057227664,1,0,,,65.13137432,0.452868889
11-08-2023,8,Maternity Nursing Dress,13,1275.531286,2.057227664,1,0,,,65.13137432,0.452868889
11-08-2023,9,Sporty Athleisure Dress,20,1275.531286,2.057227664,1,0,,,65.13137432,0.452868889
11-08-2023,10,Customizable Dress,29,1275.531286,2.057227664,1,0,,,65.13137432,0.452868889
12-08-2023,1,Floral Sundress,24,1083.308562,2.688744517,0,0,,,57.11383778,0.093659624
12-08-2023,2,Evening Gown,28,1083.308562,2.688744517,0,0,,,57.11383778,0.093659624
12-08-2023,3,Business Casual Dress,16,1083.308562,2.688744517,0,0,,,57.11383778,0.093659624
12-08-2023,4,Sequin Party Dress,28,1083.308562,2.688744517,0,0,,,57.11383778,0.093659624
12-08-2023,5,Summer Maxi Dress,28,1083.308562,2.688744517,0,0,,,57.11383778,0.093659624
12-08-2023,6,Bridal Gown,20,1083.308562,2.688744517,0,0,,,57.11383778,0.093659624
12-08-2023,7,Traditional Ethnic Dress,14,1083.308562,2.688744517,0,0,,,57.11383778,0.093659624
12-08-2023,8,Maternity Nursing Dress,14,1083.308562,2.688744517,0,0,,,57.11383778,0.093659624
12-08-2023,9,Sporty Athleisure Dress,17,1083.308562,2.688744517,0,0,,,57.11383778,0.093659624
12-08-2023,10,Customizable Dress,19,1083.308562,2.688744517,0,0,,,57.11383778,0.093659624
13-08-2023,1,Floral Sundress,15,1418.881737,4.535838435,1,0,,,67.22934589,0.372104439
13-08-2023,2,Evening Gown,24,1418.881737,4.535838435,1,0,,,67.22934589,0.372104439
13-08-2023,3,Business Casual Dress,25,1418.881737,4.535838435,1,0,,,67.22934589,0.372104439
13-08-2023,4,Sequin Party Dress,26,1418.881737,4.535838435,1,0,,,67.22934589,0.372104439
13-08-2023,5,Summer Maxi Dress,17,1418.881737,4.535838435,1,0,,,67.22934589,0.372104439
13-08-2023,6,Bridal Gown,17,1418.881737,4.535838435,1,0,,,67.22934589,0.372104439
13-08-2023,7,Traditional Ethnic Dress,18,1418.881737,4.535838435,1,0,,,67.22934589,0.372104439
13-08-2023,8,Maternity Nursing Dress,11,1418.881737,4.535838435,1,0,,,67.22934589,0.372104439
13-08-2023,9,Sporty Athleisure Dress,24,1418.881737,4.535838435,1,0,,,67.22934589,0.372104439
13-08-2023,10,Customizable Dress,27,1418.881737,4.535838435,1,0,,,67.22934589,0.372104439
14-08-2023,1,Floral Sundress,12,1301.974594,4.320337231,0,1,,,83.68205919,0.507298408
14-08-2023,2,Evening Gown,26,1301.974594,4.320337231,0,1,,,83.68205919,0.507298408
14-08-2023,3,Business Casual Dress,13,1301.974594,4.320337231,0,1,,,83.68205919,0.507298408
14-08-2023,4,Sequin Party Dress,13,1301.974594,4.320337231,0,1,,,83.68205919,0.507298408
14-08-2023,5,Summer Maxi Dress,23,1301.974594,4.320337231,0,1,,,83.68205919,0.507298408
14-08-2023,6,Bridal Gown,18,1301.974594,4.320337231,0,1,,,83.68205919,0.507298408
14-08-2023,7,Traditional Ethnic Dress,18,1301.974594,4.320337231,0,1,,,83.68205919,0.507298408
14-08-2023,8,Maternity Nursing Dress,27,1301.974594,4.320337231,0,1,,,83.68205919,0.507298408
14-08-2023,9,Sporty Athleisure Dress,19,1301.974594,4.320337231,0,1,,,83.68205919,0.507298408
14-08-2023,10,Customizable Dress,13,1301.974594,4.320337231,0,1,,,83.68205919,0.507298408
15-08-2023,1,Floral Sundress,21,1641.335345,2.227702031,0,1,,,80.68899281,0.324149777
15-08-2023,2,Evening Gown,17,1641.335345,2.227702031,0,1,,,80.68899281,0.324149777
15-08-2023,3,Business Casual Dress,11,1641.335345,2.227702031,0,1,,,80.68899281,0.324149777
15-08-2023,4,Sequin Party Dress,22,1641.335345,2.227702031,0,1,,,80.68899281,0.324149777
15-08-2023,5,Summer Maxi Dress,25,1641.335345,2.227702031,0,1,,,80.68899281,0.324149777
15-08-2023,6,Bridal Gown,11,1641.335345,2.227702031,0,1,,,80.68899281,0.324149777
15-08-2023,7,Traditional Ethnic Dress,20,1641.335345,2.227702031,0,1,,,80.68899281,0.324149777
15-08-2023,8,Maternity Nursing Dress,19,1641.335345,2.227702031,0,1,,,80.68899281,0.324149777
15-08-2023,9,Sporty Athleisure Dress,24,1641.335345,2.227702031,0,1,,,80.68899281,0.324149777
15-08-2023,10,Customizable Dress,26,1641.335345,2.227702031,0,1,,,80.68899281,0.324149777
16-08-2023,1,Floral Sundress,17,1775.898517,4.568679101,1,1,,,70.36565443,0.698097524
16-08-2023,2,Evening Gown,27,1775.898517,4.568679101,1,1,,,70.36565443,0.698097524
16-08-2023,3,Business Casual Dress,18,1775.898517,4.568679101,1,1,,,70.36565443,0.698097524
16-08-2023,4,Sequin Party Dress,17,1775.898517,4.568679101,1,1,,,70.36565443,0.698097524
16-08-2023,5,Summer Maxi Dress,23,1775.898517,4.568679101,1,1,,,70.36565443,0.698097524
16-08-2023,6,Bridal Gown,27,1775.898517,4.568679101,1,1,,,70.36565443,0.698097524
16-08-2023,7,Traditional Ethnic Dress,29,1775.898517,4.568679101,1,1,,,70.36565443,0.698097524
16-08-2023,8,Maternity Nursing Dress,29,1775.898517,4.568679101,1,1,,,70.36565443,0.698097524
16-08-2023,9,Sporty Athleisure Dress,21,1775.898517,4.568679101,1,1,,,70.36565443,0.698097524
16-08-2023,10,Customizable Dress,28,1775.898517,4.568679101,1,1,,,70.36565443,0.698097524
17-08-2023,1,Floral Sundress,23,1785.835062,1.496223801,1,1,,,84.65143787,0.833687704
17-08-2023,2,Evening Gown,26,1785.835062,1.496223801,1,1,,,84.65143787,0.833687704
17-08-2023,3,Business Casual Dress,12,1785.835062,1.496223801,1,1,,,84.65143787,0.833687704
17-08-2023,4,Sequin Party Dress,16,1785.835062,1.496223801,1,1,,,84.65143787,0.833687704
17-08-2023,5,Summer Maxi Dress,26,1785.835062,1.496223801,1,1,,,84.65143787,0.833687704
17-08-2023,6,Bridal Gown,21,1785.835062,1.496223801,1,1,,,84.65143787,0.833687704
17-08-2023,7,Traditional Ethnic Dress,18,1785.835062,1.496223801,1,1,,,84.65143787,0.833687704
17-08-2023,8,Maternity Nursing Dress,24,1785.835062,1.496223801,1,1,,,84.65143787,0.833687704
17-08-2023,9,Sporty Athleisure Dress,27,1785.835062,1.496223801,1,1,,,84.65143787,0.833687704
17-08-2023,10,Customizable Dress,22,1785.835062,1.496223801,1,1,,,84.65143787,0.833687704
18-08-2023,1,Floral Sundress,17,1766.255921,2.329674564,1,1,,,62.64934539,0.255809391
18-08-2023,2,Evening Gown,23,1766.255921,2.329674564,1,1,,,62.64934539,0.255809391
18-08-2023,3,Business Casual Dress,17,1766.255921,2.329674564,1,1,,,62.64934539,0.255809391
18-08-2023,4,Sequin Party Dress,23,1766.255921,2.329674564,1,1,,,62.64934539,0.255809391
18-08-2023,5,Summer Maxi Dress,16,1766.255921,2.329674564,1,1,,,62.64934539,0.255809391
18-08-2023,6,Bridal Gown,21,1766.255921,2.329674564,1,1,,,62.64934539,0.255809391
18-08-2023,7,Traditional Ethnic Dress,20,1766.255921,2.329674564,1,1,,,62.64934539,0.255809391
18-08-2023,8,Maternity Nursing Dress,20,1766.255921,2.329674564,1,1,,,62.64934539,0.255809391
18-08-2023,9,Sporty Athleisure Dress,22,1766.255921,2.329674564,1,1,,,62.64934539,0.255809391
18-08-2023,10,Customizable Dress,27,1766.255921,2.329674564,1,1,,,62.64934539,0.255809391
19-08-2023,1,Floral Sundress,11,1646.297271,4.069158611,0,0,,,52.5445062,0.252576769
19-08-2023,2,Evening Gown,24,1646.297271,4.069158611,0,0,,,52.5445062,0.252576769
19-08-2023,3,Business Casual Dress,29,1646.297271,4.069158611,0,0,,,52.5445062,0.252576769
19-08-2023,4,Sequin Party Dress,27,1646.297271,4.069158611,0,0,,,52.5445062,0.252576769
19-08-2023,5,Summer Maxi Dress,24,1646.297271,4.069158611,0,0,,,52.5445062,0.252576769
19-08-2023,6,Bridal Gown,28,1646.297271,4.069158611,0,0,,,52.5445062,0.252576769
19-08-2023,7,Traditional Ethnic Dress,21,1646.297271,4.069158611,0,0,,,52.5445062,0.252576769
19-08-2023,8,Maternity Nursing Dress,22,1646.297271,4.069158611,0,0,,,52.5445062,0.252576769
19-08-2023,9,Sporty Athleisure Dress,20,1646.297271,4.069158611,0,0,,,52.5445062,0.252576769
19-08-2023,10,Customizable Dress,14,1646.297271,4.069158611,0,0,,,52.5445062,0.252576769
20-08-2023,1,Floral Sundress,10,1501.868898,3.732079125,0,0,,,63.03917479,0.722042436
20-08-2023,2,Evening Gown,12,1501.868898,3.732079125,0,0,,,63.03917479,0.722042436
20-08-2023,3,Business Casual Dress,28,1501.868898,3.732079125,0,0,,,63.03917479,0.722042436
20-08-2023,4,Sequin Party Dress,16,1501.868898,3.732079125,0,0,,,63.03917479,0.722042436
20-08-2023,5,Summer Maxi Dress,21,1501.868898,3.732079125,0,0,,,63.03917479,0.722042436
20-08-2023,6,Bridal Gown,24,1501.868898,3.732079125,0,0,,,63.03917479,0.722042436
20-08-2023,7,Traditional Ethnic Dress,14,1501.868898,3.732079125,0,0,,,63.03917479,0.722042436
20-08-2023,8,Maternity Nursing Dress,24,1501.868898,3.732079125,0,0,,,63.03917479,0.722042436
20-08-2023,9,Sporty Athleisure Dress,17,1501.868898,3.732079125,0,0,,,63.03917479,0.722042436
20-08-2023,10,Customizable Dress,19,1501.868898,3.732079125,0,0,,,63.03917479,0.722042436
21-08-2023,1,Floral Sundress,25,1215.30262,1.493296887,1,0,,,74.08365623,0.766492894
21-08-2023,2,Evening Gown,17,1215.30262,1.493296887,1,0,,,74.08365623,0.766492894
21-08-2023,3,Business Casual Dress,10,1215.30262,1.493296887,1,0,,,74.08365623,0.766492894
21-08-2023,4,Sequin Party Dress,21,1215.30262,1.493296887,1,0,,,74.08365623,0.766492894
21-08-2023,5,Summer Maxi Dress,14,1215.30262,1.493296887,1,0,,,74.08365623,0.766492894
21-08-2023,6,Bridal Gown,12,1215.30262,1.493296887,1,0,,,74.08365623,0.766492894
21-08-2023,7,Traditional Ethnic Dress,10,1215.30262,1.493296887,1,0,,,74.08365623,0.766492894
21-08-2023,8,Maternity Nursing Dress,13,1215.30262,1.493296887,1,0,,,74.08365623,0.766492894
21-08-2023,9,Sporty Athleisure Dress,17,1215.30262,1.493296887,1,0,,,74.08365623,0.766492894
21-08-2023,10,Customizable Dress,12,1215.30262,1.493296887,1,0,,,74.08365623,0.766492894
22-08-2023,1,Floral Sundress,19,1998.689796,3.038296101,0,0,,,89.46414372,0.593040862
22-08-2023,2,Evening Gown,11,1998.689796,3.038296101,0,0,,,89.46414372,0.593040862
22-08-2023,3,Business Casual Dress,20,1998.689796,3.038296101,0,0,,,89.46414372,0.593040862
22-08-2023,4,Sequin Party Dress,19,1998.689796,3.038296101,0,0,,,89.46414372,0.593040862
22-08-2023,5,Summer Maxi Dress,23,1998.689796,3.038296101,0,0,,,89.46414372,0.593040862
22-08-2023,6,Bridal Gown,16,1998.689796,3.038296101,0,0,,,89.46414372,0.593040862
22-08-2023,7,Traditional Ethnic Dress,11,1998.689796,3.038296101,0,0,,,89.46414372,0.593040862
22-08-2023,8,Maternity Nursing Dress,18,1998.689796,3.038296101,0,0,,,89.46414372,0.593040862
22-08-2023,9,Sporty Athleisure Dress,25,1998.689796,3.038296101,0,0,,,89.46414372,0.593040862
22-08-2023,10,Customizable Dress,22,1998.689796,3.038296101,0,0,,,89.46414372,0.593040862
23-08-2023,1,Floral Sundress,18,1755.880755,3.585696607,0,1,,,56.118663,0.064778853
23-08-2023,2,Evening Gown,29,1755.880755,3.585696607,0,1,,,56.118663,0.064778853
23-08-2023,3,Business Casual Dress,13,1755.880755,3.585696607,0,1,,,56.118663,0.064778853
23-08-2023,4,Sequin Party Dress,19,1755.880755,3.585696607,0,1,,,56.118663,0.064778853
23-08-2023,5,Summer Maxi Dress,21,1755.880755,3.585696607,0,1,,,56.118663,0.064778853
23-08-2023,6,Bridal Gown,26,1755.880755,3.585696607,0,1,,,56.118663,0.064778853
23-08-2023,7,Traditional Ethnic Dress,23,1755.880755,3.585696607,0,1,,,56.118663,0.064778853
23-08-2023,8,Maternity Nursing Dress,23,1755.880755,3.585696607,0,1,,,56.118663,0.064778853
23-08-2023,9,Sporty Athleisure Dress,11,1755.880755,3.585696607,0,1,,,56.118663,0.064778853
23-08-2023,10,Customizable Dress,29,1755.880755,3.585696607,0,1,,,56.118663,0.064778853
24-08-2023,1,Floral Sundress,20,1913.2915,2.02345009,1,0,,,84.80230831,0.969186272
24-08-2023,2,Evening Gown,25,1913.2915,2.02345009,1,0,,,84.80230831,0.969186272
24-08-2023,3,Business Casual Dress,28,1913.2915,2.02345009,1,0,,,84.80230831,0.969186272
24-08-2023,4,Sequin Party Dress,15,1913.2915,2.02345009,1,0,,,84.80230831,0.969186272
24-08-2023,5,Summer Maxi Dress,28,1913.2915,2.02345009,1,0,,,84.80230831,0.969186272
24-08-2023,6,Bridal Gown,14,1913.2915,2.02345009,1,0,,,84.80230831,0.969186272
24-08-2023,7,Traditional Ethnic Dress,13,1913.2915,2.02345009,1,0,,,84.80230831,0.969186272
24-08-2023,8,Maternity Nursing Dress,24,1913.2915,2.02345009,1,0,,,84.80230831,0.969186272
24-08-2023,9,Sporty Athleisure Dress,13,1913.2915,2.02345009,1,0,,,84.80230831,0.969186272
24-08-2023,10,Customizable Dress,29,1913.2915,2.02345009,1,0,,,84.80230831,0.969186272
25-08-2023,1,Floral Sundress,19,1838.639481,1.625232653,1,0,,,77.35769459,0.251996327
25-08-2023,2,Evening Gown,12,1838.639481,1.625232653,1,0,,,77.35769459,0.251996327
25-08-2023,3,Business Casual Dress,14,1838.639481,1.625232653,1,0,,,77.35769459,0.251996327
25-08-2023,4,Sequin Party Dress,15,1838.639481,1.625232653,1,0,,,77.35769459,0.251996327
25-08-2023,5,Summer Maxi Dress,17,1838.639481,1.625232653,1,0,,,77.35769459,0.251996327
25-08-2023,6,Bridal Gown,16,1838.639481,1.625232653,1,0,,,77.35769459,0.251996327
25-08-2023,7,Traditional Ethnic Dress,19,1838.639481,1.625232653,1,0,,,77.35769459,0.251996327
25-08-2023,8,Maternity Nursing Dress,15,1838.639481,1.625232653,1,0,,,77.35769459,0.251996327
25-08-2023,9,Sporty Athleisure Dress,23,1838.639481,1.625232653,1,0,,,77.35769459,0.251996327
25-08-2023,10,Customizable Dress,13,1838.639481,1.625232653,1,0,,,77.35769459,0.251996327
26-08-2023,1,Floral Sundress,22,1884.325027,3.897030149,1,1,,,58.53162234,0.907610118
26-08-2023,2,Evening Gown,29,1884.325027,3.897030149,1,1,,,58.53162234,0.907610118
26-08-2023,3,Business Casual Dress,26,1884.325027,3.897030149,1,1,,,58.53162234,0.907610118
26-08-2023,4,Sequin Party Dress,16,1884.325027,3.897030149,1,1,,,58.53162234,0.907610118
26-08-2023,5,Summer Maxi Dress,13,1884.325027,3.897030149,1,1,,,58.53162234,0.907610118
26-08-2023,6,Bridal Gown,23,1884.325027,3.897030149,1,1,,,58.53162234,0.907610118
26-08-2023,7,Traditional Ethnic Dress,12,1884.325027,3.897030149,1,1,,,58.53162234,0.907610118
26-08-2023,8,Maternity Nursing Dress,14,1884.325027,3.897030149,1,1,,,58.53162234,0.907610118
26-08-2023,9,Sporty Athleisure Dress,25,1884.325027,3.897030149,1,1,,,58.53162234,0.907610118
26-08-2023,10,Customizable Dress,29,1884.325027,3.897030149,1,1,,,58.53162234,0.907610118
27-08-2023,1,Floral Sundress,13,1539.121207,2.838694383,0,1,,,61.85329187,0.140432698
27-08-2023,2,Evening Gown,11,1539.121207,2.838694383,0,1,,,61.85329187,0.140432698
27-08-2023,3,Business Casual Dress,27,1539.121207,2.838694383,0,1,,,61.85329187,0.140432698
27-08-2023,4,Sequin Party Dress,28,1539.121207,2.838694383,0,1,,,61.85329187,0.140432698
27-08-2023,5,Summer Maxi Dress,28,1539.121207,2.838694383,0,1,,,61.85329187,0.140432698
27-08-2023,6,Bridal Gown,26,1539.121207,2.838694383,0,1,,,61.85329187,0.140432698
27-08-2023,7,Traditional Ethnic Dress,23,1539.121207,2.838694383,0,1,,,61.85329187,0.140432698
27-08-2023,8,Maternity Nursing Dress,28,1539.121207,2.838694383,0,1,,,61.85329187,0.140432698
27-08-2023,9,Sporty Athleisure Dress,22,1539.121207,2.838694383,0,1,,,61.85329187,0.140432698
27-08-2023,10,Customizable Dress,21,1539.121207,2.838694383,0,1,,,61.85329187,0.140432698
28-08-2023,1,Floral Sundress,15,1339.820984,3.33164462,0,0,,,84.67022578,0.746737007
28-08-2023,2,Evening Gown,13,1339.820984,3.33164462,0,0,,,84.67022578,0.746737007
28-08-2023,3,Business Casual Dress,28,1339.820984,3.33164462,0,0,,,84.67022578,0.746737007
28-08-2023,4,Sequin Party Dress,25,1339.820984,3.33164462,0,0,,,84.67022578,0.746737007
28-08-2023,5,Summer Maxi Dress,22,1339.820984,3.33164462,0,0,,,84.67022578,0.746737007
28-08-2023,6,Bridal Gown,13,1339.820984,3.33164462,0,0,,,84.67022578,0.746737007
28-08-2023,7,Traditional Ethnic Dress,26,1339.820984,3.33164462,0,0,,,84.67022578,0.746737007
28-08-2023,8,Maternity Nursing Dress,10,1339.820984,3.33164462,0,0,,,84.67022578,0.746737007
28-08-2023,9,Sporty Athleisure Dress,27,1339.820984,3.33164462,0,0,,,84.67022578,0.746737007
28-08-2023,10,Customizable Dress,29,1339.820984,3.33164462,0,0,,,84.67022578,0.746737007
29-08-2023,1,Floral Sundress,26,1045.585031,3.30431113,1,0,,,75.97350655,0.987323302
29-08-2023,2,Evening Gown,24,1045.585031,3.30431113,1,0,,,75.97350655,0.987323302
29-08-2023,3,Business Casual Dress,20,1045.585031,3.30431113,1,0,,,75.97350655,0.987323302
29-08-2023,4,Sequin Party Dress,22,1045.585031,3.30431113,1,0,,,75.97350655,0.987323302
29-08-2023,5,Summer Maxi Dress,10,1045.585031,3.30431113,1,0,,,75.97350655,0.987323302
29-08-2023,6,Bridal Gown,26,1045.585031,3.30431113,1,0,,,75.97350655,0.987323302
29-08-2023,7,Traditional Ethnic Dress,15,1045.585031,3.30431113,1,0,,,75.97350655,0.987323302
29-08-2023,8,Maternity Nursing Dress,13,1045.585031,3.30431113,1,0,,,75.97350655,0.987323302
29-08-2023,9,Sporty Athleisure Dress,29,1045.585031,3.30431113,1,0,,,75.97350655,0.987323302
29-08-2023,10,Customizable Dress,25,1045.585031,3.30431113,1,0,,,75.97350655,0.987323302
30-08-2023,1,Floral Sundress,24,1349.510098,2.150018163,0,0,,,69.43339412,0.097317605
30-08-2023,2,Evening Gown,24,1349.510098,2.150018163,0,0,,,69.43339412,0.097317605
30-08-2023,3,Business Casual Dress,15,1349.510098,2.150018163,0,0,,,69.43339412,0.097317605
30-08-2023,4,Sequin Party Dress,24,1349.510098,2.150018163,0,0,,,69.43339412,0.097317605
30-08-2023,5,Summer Maxi Dress,23,1349.510098,2.150018163,0,0,,,69.43339412,0.097317605
30-08-2023,6,Bridal Gown,20,1349.510098,2.150018163,0,0,,,69.43339412,0.097317605
30-08-2023,7,Traditional Ethnic Dress,16,1349.510098,2.150018163,0,0,,,69.43339412,0.097317605
30-08-2023,8,Maternity Nursing Dress,18,1349.510098,2.150018163,0,0,,,69.43339412,0.097317605
30-08-2023,9,Sporty Athleisure Dress,25,1349.510098,2.150018163,0,0,,,69.43339412,0.097317605
30-08-2023,10,Customizable Dress,14,1349.510098,2.150018163,0,0,,,69.43339412,0.097317605
31-08-2023,1,Floral Sundress,29,1334.526168,3.248981772,0,1,,,87.171116,0.305070558
31-08-2023,2,Evening Gown,19,1334.526168,3.248981772,0,1,,,87.171116,0.305070558
31-08-2023,3,Business Casual Dress,27,1334.526168,3.248981772,0,1,,,87.171116,0.305070558
31-08-2023,4,Sequin Party Dress,12,1334.526168,3.248981772,0,1,,,87.171116,0.305070558
31-08-2023,5,Summer Maxi Dress,22,1334.526168,3.248981772,0,1,,,87.171116,0.305070558
31-08-2023,6,Bridal Gown,20,1334.526168,3.248981772,0,1,,,87.171116,0.305070558
31-08-2023,7,Traditional Ethnic Dress,26,1334.526168,3.248981772,0,1,,,87.171116,0.305070558
31-08-2023,8,Maternity Nursing Dress,22,1334.526168,3.248981772,0,1,,,87.171116,0.305070558
31-08-2023,9,Sporty Athleisure Dress,15,1334.526168,3.248981772,0,1,,,87.171116,0.305070558
31-08-2023,10,Customizable Dress,26,1334.526168,3.248981772,0,1,,,87.171116,0.305070558
01-09-2023,1,Floral Sundress,22,1747.65738,3.886950089,0,1,,,50.65056149,0.666091046
01-09-2023,2,Evening Gown,28,1747.65738,3.886950089,0,1,,,50.65056149,0.666091046
01-09-2023,3,Business Casual Dress,28,1747.65738,3.886950089,0,1,,,50.65056149,0.666091046
01-09-2023,4,Sequin Party Dress,19,1747.65738,3.886950089,0,1,,,50.65056149,0.666091046
01-09-2023,5,Summer Maxi Dress,12,1747.65738,3.886950089,0,1,,,50.65056149,0.666091046
01-09-2023,6,Bridal Gown,23,1747.65738,3.886950089,0,1,,,50.65056149,0.666091046
01-09-2023,7,Traditional Ethnic Dress,28,1747.65738,3.886950089,0,1,,,50.65056149,0.666091046
01-09-2023,8,Maternity Nursing Dress,14,1747.65738,3.886950089,0,1,,,50.65056149,0.666091046
01-09-2023,9,Sporty Athleisure Dress,14,1747.65738,3.886950089,0,1,,,50.65056149,0.666091046
01-09-2023,10,Customizable Dress,29,1747.65738,3.886950089,0,1,,,50.65056149,0.666091046
02-09-2023,1,Floral Sundress,26,1084.006546,1.418959458,0,1,,,51.54841402,0.481950188
02-09-2023,2,Evening Gown,19,1084.006546,1.418959458,0,1,,,51.54841402,0.481950188
02-09-2023,3,Business Casual Dress,14,1084.006546,1.418959458,0,1,,,51.54841402,0.481950188
02-09-2023,4,Sequin Party Dress,13,1084.006546,1.418959458,0,1,,,51.54841402,0.481950188
02-09-2023,5,Summer Maxi Dress,15,1084.006546,1.418959458,0,1,,,51.54841402,0.481950188
02-09-2023,6,Bridal Gown,13,1084.006546,1.418959458,0,1,,,51.54841402,0.481950188
02-09-2023,7,Traditional Ethnic Dress,16,1084.006546,1.418959458,0,1,,,51.54841402,0.481950188
02-09-2023,8,Maternity Nursing Dress,16,1084.006546,1.418959458,0,1,,,51.54841402,0.481950188
02-09-2023,9,Sporty Athleisure Dress,27,1084.006546,1.418959458,0,1,,,51.54841402,0.481950188
02-09-2023,10,Customizable Dress,12,1084.006546,1.418959458,0,1,,,51.54841402,0.481950188
03-09-2023,1,Floral Sundress,10,1671.818872,2.995402451,1,0,,,68.72077795,0.98366237
03-09-2023,2,Evening Gown,13,1671.818872,2.995402451,1,0,,,68.72077795,0.98366237
03-09-2023,3,Business Casual Dress,15,1671.818872,2.995402451,1,0,,,68.72077795,0.98366237
03-09-2023,4,Sequin Party Dress,18,1671.818872,2.995402451,1,0,,,68.72077795,0.98366237
03-09-2023,5,Summer Maxi Dress,23,1671.818872,2.995402451,1,0,,,68.72077795,0.98366237
03-09-2023,6,Bridal Gown,21,1671.818872,2.995402451,1,0,,,68.72077795,0.98366237
03-09-2023,7,Traditional Ethnic Dress,29,1671.818872,2.995402451,1,0,,,68.72077795,0.98366237
03-09-2023,8,Maternity Nursing Dress,13,1671.818872,2.995402451,1,0,,,68.72077795,0.98366237
03-09-2023,9,Sporty Athleisure Dress,21,1671.818872,2.995402451,1,0,,,68.72077795,0.98366237
03-09-2023,10,Customizable Dress,19,1671.818872,2.995402451,1,0,,,68.72077795,0.98366237
04-09-2023,1,Floral Sundress,16,1204.653348,3.938990673,1,1,,,78.18326353,0.026554563
04-09-2023,2,Evening Gown,12,1204.653348,3.938990673,1,1,,,78.18326353,0.026554563
04-09-2023,3,Business Casual Dress,23,1204.653348,3.938990673,1,1,,,78.18326353,0.026554563
04-09-2023,4,Sequin Party Dress,19,1204.653348,3.938990673,1,1,,,78.18326353,0.026554563
04-09-2023,5,Summer Maxi Dress,25,1204.653348,3.938990673,1,1,,,78.18326353,0.026554563
04-09-2023,6,Bridal Gown,25,1204.653348,3.938990673,1,1,,,78.18326353,0.026554563
04-09-2023,7,Traditional Ethnic Dress,19,1204.653348,3.938990673,1,1,,,78.18326353,0.026554563
04-09-2023,8,Maternity Nursing Dress,22,1204.653348,3.938990673,1,1,,,78.18326353,0.026554563
04-09-2023,9,Sporty Athleisure Dress,15,1204.653348,3.938990673,1,1,,,78.18326353,0.026554563
04-09-2023,10,Customizable Dress,21,1204.653348,3.938990673,1,1,,,78.18326353,0.026554563
05-09-2023,1,Floral Sundress,18,1510.800673,3.135228981,0,0,,,68.761958,0.775739348
05-09-2023,2,Evening Gown,22,1510.800673,3.135228981,0,0,,,68.761958,0.775739348
05-09-2023,3,Business Casual Dress,13,1510.800673,3.135228981,0,0,,,68.761958,0.775739348
05-09-2023,4,Sequin Party Dress,20,1510.800673,3.135228981,0,0,,,68.761958,0.775739348
05-09-2023,5,Summer Maxi Dress,29,1510.800673,3.135228981,0,0,,,68.761958,0.775739348
05-09-2023,6,Bridal Gown,27,1510.800673,3.135228981,0,0,,,68.761958,0.775739348
05-09-2023,7,Traditional Ethnic Dress,20,1510.800673,3.135228981,0,0,,,68.761958,0.775739348
05-09-2023,8,Maternity Nursing Dress,13,1510.800673,3.135228981,0,0,,,68.761958,0.775739348
05-09-2023,9,Sporty Athleisure Dress,27,1510.800673,3.135228981,0,0,,,68.761958,0.775739348
05-09-2023,10,Customizable Dress,10,1510.800673,3.135228981,0,0,,,68.761958,0.775739348
06-09-2023,1,Floral Sundress,16,1349.74998,2.082605116,1,1,,,84.09516823,0.439610677
06-09-2023,2,Evening Gown,15,1349.74998,2.082605116,1,1,,,84.09516823,0.439610677
06-09-2023,3,Business Casual Dress,24,1349.74998,2.082605116,1,1,,,84.09516823,0.439610677
06-09-2023,4,Sequin Party Dress,27,1349.74998,2.082605116,1,1,,,84.09516823,0.439610677
06-09-2023,5,Summer Maxi Dress,20,1349.74998,2.082605116,1,1,,,84.09516823,0.439610677
06-09-2023,6,Bridal Gown,29,1349.74998,2.082605116,1,1,,,84.09516823,0.439610677
06-09-2023,7,Traditional Ethnic Dress,24,1349.74998,2.082605116,1,1,,,84.09516823,0.439610677
06-09-2023,8,Maternity Nursing Dress,25,1349.74998,2.082605116,1,1,,,84.09516823,0.439610677
06-09-2023,9,Sporty Athleisure Dress,16,1349.74998,2.082605116,1,1,,,84.09516823,0.439610677
06-09-2023,10,Customizable Dress,19,1349.74998,2.082605116,1,1,,,84.09516823,0.439610677
07-09-2023,1,Floral Sundress,21,1715.517569,4.941702766,0,0,,,82.76493025,0.008219917
07-09-2023,2,Evening Gown,23,1715.517569,4.941702766,0,0,,,82.76493025,0.008219917
07-09-2023,3,Business Casual Dress,14,1715.517569,4.941702766,0,0,,,82.76493025,0.008219917
07-09-2023,4,Sequin Party Dress,27,1715.517569,4.941702766,0,0,,,82.76493025,0.008219917
07-09-2023,5,Summer Maxi Dress,14,1715.517569,4.941702766,0,0,,,82.76493025,0.008219917
07-09-2023,6,Bridal Gown,12,1715.517569,4.941702766,0,0,,,82.76493025,0.008219917
07-09-2023,7,Traditional Ethnic Dress,14,1715.517569,4.941702766,0,0,,,82.76493025,0.008219917
07-09-2023,8,Maternity Nursing Dress,26,1715.517569,4.941702766,0,0,,,82.76493025,0.008219917
07-09-2023,9,Sporty Athleisure Dress,28,1715.517569,4.941702766,0,0,,,82.76493025,0.008219917
07-09-2023,10,Customizable Dress,28,1715.517569,4.941702766,0,0,,,82.76493025,0.008219917
08-09-2023,1,Floral Sundress,21,1274.341392,4.282917912,0,0,,,71.0580732,0.188343021
08-09-2023,2,Evening Gown,18,1274.341392,4.282917912,0,0,,,71.0580732,0.188343021
08-09-2023,3,Business Casual Dress,10,1274.341392,4.282917912,0,0,,,71.0580732,0.188343021
08-09-2023,4,Sequin Party Dress,27,1274.341392,4.282917912,0,0,,,71.0580732,0.188343021
08-09-2023,5,Summer Maxi Dress,13,1274.341392,4.282917912,0,0,,,71.0580732,0.188343021
08-09-2023,6,Bridal Gown,19,1274.341392,4.282917912,0,0,,,71.0580732,0.188343021
08-09-2023,7,Traditional Ethnic Dress,16,1274.341392,4.282917912,0,0,,,71.0580732,0.188343021
08-09-2023,8,Maternity Nursing Dress,10,1274.341392,4.282917912,0,0,,,71.0580732,0.188343021
08-09-2023,9,Sporty Athleisure Dress,26,1274.341392,4.282917912,0,0,,,71.0580732,0.188343021
08-09-2023,10,Customizable Dress,11,1274.341392,4.282917912,0,0,,,71.0580732,0.188343021
09-09-2023,1,Floral Sundress,20,1062.428678,2.292955723,0,1,,,50.36449735,0.471482718
09-09-2023,2,Evening Gown,18,1062.428678,2.292955723,0,1,,,50.36449735,0.471482718
09-09-2023,3,Business Casual Dress,16,1062.428678,2.292955723,0,1,,,50.36449735,0.471482718
09-09-2023,4,Sequin Party Dress,26,1062.428678,2.292955723,0,1,,,50.36449735,0.471482718
09-09-2023,5,Summer Maxi Dress,26,1062.428678,2.292955723,0,1,,,50.36449735,0.471482718
09-09-2023,6,Bridal Gown,11,1062.428678,2.292955723,0,1,,,50.36449735,0.471482718
09-09-2023,7,Traditional Ethnic Dress,15,1062.428678,2.292955723,0,1,,,50.36449735,0.471482718
09-09-2023,8,Maternity Nursing Dress,23,1062.428678,2.292955723,0,1,,,50.36449735,0.471482718
09-09-2023,9,Sporty Athleisure Dress,15,1062.428678,2.292955723,0,1,,,50.36449735,0.471482718
09-09-2023,10,Customizable Dress,11,1062.428678,2.292955723,0,1,,,50.36449735,0.471482718
10-09-2023,1,Floral Sundress,10,1181.333997,2.921340448,1,1,,,85.59930123,0.319049702
10-09-2023,2,Evening Gown,19,1181.333997,2.921340448,1,1,,,85.59930123,0.319049702
10-09-2023,3,Business Casual Dress,14,1181.333997,2.921340448,1,1,,,85.59930123,0.319049702
10-09-2023,4,Sequin Party Dress,11,1181.333997,2.921340448,1,1,,,85.59930123,0.319049702
10-09-2023,5,Summer Maxi Dress,25,1181.333997,2.921340448,1,1,,,85.59930123,0.319049702
10-09-2023,6,Bridal Gown,11,1181.333997,2.921340448,1,1,,,85.59930123,0.319049702
10-09-2023,7,Traditional Ethnic Dress,19,1181.333997,2.921340448,1,1,,,85.59930123,0.319049702
10-09-2023,8,Maternity Nursing Dress,11,1181.333997,2.921340448,1,1,,,85.59930123,0.319049702
10-09-2023,9,Sporty Athleisure Dress,25,1181.333997,2.921340448,1,1,,,85.59930123,0.319049702
10-09-2023,10,Customizable Dress,25,1181.333997,2.921340448,1,1,,,85.59930123,0.319049702
11-09-2023,1,Floral Sundress,28,1715.681643,2.641748209,0,0,,,56.87597097,0.880948068
11-09-2023,2,Evening Gown,16,1715.681643,2.641748209,0,0,,,56.87597097,0.880948068
11-09-2023,3,Business Casual Dress,21,1715.681643,2.641748209,0,0,,,56.87597097,0.880948068
11-09-2023,4,Sequin Party Dress,24,1715.681643,2.641748209,0,0,,,56.87597097,0.880948068
11-09-2023,5,Summer Maxi Dress,17,1715.681643,2.641748209,0,0,,,56.87597097,0.880948068
11-09-2023,6,Bridal Gown,15,1715.681643,2.641748209,0,0,,,56.87597097,0.880948068
11-09-2023,7,Traditional Ethnic Dress,19,1715.681643,2.641748209,0,0,,,56.87597097,0.880948068
11-09-2023,8,Maternity Nursing Dress,12,1715.681643,2.641748209,0,0,,,56.87597097,0.880948068
11-09-2023,9,Sporty Athleisure Dress,28,1715.681643,2.641748209,0,0,,,56.87597097,0.880948068
11-09-2023,10,Customizable Dress,26,1715.681643,2.641748209,0,0,,,56.87597097,0.880948068
12-09-2023,1,Floral Sundress,16,1392.075914,3.536863952,0,1,,,54.60666166,0.223222396
12-09-2023,2,Evening Gown,29,1392.075914,3.536863952,0,1,,,54.60666166,0.223222396
12-09-2023,3,Business Casual Dress,13,1392.075914,3.536863952,0,1,,,54.60666166,0.223222396
12-09-2023,4,Sequin Party Dress,23,1392.075914,3.536863952,0,1,,,54.60666166,0.223222396
12-09-2023,5,Summer Maxi Dress,29,1392.075914,3.536863952,0,1,,,54.60666166,0.223222396
12-09-2023,6,Bridal Gown,24,1392.075914,3.536863952,0,1,,,54.60666166,0.223222396
12-09-2023,7,Traditional Ethnic Dress,17,1392.075914,3.536863952,0,1,,,54.60666166,0.223222396
12-09-2023,8,Maternity Nursing Dress,24,1392.075914,3.536863952,0,1,,,54.60666166,0.223222396
12-09-2023,9,Sporty Athleisure Dress,29,1392.075914,3.536863952,0,1,,,54.60666166,0.223222396
12-09-2023,10,Customizable Dress,23,1392.075914,3.536863952,0,1,,,54.60666166,0.223222396
13-09-2023,1,Floral Sundress,18,1436.646243,2.705762889,1,0,,,83.8362962,0.243217443
13-09-2023,2,Evening Gown,17,1436.646243,2.705762889,1,0,,,83.8362962,0.243217443
13-09-2023,3,Business Casual Dress,26,1436.646243,2.705762889,1,0,,,83.8362962,0.243217443
13-09-2023,4,Sequin Party Dress,11,1436.646243,2.705762889,1,0,,,83.8362962,0.243217443
13-09-2023,5,Summer Maxi Dress,12,1436.646243,2.705762889,1,0,,,83.8362962,0.243217443
13-09-2023,6,Bridal Gown,17,1436.646243,2.705762889,1,0,,,83.8362962,0.243217443
13-09-2023,7,Traditional Ethnic Dress,21,1436.646243,2.705762889,1,0,,,83.8362962,0.243217443
13-09-2023,8,Maternity Nursing Dress,10,1436.646243,2.705762889,1,0,,,83.8362962,0.243217443
13-09-2023,9,Sporty Athleisure Dress,19,1436.646243,2.705762889,1,0,,,83.8362962,0.243217443
13-09-2023,10,Customizable Dress,29,1436.646243,2.705762889,1,0,,,83.8362962,0.243217443
14-09-2023,1,Floral Sundress,12,1858.043906,2.729791626,0,1,,,67.38638379,0.224001313
14-09-2023,2,Evening Gown,15,1858.043906,2.729791626,0,1,,,67.38638379,0.224001313
14-09-2023,3,Business Casual Dress,16,1858.043906,2.729791626,0,1,,,67.38638379,0.224001313
14-09-2023,4,Sequin Party Dress,29,1858.043906,2.729791626,0,1,,,67.38638379,0.224001313
14-09-2023,5,Summer Maxi Dress,27,1858.043906,2.729791626,0,1,,,67.38638379,0.224001313
14-09-2023,6,Bridal Gown,20,1858.043906,2.729791626,0,1,,,67.38638379,0.224001313
14-09-2023,7,Traditional Ethnic Dress,28,1858.043906,2.729791626,0,1,,,67.38638379,0.224001313
14-09-2023,8,Maternity Nursing Dress,14,1858.043906,2.729791626,0,1,,,67.38638379,0.224001313
14-09-2023,9,Sporty Athleisure Dress,28,1858.043906,2.729791626,0,1,,,67.38638379,0.224001313
14-09-2023,10,Customizable Dress,20,1858.043906,2.729791626,0,1,,,67.38638379,0.224001313
15-09-2023,1,Floral Sundress,21,1473.087397,4.012588867,0,0,,,76.86760882,0.96754261
15-09-2023,2,Evening Gown,19,1473.087397,4.012588867,0,0,,,76.86760882,0.96754261
15-09-2023,3,Business Casual Dress,17,1473.087397,4.012588867,0,0,,,76.86760882,0.96754261
15-09-2023,4,Sequin Party Dress,18,1473.087397,4.012588867,0,0,,,76.86760882,0.96754261
15-09-2023,5,Summer Maxi Dress,13,1473.087397,4.012588867,0,0,,,76.86760882,0.96754261
15-09-2023,6,Bridal Gown,14,1473.087397,4.012588867,0,0,,,76.86760882,0.96754261
15-09-2023,7,Traditional Ethnic Dress,17,1473.087397,4.012588867,0,0,,,76.86760882,0.96754261
15-09-2023,8,Maternity Nursing Dress,18,1473.087397,4.012588867,0,0,,,76.86760882,0.96754261
15-09-2023,9,Sporty Athleisure Dress,24,1473.087397,4.012588867,0,0,,,76.86760882,0.96754261
15-09-2023,10,Customizable Dress,24,1473.087397,4.012588867,0,0,,,76.86760882,0.96754261
16-09-2023,1,Floral Sundress,25,1023.495112,1.496681609,0,0,,,69.43395864,0.109351416
16-09-2023,2,Evening Gown,23,1023.495112,1.496681609,0,0,,,69.43395864,0.109351416
16-09-2023,3,Business Casual Dress,17,1023.495112,1.496681609,0,0,,,69.43395864,0.109351416
16-09-2023,4,Sequin Party Dress,27,1023.495112,1.496681609,0,0,,,69.43395864,0.109351416
16-09-2023,5,Summer Maxi Dress,19,1023.495112,1.496681609,0,0,,,69.43395864,0.109351416
16-09-2023,6,Bridal Gown,29,1023.495112,1.496681609,0,0,,,69.43395864,0.109351416
16-09-2023,7,Traditional Ethnic Dress,15,1023.495112,1.496681609,0,0,,,69.43395864,0.109351416
16-09-2023,8,Maternity Nursing Dress,21,1023.495112,1.496681609,0,0,,,69.43395864,0.109351416
16-09-2023,9,Sporty Athleisure Dress,11,1023.495112,1.496681609,0,0,,,69.43395864,0.109351416
16-09-2023,10,Customizable Dress,16,1023.495112,1.496681609,0,0,,,69.43395864,0.109351416
17-09-2023,1,Floral Sundress,25,1473.342156,1.622216109,0,0,,,53.94569466,0.67323877
17-09-2023,2,Evening Gown,12,1473.342156,1.622216109,0,0,,,53.94569466,0.67323877
17-09-2023,3,Business Casual Dress,22,1473.342156,1.622216109,0,0,,,53.94569466,0.67323877
17-09-2023,4,Sequin Party Dress,12,1473.342156,1.622216109,0,0,,,53.94569466,0.67323877
17-09-2023,5,Summer Maxi Dress,27,1473.342156,1.622216109,0,0,,,53.94569466,0.67323877
17-09-2023,6,Bridal Gown,20,1473.342156,1.622216109,0,0,,,53.94569466,0.67323877
17-09-2023,7,Traditional Ethnic Dress,17,1473.342156,1.622216109,0,0,,,53.94569466,0.67323877
17-09-2023,8,Maternity Nursing Dress,15,1473.342156,1.622216109,0,0,,,53.94569466,0.67323877
17-09-2023,9,Sporty Athleisure Dress,10,1473.342156,1.622216109,0,0,,,53.94569466,0.67323877
17-09-2023,10,Customizable Dress,10,1473.342156,1.622216109,0,0,,,53.94569466,0.67323877
18-09-2023,1,Floral Sundress,17,1191.253951,1.228365769,0,0,,,79.98552427,0.452863401
18-09-2023,2,Evening Gown,14,1191.253951,1.228365769,0,0,,,79.98552427,0.452863401
18-09-2023,3,Business Casual Dress,25,1191.253951,1.228365769,0,0,,,79.98552427,0.452863401
18-09-2023,4,Sequin Party Dress,20,1191.253951,1.228365769,0,0,,,79.98552427,0.452863401
18-09-2023,5,Summer Maxi Dress,14,1191.253951,1.228365769,0,0,,,79.98552427,0.452863401
18-09-2023,6,Bridal Gown,13,1191.253951,1.228365769,0,0,,,79.98552427,0.452863401
18-09-2023,7,Traditional Ethnic Dress,15,1191.253951,1.228365769,0,0,,,79.98552427,0.452863401
18-09-2023,8,Maternity Nursing Dress,23,1191.253951,1.228365769,0,0,,,79.98552427,0.452863401
18-09-2023,9,Sporty Athleisure Dress,28,1191.253951,1.228365769,0,0,,,79.98552427,0.452863401
18-09-2023,10,Customizable Dress,18,1191.253951,1.228365769,0,0,,,79.98552427,0.452863401
19-09-2023,1,Floral Sundress,21,1683.713466,4.644472395,1,0,,,73.3152341,0.440779277
19-09-2023,2,Evening Gown,20,1683.713466,4.644472395,1,0,,,73.3152341,0.440779277
19-09-2023,3,Business Casual Dress,23,1683.713466,4.644472395,1,0,,,73.3152341,0.440779277
19-09-2023,4,Sequin Party Dress,25,1683.713466,4.644472395,1,0,,,73.3152341,0.440779277
19-09-2023,5,Summer Maxi Dress,10,1683.713466,4.644472395,1,0,,,73.3152341,0.440779277
19-09-2023,6,Bridal Gown,22,1683.713466,4.644472395,1,0,,,73.3152341,0.440779277
19-09-2023,7,Traditional Ethnic Dress,22,1683.713466,4.644472395,1,0,,,73.3152341,0.440779277
19-09-2023,8,Maternity Nursing Dress,11,1683.713466,4.644472395,1,0,,,73.3152341,0.440779277
19-09-2023,9,Sporty Athleisure Dress,13,1683.713466,4.644472395,1,0,,,73.3152341,0.440779277
19-09-2023,10,Customizable Dress,15,1683.713466,4.644472395,1,0,,,73.3152341,0.440779277
20-09-2023,1,Floral Sundress,14,1218.032801,2.080091082,0,1,,,70.70249111,0.774107319
20-09-2023,2,Evening Gown,12,1218.032801,2.080091082,0,1,,,70.70249111,0.774107319
20-09-2023,3,Business Casual Dress,10,1218.032801,2.080091082,0,1,,,70.70249111,0.774107319
20-09-2023,4,Sequin Party Dress,13,1218.032801,2.080091082,0,1,,,70.70249111,0.774107319
20-09-2023,5,Summer Maxi Dress,29,1218.032801,2.080091082,0,1,,,70.70249111,0.774107319
20-09-2023,6,Bridal Gown,11,1218.032801,2.080091082,0,1,,,70.70249111,0.774107319
20-09-2023,7,Traditional Ethnic Dress,14,1218.032801,2.080091082,0,1,,,70.70249111,0.774107319
20-09-2023,8,Maternity Nursing Dress,12,1218.032801,2.080091082,0,1,,,70.70249111,0.774107319
20-09-2023,9,Sporty Athleisure Dress,18,1218.032801,2.080091082,0,1,,,70.70249111,0.774107319
20-09-2023,10,Customizable Dress,29,1218.032801,2.080091082,0,1,,,70.70249111,0.774107319
21-09-2023,1,Floral Sundress,15,1418.358894,2.201105619,1,0,,,84.75581767,0.811684536
21-09-2023,2,Evening Gown,27,1418.358894,2.201105619,1,0,,,84.75581767,0.811684536
21-09-2023,3,Business Casual Dress,15,1418.358894,2.201105619,1,0,,,84.75581767,0.811684536
21-09-2023,4,Sequin Party Dress,28,1418.358894,2.201105619,1,0,,,84.75581767,0.811684536
21-09-2023,5,Summer Maxi Dress,21,1418.358894,2.201105619,1,0,,,84.75581767,0.811684536
21-09-2023,6,Bridal Gown,20,1418.358894,2.201105619,1,0,,,84.75581767,0.811684536
21-09-2023,7,Traditional Ethnic Dress,11,1418.358894,2.201105619,1,0,,,84.75581767,0.811684536
21-09-2023,8,Maternity Nursing Dress,24,1418.358894,2.201105619,1,0,,,84.75581767,0.811684536
21-09-2023,9,Sporty Athleisure Dress,21,1418.358894,2.201105619,1,0,,,84.75581767,0.811684536
21-09-2023,10,Customizable Dress,21,1418.358894,2.201105619,1,0,,,84.75581767,0.811684536
22-09-2023,1,Floral Sundress,18,1530.257138,3.11508717,1,1,,,61.30013726,0.693537676
22-09-2023,2,Evening Gown,11,1530.257138,3.11508717,1,1,,,61.30013726,0.693537676
22-09-2023,3,Business Casual Dress,12,1530.257138,3.11508717,1,1,,,61.30013726,0.693537676
22-09-2023,4,Sequin Party Dress,21,1530.257138,3.11508717,1,1,,,61.30013726,0.693537676
22-09-2023,5,Summer Maxi Dress,25,1530.257138,3.11508717,1,1,,,61.30013726,0.693537676
22-09-2023,6,Bridal Gown,10,1530.257138,3.11508717,1,1,,,61.30013726,0.693537676
22-09-2023,7,Traditional Ethnic Dress,12,1530.257138,3.11508717,1,1,,,61.30013726,0.693537676
22-09-2023,8,Maternity Nursing Dress,29,1530.257138,3.11508717,1,1,,,61.30013726,0.693537676
22-09-2023,9,Sporty Athleisure Dress,11,1530.257138,3.11508717,1,1,,,61.30013726,0.693537676
22-09-2023,10,Customizable Dress,18,1530.257138,3.11508717,1,1,,,61.30013726,0.693537676
23-09-2023,1,Floral Sundress,28,1136.055412,2.177499497,1,1,,,53.43020297,0.994165654
23-09-2023,2,Evening Gown,24,1136.055412,2.177499497,1,1,,,53.43020297,0.994165654
23-09-2023,3,Business Casual Dress,27,1136.055412,2.177499497,1,1,,,53.43020297,0.994165654
23-09-2023,4,Sequin Party Dress,20,1136.055412,2.177499497,1,1,,,53.43020297,0.994165654
23-09-2023,5,Summer Maxi Dress,25,1136.055412,2.177499497,1,1,,,53.43020297,0.994165654
23-09-2023,6,Bridal Gown,26,1136.055412,2.177499497,1,1,,,53.43020297,0.994165654
23-09-2023,7,Traditional Ethnic Dress,14,1136.055412,2.177499497,1,1,,,53.43020297,0.994165654
23-09-2023,8,Maternity Nursing Dress,21,1136.055412,2.177499497,1,1,,,53.43020297,0.994165654
23-09-2023,9,Sporty Athleisure Dress,20,1136.055412,2.177499497,1,1,,,53.43020297,0.994165654
23-09-2023,10,Customizable Dress,24,1136.055412,2.177499497,1,1,,,53.43020297,0.994165654
24-09-2023,1,Floral Sundress,12,1374.217936,2.753692135,1,0,,,71.99037571,0.655517012
24-09-2023,2,Evening Gown,10,1374.217936,2.753692135,1,0,,,71.99037571,0.655517012
24-09-2023,3,Business Casual Dress,29,1374.217936,2.753692135,1,0,,,71.99037571,0.655517012
24-09-2023,4,Sequin Party Dress,25,1374.217936,2.753692135,1,0,,,71.99037571,0.655517012
24-09-2023,5,Summer Maxi Dress,11,1374.217936,2.753692135,1,0,,,71.99037571,0.655517012
24-09-2023,6,Bridal Gown,11,1374.217936,2.753692135,1,0,,,71.99037571,0.655517012
24-09-2023,7,Traditional Ethnic Dress,12,1374.217936,2.753692135,1,0,,,71.99037571,0.655517012
24-09-2023,8,Maternity Nursing Dress,17,1374.217936,2.753692135,1,0,,,71.99037571,0.655517012
24-09-2023,9,Sporty Athleisure Dress,24,1374.217936,2.753692135,1,0,,,71.99037571,0.655517012
24-09-2023,10,Customizable Dress,16,1374.217936,2.753692135,1,0,,,71.99037571,0.655517012
25-09-2023,1,Floral Sundress,15,1041.100039,1.107966519,0,0,,,73.6090677,0.06263414
25-09-2023,2,Evening Gown,18,1041.100039,1.107966519,0,0,,,73.6090677,0.06263414
25-09-2023,3,Business Casual Dress,29,1041.100039,1.107966519,0,0,,,73.6090677,0.06263414
25-09-2023,4,Sequin Party Dress,10,1041.100039,1.107966519,0,0,,,73.6090677,0.06263414
25-09-2023,5,Summer Maxi Dress,17,1041.100039,1.107966519,0,0,,,73.6090677,0.06263414
25-09-2023,6,Bridal Gown,12,1041.100039,1.107966519,0,0,,,73.6090677,0.06263414
25-09-2023,7,Traditional Ethnic Dress,13,1041.100039,1.107966519,0,0,,,73.6090677,0.06263414
25-09-2023,8,Maternity Nursing Dress,24,1041.100039,1.107966519,0,0,,,73.6090677,0.06263414
25-09-2023,9,Sporty Athleisure Dress,15,1041.100039,1.107966519,0,0,,,73.6090677,0.06263414
25-09-2023,10,Customizable Dress,24,1041.100039,1.107966519,0,0,,,73.6090677,0.06263414
26-09-2023,1,Floral Sundress,12,1387.558875,1.146755064,0,1,,,82.63984224,0.909664362
26-09-2023,2,Evening Gown,23,1387.558875,1.146755064,0,1,,,82.63984224,0.909664362
26-09-2023,3,Business Casual Dress,29,1387.558875,1.146755064,0,1,,,82.63984224,0.909664362
26-09-2023,4,Sequin Party Dress,23,1387.558875,1.146755064,0,1,,,82.63984224,0.909664362
26-09-2023,5,Summer Maxi Dress,13,1387.558875,1.146755064,0,1,,,82.63984224,0.909664362
26-09-2023,6,Bridal Gown,21,1387.558875,1.146755064,0,1,,,82.63984224,0.909664362
26-09-2023,7,Traditional Ethnic Dress,26,1387.558875,1.146755064,0,1,,,82.63984224,0.909664362
26-09-2023,8,Maternity Nursing Dress,16,1387.558875,1.146755064,0,1,,,82.63984224,0.909664362
26-09-2023,9,Sporty Athleisure Dress,18,1387.558875,1.146755064,0,1,,,82.63984224,0.909664362
26-09-2023,10,Customizable Dress,12,1387.558875,1.146755064,0,1,,,82.63984224,0.909664362
27-09-2023,1,Floral Sundress,22,1032.812782,4.324024291,1,1,,,69.59430924,0.326870598
27-09-2023,2,Evening Gown,24,1032.812782,4.324024291,1,1,,,69.59430924,0.326870598
27-09-2023,3,Business Casual Dress,27,1032.812782,4.324024291,1,1,,,69.59430924,0.326870598
27-09-2023,4,Sequin Party Dress,28,1032.812782,4.324024291,1,1,,,69.59430924,0.326870598
27-09-2023,5,Summer Maxi Dress,10,1032.812782,4.324024291,1,1,,,69.59430924,0.326870598
27-09-2023,6,Bridal Gown,15,1032.812782,4.324024291,1,1,,,69.59430924,0.326870598
27-09-2023,7,Traditional Ethnic Dress,11,1032.812782,4.324024291,1,1,,,69.59430924,0.326870598
27-09-2023,8,Maternity Nursing Dress,23,1032.812782,4.324024291,1,1,,,69.59430924,0.326870598
27-09-2023,9,Sporty Athleisure Dress,15,1032.812782,4.324024291,1,1,,,69.59430924,0.326870598
27-09-2023,10,Customizable Dress,23,1032.812782,4.324024291,1,1,,,69.59430924,0.326870598
28-09-2023,1,Floral Sundress,13,1729.628435,2.240304798,1,1,,,82.84779477,0.346259889
28-09-2023,2,Evening Gown,17,1729.628435,2.240304798,1,1,,,82.84779477,0.346259889
28-09-2023,3,Business Casual Dress,12,1729.628435,2.240304798,1,1,,,82.84779477,0.346259889
28-09-2023,4,Sequin Party Dress,28,1729.628435,2.240304798,1,1,,,82.84779477,0.346259889
28-09-2023,5,Summer Maxi Dress,23,1729.628435,2.240304798,1,1,,,82.84779477,0.346259889
28-09-2023,6,Bridal Gown,29,1729.628435,2.240304798,1,1,,,82.84779477,0.346259889
28-09-2023,7,Traditional Ethnic Dress,26,1729.628435,2.240304798,1,1,,,82.84779477,0.346259889
28-09-2023,8,Maternity Nursing Dress,17,1729.628435,2.240304798,1,1,,,82.84779477,0.346259889
28-09-2023,9,Sporty Athleisure Dress,23,1729.628435,2.240304798,1,1,,,82.84779477,0.346259889
28-09-2023,10,Customizable Dress,15,1729.628435,2.240304798,1,1,,,82.84779477,0.346259889
29-09-2023,1,Floral Sundress,25,1987.402659,3.666609048,1,1,,,88.54498239,0.837067831
29-09-2023,2,Evening Gown,28,1987.402659,3.666609048,1,1,,,88.54498239,0.837067831
29-09-2023,3,Business Casual Dress,23,1987.402659,3.666609048,1,1,,,88.54498239,0.837067831
29-09-2023,4,Sequin Party Dress,28,1987.402659,3.666609048,1,1,,,88.54498239,0.837067831
29-09-2023,5,Summer Maxi Dress,12,1987.402659,3.666609048,1,1,,,88.54498239,0.837067831
29-09-2023,6,Bridal Gown,19,1987.402659,3.666609048,1,1,,,88.54498239,0.837067831
29-09-2023,7,Traditional Ethnic Dress,28,1987.402659,3.666609048,1,1,,,88.54498239,0.837067831
29-09-2023,8,Maternity Nursing Dress,18,1987.402659,3.666609048,1,1,,,88.54498239,0.837067831
29-09-2023,9,Sporty Athleisure Dress,29,1987.402659,3.666609048,1,1,,,88.54498239,0.837067831
29-09-2023,10,Customizable Dress,22,1987.402659,3.666609048,1,1,,,88.54498239,0.837067831
30-09-2023,1,Floral Sundress,16,1907.366537,1.611739749,1,0,,,64.56025309,0.032755102
30-09-2023,2,Evening Gown,23,1907.366537,1.611739749,1,0,,,64.56025309,0.032755102
30-09-2023,3,Business Casual Dress,18,1907.366537,1.611739749,1,0,,,64.56025309,0.032755102
30-09-2023,4,Sequin Party Dress,28,1907.366537,1.611739749,1,0,,,64.56025309,0.032755102
30-09-2023,5,Summer Maxi Dress,24,1907.366537,1.611739749,1,0,,,64.56025309,0.032755102
30-09-2023,6,Bridal Gown,29,1907.366537,1.611739749,1,0,,,64.56025309,0.032755102
30-09-2023,7,Traditional Ethnic Dress,23,1907.366537,1.611739749,1,0,,,64.56025309,0.032755102
30-09-2023,8,Maternity Nursing Dress,15,1907.366537,1.611739749,1,0,,,64.56025309,0.032755102
30-09-2023,9,Sporty Athleisure Dress,13,1907.366537,1.611739749,1,0,,,64.56025309,0.032755102
30-09-2023,10,Customizable Dress,17,1907.366537,1.611739749,1,0,,,64.56025309,0.032755102
01-10-2023,1,Floral Sundress,26,1394.592432,3.748915386,1,0,,,86.82046786,0.316453422
01-10-2023,2,Evening Gown,18,1394.592432,3.748915386,1,0,,,86.82046786,0.316453422
01-10-2023,3,Business Casual Dress,10,1394.592432,3.748915386,1,0,,,86.82046786,0.316453422
01-10-2023,4,Sequin Party Dress,29,1394.592432,3.748915386,1,0,,,86.82046786,0.316453422
01-10-2023,5,Summer Maxi Dress,23,1394.592432,3.748915386,1,0,,,86.82046786,0.316453422
01-10-2023,6,Bridal Gown,20,1394.592432,3.748915386,1,0,,,86.82046786,0.316453422
01-10-2023,7,Traditional Ethnic Dress,12,1394.592432,3.748915386,1,0,,,86.82046786,0.316453422
01-10-2023,8,Maternity Nursing Dress,18,1394.592432,3.748915386,1,0,,,86.82046786,0.316453422
01-10-2023,9,Sporty Athleisure Dress,23,1394.592432,3.748915386,1,0,,,86.82046786,0.316453422
01-10-2023,10,Customizable Dress,18,1394.592432,3.748915386,1,0,,,86.82046786,0.316453422
02-10-2023,1,Floral Sundress,13,1978.930274,3.000803651,1,1,,,70.65125375,0.108505315
02-10-2023,2,Evening Gown,13,1978.930274,3.000803651,1,1,,,70.65125375,0.108505315
02-10-2023,3,Business Casual Dress,17,1978.930274,3.000803651,1,1,,,70.65125375,0.108505315
02-10-2023,4,Sequin Party Dress,11,1978.930274,3.000803651,1,1,,,70.65125375,0.108505315
02-10-2023,5,Summer Maxi Dress,18,1978.930274,3.000803651,1,1,,,70.65125375,0.108505315
02-10-2023,6,Bridal Gown,23,1978.930274,3.000803651,1,1,,,70.65125375,0.108505315
02-10-2023,7,Traditional Ethnic Dress,18,1978.930274,3.000803651,1,1,,,70.65125375,0.108505315
02-10-2023,8,Maternity Nursing Dress,25,1978.930274,3.000803651,1,1,,,70.65125375,0.108505315
02-10-2023,9,Sporty Athleisure Dress,26,1978.930274,3.000803651,1,1,,,70.65125375,0.108505315
02-10-2023,10,Customizable Dress,25,1978.930274,3.000803651,1,1,,,70.65125375,0.108505315
03-10-2023,1,Floral Sundress,21,1424.221609,1.854750913,1,1,,,81.57465645,0.679219387
03-10-2023,2,Evening Gown,12,1424.221609,1.854750913,1,1,,,81.57465645,0.679219387
03-10-2023,3,Business Casual Dress,20,1424.221609,1.854750913,1,1,,,81.57465645,0.679219387
03-10-2023,4,Sequin Party Dress,23,1424.221609,1.854750913,1,1,,,81.57465645,0.679219387
03-10-2023,5,Summer Maxi Dress,27,1424.221609,1.854750913,1,1,,,81.57465645,0.679219387
03-10-2023,6,Bridal Gown,14,1424.221609,1.854750913,1,1,,,81.57465645,0.679219387
03-10-2023,7,Traditional Ethnic Dress,25,1424.221609,1.854750913,1,1,,,81.57465645,0.679219387
03-10-2023,8,Maternity Nursing Dress,29,1424.221609,1.854750913,1,1,,,81.57465645,0.679219387
03-10-2023,9,Sporty Athleisure Dress,14,1424.221609,1.854750913,1,1,,,81.57465645,0.679219387
03-10-2023,10,Customizable Dress,12,1424.221609,1.854750913,1,1,,,81.57465645,0.679219387
04-10-2023,1,Floral Sundress,21,1053.297819,4.78517879,1,0,,,57.40099916,0.388482084
04-10-2023,2,Evening Gown,10,1053.297819,4.78517879,1,0,,,57.40099916,0.388482084
04-10-2023,3,Business Casual Dress,18,1053.297819,4.78517879,1,0,,,57.40099916,0.388482084
04-10-2023,4,Sequin Party Dress,18,1053.297819,4.78517879,1,0,,,57.40099916,0.388482084
04-10-2023,5,Summer Maxi Dress,13,1053.297819,4.78517879,1,0,,,57.40099916,0.388482084
04-10-2023,6,Bridal Gown,12,1053.297819,4.78517879,1,0,,,57.40099916,0.388482084
04-10-2023,7,Traditional Ethnic Dress,26,1053.297819,4.78517879,1,0,,,57.40099916,0.388482084
04-10-2023,8,Maternity Nursing Dress,11,1053.297819,4.78517879,1,0,,,57.40099916,0.388482084
04-10-2023,9,Sporty Athleisure Dress,10,1053.297819,4.78517879,1,0,,,57.40099916,0.388482084
04-10-2023,10,Customizable Dress,17,1053.297819,4.78517879,1,0,,,57.40099916,0.388482084
05-10-2023,1,Floral Sundress,22,1316.191008,4.934009001,1,1,,,77.68856565,0.39215605
05-10-2023,2,Evening Gown,24,1316.191008,4.934009001,1,1,,,77.68856565,0.39215605
05-10-2023,3,Business Casual Dress,17,1316.191008,4.934009001,1,1,,,77.68856565,0.39215605
05-10-2023,4,Sequin Party Dress,21,1316.191008,4.934009001,1,1,,,77.68856565,0.39215605
05-10-2023,5,Summer Maxi Dress,21,1316.191008,4.934009001,1,1,,,77.68856565,0.39215605
05-10-2023,6,Bridal Gown,23,1316.191008,4.934009001,1,1,,,77.68856565,0.39215605
05-10-2023,7,Traditional Ethnic Dress,24,1316.191008,4.934009001,1,1,,,77.68856565,0.39215605
05-10-2023,8,Maternity Nursing Dress,24,1316.191008,4.934009001,1,1,,,77.68856565,0.39215605
05-10-2023,9,Sporty Athleisure Dress,18,1316.191008,4.934009001,1,1,,,77.68856565,0.39215605
05-10-2023,10,Customizable Dress,28,1316.191008,4.934009001,1,1,,,77.68856565,0.39215605
06-10-2023,1,Floral Sundress,29,1944.548726,3.516430626,1,1,,,50.76572204,0.356588795
06-10-2023,2,Evening Gown,17,1944.548726,3.516430626,1,1,,,50.76572204,0.356588795
06-10-2023,3,Business Casual Dress,28,1944.548726,3.516430626,1,1,,,50.76572204,0.356588795
06-10-2023,4,Sequin Party Dress,15,1944.548726,3.516430626,1,1,,,50.76572204,0.356588795
06-10-2023,5,Summer Maxi Dress,29,1944.548726,3.516430626,1,1,,,50.76572204,0.356588795
06-10-2023,6,Bridal Gown,28,1944.548726,3.516430626,1,1,,,50.76572204,0.356588795
06-10-2023,7,Traditional Ethnic Dress,13,1944.548726,3.516430626,1,1,,,50.76572204,0.356588795
06-10-2023,8,Maternity Nursing Dress,16,1944.548726,3.516430626,1,1,,,50.76572204,0.356588795
06-10-2023,9,Sporty Athleisure Dress,13,1944.548726,3.516430626,1,1,,,50.76572204,0.356588795
06-10-2023,10,Customizable Dress,21,1944.548726,3.516430626,1,1,,,50.76572204,0.356588795
07-10-2023,1,Floral Sundress,22,1531.768799,4.386738982,1,0,,,78.98677003,0.889332388
07-10-2023,2,Evening Gown,12,1531.768799,4.386738982,1,0,,,78.98677003,0.889332388
07-10-2023,3,Business Casual Dress,21,1531.768799,4.386738982,1,0,,,78.98677003,0.889332388
07-10-2023,4,Sequin Party Dress,11,1531.768799,4.386738982,1,0,,,78.98677003,0.889332388
07-10-2023,5,Summer Maxi Dress,11,1531.768799,4.386738982,1,0,,,78.98677003,0.889332388
07-10-2023,6,Bridal Gown,18,1531.768799,4.386738982,1,0,,,78.98677003,0.889332388
07-10-2023,7,Traditional Ethnic Dress,10,1531.768799,4.386738982,1,0,,,78.98677003,0.889332388
07-10-2023,8,Maternity Nursing Dress,17,1531.768799,4.386738982,1,0,,,78.98677003,0.889332388
07-10-2023,9,Sporty Athleisure Dress,15,1531.768799,4.386738982,1,0,,,78.98677003,0.889332388
07-10-2023,10,Customizable Dress,15,1531.768799,4.386738982,1,0,,,78.98677003,0.889332388
08-10-2023,1,Floral Sundress,27,1434.486167,4.876692626,1,0,,,56.21556759,0.01123299
08-10-2023,2,Evening Gown,26,1434.486167,4.876692626,1,0,,,56.21556759,0.01123299
08-10-2023,3,Business Casual Dress,21,1434.486167,4.876692626,1,0,,,56.21556759,0.01123299
08-10-2023,4,Sequin Party Dress,15,1434.486167,4.876692626,1,0,,,56.21556759,0.01123299
08-10-2023,5,Summer Maxi Dress,17,1434.486167,4.876692626,1,0,,,56.21556759,0.01123299
08-10-2023,6,Bridal Gown,28,1434.486167,4.876692626,1,0,,,56.21556759,0.01123299
08-10-2023,7,Traditional Ethnic Dress,19,1434.486167,4.876692626,1,0,,,56.21556759,0.01123299
08-10-2023,8,Maternity Nursing Dress,10,1434.486167,4.876692626,1,0,,,56.21556759,0.01123299
08-10-2023,9,Sporty Athleisure Dress,22,1434.486167,4.876692626,1,0,,,56.21556759,0.01123299
08-10-2023,10,Customizable Dress,26,1434.486167,4.876692626,1,0,,,56.21556759,0.01123299
09-10-2023,1,Floral Sundress,12,1164.20605,4.063097914,1,0,,,55.18885133,0.995325742
09-10-2023,2,Evening Gown,17,1164.20605,4.063097914,1,0,,,55.18885133,0.995325742
09-10-2023,3,Business Casual Dress,23,1164.20605,4.063097914,1,0,,,55.18885133,0.995325742
09-10-2023,4,Sequin Party Dress,12,1164.20605,4.063097914,1,0,,,55.18885133,0.995325742
09-10-2023,5,Summer Maxi Dress,25,1164.20605,4.063097914,1,0,,,55.18885133,0.995325742
09-10-2023,6,Bridal Gown,22,1164.20605,4.063097914,1,0,,,55.18885133,0.995325742
09-10-2023,7,Traditional Ethnic Dress,29,1164.20605,4.063097914,1,0,,,55.18885133,0.995325742
09-10-2023,8,Maternity Nursing Dress,26,1164.20605,4.063097914,1,0,,,55.18885133,0.995325742
09-10-2023,9,Sporty Athleisure Dress,22,1164.20605,4.063097914,1,0,,,55.18885133,0.995325742
09-10-2023,10,Customizable Dress,15,1164.20605,4.063097914,1,0,,,55.18885133,0.995325742
10-10-2023,1,Floral Sundress,26,1422.44895,3.461954842,0,1,,,70.42196352,0.447123247
10-10-2023,2,Evening Gown,23,1422.44895,3.461954842,0,1,,,70.42196352,0.447123247
10-10-2023,3,Business Casual Dress,26,1422.44895,3.461954842,0,1,,,70.42196352,0.447123247
10-10-2023,4,Sequin Party Dress,17,1422.44895,3.461954842,0,1,,,70.42196352,0.447123247
10-10-2023,5,Summer Maxi Dress,20,1422.44895,3.461954842,0,1,,,70.42196352,0.447123247
10-10-2023,6,Bridal Gown,29,1422.44895,3.461954842,0,1,,,70.42196352,0.447123247
10-10-2023,7,Traditional Ethnic Dress,10,1422.44895,3.461954842,0,1,,,70.42196352,0.447123247
10-10-2023,8,Maternity Nursing Dress,16,1422.44895,3.461954842,0,1,,,70.42196352,0.447123247
10-10-2023,9,Sporty Athleisure Dress,26,1422.44895,3.461954842,0,1,,,70.42196352,0.447123247
10-10-2023,10,Customizable Dress,19,1422.44895,3.461954842,0,1,,,70.42196352,0.447123247
11-10-2023,1,Floral Sundress,20,1001.815548,3.380455513,0,0,,,62.10290606,0.07328644
11-10-2023,2,Evening Gown,18,1001.815548,3.380455513,0,0,,,62.10290606,0.07328644
11-10-2023,3,Business Casual Dress,18,1001.815548,3.380455513,0,0,,,62.10290606,0.07328644
11-10-2023,4,Sequin Party Dress,14,1001.815548,3.380455513,0,0,,,62.10290606,0.07328644
11-10-2023,5,Summer Maxi Dress,26,1001.815548,3.380455513,0,0,,,62.10290606,0.07328644
11-10-2023,6,Bridal Gown,18,1001.815548,3.380455513,0,0,,,62.10290606,0.07328644
11-10-2023,7,Traditional Ethnic Dress,26,1001.815548,3.380455513,0,0,,,62.10290606,0.07328644
11-10-2023,8,Maternity Nursing Dress,28,1001.815548,3.380455513,0,0,,,62.10290606,0.07328644
11-10-2023,9,Sporty Athleisure Dress,16,1001.815548,3.380455513,0,0,,,62.10290606,0.07328644
11-10-2023,10,Customizable Dress,18,1001.815548,3.380455513,0,0,,,62.10290606,0.07328644
12-10-2023,1,Floral Sundress,16,1340.03743,4.156863754,1,0,,,64.91342154,0.507155789
12-10-2023,2,Evening Gown,22,1340.03743,4.156863754,1,0,,,64.91342154,0.507155789
12-10-2023,3,Business Casual Dress,20,1340.03743,4.156863754,1,0,,,64.91342154,0.507155789
12-10-2023,4,Sequin Party Dress,23,1340.03743,4.156863754,1,0,,,64.91342154,0.507155789
12-10-2023,5,Summer Maxi Dress,28,1340.03743,4.156863754,1,0,,,64.91342154,0.507155789
12-10-2023,6,Bridal Gown,20,1340.03743,4.156863754,1,0,,,64.91342154,0.507155789
12-10-2023,7,Traditional Ethnic Dress,22,1340.03743,4.156863754,1,0,,,64.91342154,0.507155789
12-10-2023,8,Maternity Nursing Dress,23,1340.03743,4.156863754,1,0,,,64.91342154,0.507155789
12-10-2023,9,Sporty Athleisure Dress,22,1340.03743,4.156863754,1,0,,,64.91342154,0.507155789
12-10-2023,10,Customizable Dress,10,1340.03743,4.156863754,1,0,,,64.91342154,0.507155789
13-10-2023,1,Floral Sundress,17,1496.951367,4.8232592,0,0,,,71.91848664,0.093179212
13-10-2023,2,Evening Gown,21,1496.951367,4.8232592,0,0,,,71.91848664,0.093179212
13-10-2023,3,Business Casual Dress,28,1496.951367,4.8232592,0,0,,,71.91848664,0.093179212
13-10-2023,4,Sequin Party Dress,21,1496.951367,4.8232592,0,0,,,71.91848664,0.093179212
13-10-2023,5,Summer Maxi Dress,17,1496.951367,4.8232592,0,0,,,71.91848664,0.093179212
13-10-2023,6,Bridal Gown,17,1496.951367,4.8232592,0,0,,,71.91848664,0.093179212
13-10-2023,7,Traditional Ethnic Dress,22,1496.951367,4.8232592,0,0,,,71.91848664,0.093179212
13-10-2023,8,Maternity Nursing Dress,21,1496.951367,4.8232592,0,0,,,71.91848664,0.093179212
13-10-2023,9,Sporty Athleisure Dress,25,1496.951367,4.8232592,0,0,,,71.91848664,0.093179212
13-10-2023,10,Customizable Dress,10,1496.951367,4.8232592,0,0,,,71.91848664,0.093179212
14-10-2023,1,Floral Sundress,22,1326.217899,2.135625562,1,1,,,59.20544477,0.41486641
14-10-2023,2,Evening Gown,16,1326.217899,2.135625562,1,1,,,59.20544477,0.41486641
14-10-2023,3,Business Casual Dress,14,1326.217899,2.135625562,1,1,,,59.20544477,0.41486641
14-10-2023,4,Sequin Party Dress,17,1326.217899,2.135625562,1,1,,,59.20544477,0.41486641
14-10-2023,5,Summer Maxi Dress,23,1326.217899,2.135625562,1,1,,,59.20544477,0.41486641
14-10-2023,6,Bridal Gown,22,1326.217899,2.135625562,1,1,,,59.20544477,0.41486641
14-10-2023,7,Traditional Ethnic Dress,24,1326.217899,2.135625562,1,1,,,59.20544477,0.41486641
14-10-2023,8,Maternity Nursing Dress,26,1326.217899,2.135625562,1,1,,,59.20544477,0.41486641
14-10-2023,9,Sporty Athleisure Dress,24,1326.217899,2.135625562,1,1,,,59.20544477,0.41486641
14-10-2023,10,Customizable Dress,29,1326.217899,2.135625562,1,1,,,59.20544477,0.41486641
15-10-2023,1,Floral Sundress,27,1147.146497,4.36546725,0,1,,,83.12204177,0.437265114
15-10-2023,2,Evening Gown,27,1147.146497,4.36546725,0,1,,,83.12204177,0.437265114
15-10-2023,3,Business Casual Dress,11,1147.146497,4.36546725,0,1,,,83.12204177,0.437265114
15-10-2023,4,Sequin Party Dress,13,1147.146497,4.36546725,0,1,,,83.12204177,0.437265114
15-10-2023,5,Summer Maxi Dress,10,1147.146497,4.36546725,0,1,,,83.12204177,0.437265114
15-10-2023,6,Bridal Gown,13,1147.146497,4.36546725,0,1,,,83.12204177,0.437265114
15-10-2023,7,Traditional Ethnic Dress,27,1147.146497,4.36546725,0,1,,,83.12204177,0.437265114
15-10-2023,8,Maternity Nursing Dress,14,1147.146497,4.36546725,0,1,,,83.12204177,0.437265114
15-10-2023,9,Sporty Athleisure Dress,28,1147.146497,4.36546725,0,1,,,83.12204177,0.437265114
15-10-2023,10,Customizable Dress,24,1147.146497,4.36546725,0,1,,,83.12204177,0.437265114
16-10-2023,1,Floral Sundress,17,1707.563711,4.221680063,1,1,,,82.89242998,0.932340625
16-10-2023,2,Evening Gown,29,1707.563711,4.221680063,1,1,,,82.89242998,0.932340625
16-10-2023,3,Business Casual Dress,26,1707.563711,4.221680063,1,1,,,82.89242998,0.932340625
16-10-2023,4,Sequin Party Dress,10,1707.563711,4.221680063,1,1,,,82.89242998,0.932340625
16-10-2023,5,Summer Maxi Dress,21,1707.563711,4.221680063,1,1,,,82.89242998,0.932340625
16-10-2023,6,Bridal Gown,28,1707.563711,4.221680063,1,1,,,82.89242998,0.932340625
16-10-2023,7,Traditional Ethnic Dress,24,1707.563711,4.221680063,1,1,,,82.89242998,0.932340625
16-10-2023,8,Maternity Nursing Dress,18,1707.563711,4.221680063,1,1,,,82.89242998,0.932340625
16-10-2023,9,Sporty Athleisure Dress,16,1707.563711,4.221680063,1,1,,,82.89242998,0.932340625
16-10-2023,10,Customizable Dress,11,1707.563711,4.221680063,1,1,,,82.89242998,0.932340625
17-10-2023,1,Floral Sundress,18,1981.460375,2.394746334,0,1,,,57.73393115,0.629746031
17-10-2023,2,Evening Gown,19,1981.460375,2.394746334,0,1,,,57.73393115,0.629746031
17-10-2023,3,Business Casual Dress,11,1981.460375,2.394746334,0,1,,,57.73393115,0.629746031
17-10-2023,4,Sequin Party Dress,28,1981.460375,2.394746334,0,1,,,57.73393115,0.629746031
17-10-2023,5,Summer Maxi Dress,20,1981.460375,2.394746334,0,1,,,57.73393115,0.629746031
17-10-2023,6,Bridal Gown,22,1981.460375,2.394746334,0,1,,,57.73393115,0.629746031
17-10-2023,7,Traditional Ethnic Dress,19,1981.460375,2.394746334,0,1,,,57.73393115,0.629746031
17-10-2023,8,Maternity Nursing Dress,23,1981.460375,2.394746334,0,1,,,57.73393115,0.629746031
17-10-2023,9,Sporty Athleisure Dress,27,1981.460375,2.394746334,0,1,,,57.73393115,0.629746031
17-10-2023,10,Customizable Dress,28,1981.460375,2.394746334,0,1,,,57.73393115,0.629746031
18-10-2023,1,Floral Sundress,18,1296.951189,2.16429162,1,0,,,68.79345553,0.719583327
18-10-2023,2,Evening Gown,16,1296.951189,2.16429162,1,0,,,68.79345553,0.719583327
18-10-2023,3,Business Casual Dress,12,1296.951189,2.16429162,1,0,,,68.79345553,0.719583327
18-10-2023,4,Sequin Party Dress,29,1296.951189,2.16429162,1,0,,,68.79345553,0.719583327
18-10-2023,5,Summer Maxi Dress,15,1296.951189,2.16429162,1,0,,,68.79345553,0.719583327
18-10-2023,6,Bridal Gown,11,1296.951189,2.16429162,1,0,,,68.79345553,0.719583327
18-10-2023,7,Traditional Ethnic Dress,15,1296.951189,2.16429162,1,0,,,68.79345553,0.719583327
18-10-2023,8,Maternity Nursing Dress,12,1296.951189,2.16429162,1,0,,,68.79345553,0.719583327
18-10-2023,9,Sporty Athleisure Dress,25,1296.951189,2.16429162,1,0,,,68.79345553,0.719583327
18-10-2023,10,Customizable Dress,17,1296.951189,2.16429162,1,0,,,68.79345553,0.719583327
19-10-2023,1,Floral Sundress,11,1595.265988,2.806037169,0,0,,,72.31420747,0.812373727
19-10-2023,2,Evening Gown,26,1595.265988,2.806037169,0,0,,,72.31420747,0.812373727
19-10-2023,3,Business Casual Dress,18,1595.265988,2.806037169,0,0,,,72.31420747,0.812373727
19-10-2023,4,Sequin Party Dress,21,1595.265988,2.806037169,0,0,,,72.31420747,0.812373727
19-10-2023,5,Summer Maxi Dress,12,1595.265988,2.806037169,0,0,,,72.31420747,0.812373727
19-10-2023,6,Bridal Gown,20,1595.265988,2.806037169,0,0,,,72.31420747,0.812373727
19-10-2023,7,Traditional Ethnic Dress,10,1595.265988,2.806037169,0,0,,,72.31420747,0.812373727
19-10-2023,8,Maternity Nursing Dress,22,1595.265988,2.806037169,0,0,,,72.31420747,0.812373727
19-10-2023,9,Sporty Athleisure Dress,24,1595.265988,2.806037169,0,0,,,72.31420747,0.812373727
19-10-2023,10,Customizable Dress,14,1595.265988,2.806037169,0,0,,,72.31420747,0.812373727
20-10-2023,1,Floral Sundress,26,1675.514776,4.441887315,0,1,,,50.96244088,0.429414884
20-10-2023,2,Evening Gown,15,1675.514776,4.441887315,0,1,,,50.96244088,0.429414884
20-10-2023,3,Business Casual Dress,20,1675.514776,4.441887315,0,1,,,50.96244088,0.429414884
20-10-2023,4,Sequin Party Dress,27,1675.514776,4.441887315,0,1,,,50.96244088,0.429414884
20-10-2023,5,Summer Maxi Dress,13,1675.514776,4.441887315,0,1,,,50.96244088,0.429414884
20-10-2023,6,Bridal Gown,12,1675.514776,4.441887315,0,1,,,50.96244088,0.429414884
20-10-2023,7,Traditional Ethnic Dress,22,1675.514776,4.441887315,0,1,,,50.96244088,0.429414884
20-10-2023,8,Maternity Nursing Dress,18,1675.514776,4.441887315,0,1,,,50.96244088,0.429414884
20-10-2023,9,Sporty Athleisure Dress,15,1675.514776,4.441887315,0,1,,,50.96244088,0.429414884
20-10-2023,10,Customizable Dress,21,1675.514776,4.441887315,0,1,,,50.96244088,0.429414884
21-10-2023,1,Floral Sundress,11,1950.072265,4.11196707,0,1,,,85.78371516,0.990470842
21-10-2023,2,Evening Gown,12,1950.072265,4.11196707,0,1,,,85.78371516,0.990470842
21-10-2023,3,Business Casual Dress,12,1950.072265,4.11196707,0,1,,,85.78371516,0.990470842
21-10-2023,4,Sequin Party Dress,21,1950.072265,4.11196707,0,1,,,85.78371516,0.990470842
21-10-2023,5,Summer Maxi Dress,24,1950.072265,4.11196707,0,1,,,85.78371516,0.990470842
21-10-2023,6,Bridal Gown,18,1950.072265,4.11196707,0,1,,,85.78371516,0.990470842
21-10-2023,7,Traditional Ethnic Dress,17,1950.072265,4.11196707,0,1,,,85.78371516,0.990470842
21-10-2023,8,Maternity Nursing Dress,20,1950.072265,4.11196707,0,1,,,85.78371516,0.990470842
21-10-2023,9,Sporty Athleisure Dress,25,1950.072265,4.11196707,0,1,,,85.78371516,0.990470842
21-10-2023,10,Customizable Dress,13,1950.072265,4.11196707,0,1,,,85.78371516,0.990470842
22-10-2023,1,Floral Sundress,10,1492.455168,3.562202093,1,0,,,55.15062437,0.326693131
22-10-2023,2,Evening Gown,16,1492.455168,3.562202093,1,0,,,55.15062437,0.326693131
22-10-2023,3,Business Casual Dress,11,1492.455168,3.562202093,1,0,,,55.15062437,0.326693131
22-10-2023,4,Sequin Party Dress,14,1492.455168,3.562202093,1,0,,,55.15062437,0.326693131
22-10-2023,5,Summer Maxi Dress,16,1492.455168,3.562202093,1,0,,,55.15062437,0.326693131
22-10-2023,6,Bridal Gown,13,1492.455168,3.562202093,1,0,,,55.15062437,0.326693131
22-10-2023,7,Traditional Ethnic Dress,14,1492.455168,3.562202093,1,0,,,55.15062437,0.326693131
22-10-2023,8,Maternity Nursing Dress,10,1492.455168,3.562202093,1,0,,,55.15062437,0.326693131
22-10-2023,9,Sporty Athleisure Dress,10,1492.455168,3.562202093,1,0,,,55.15062437,0.326693131
22-10-2023,10,Customizable Dress,24,1492.455168,3.562202093,1,0,,,55.15062437,0.326693131
23-10-2023,1,Floral Sundress,29,1527.350131,3.85117441,0,0,,,58.04257577,0.73841015
23-10-2023,2,Evening Gown,28,1527.350131,3.85117441,0,0,,,58.04257577,0.73841015
23-10-2023,3,Business Casual Dress,19,1527.350131,3.85117441,0,0,,,58.04257577,0.73841015
23-10-2023,4,Sequin Party Dress,27,1527.350131,3.85117441,0,0,,,58.04257577,0.73841015
23-10-2023,5,Summer Maxi Dress,12,1527.350131,3.85117441,0,0,,,58.04257577,0.73841015
23-10-2023,6,Bridal Gown,20,1527.350131,3.85117441,0,0,,,58.04257577,0.73841015
23-10-2023,7,Traditional Ethnic Dress,24,1527.350131,3.85117441,0,0,,,58.04257577,0.73841015
23-10-2023,8,Maternity Nursing Dress,20,1527.350131,3.85117441,0,0,,,58.04257577,0.73841015
23-10-2023,9,Sporty Athleisure Dress,26,1527.350131,3.85117441,0,0,,,58.04257577,0.73841015
23-10-2023,10,Customizable Dress,26,1527.350131,3.85117441,0,0,,,58.04257577,0.73841015
24-10-2023,1,Floral Sundress,15,1751.355676,1.064461879,0,0,,,85.04326331,0.530693306
24-10-2023,2,Evening Gown,14,1751.355676,1.064461879,0,0,,,85.04326331,0.530693306
24-10-2023,3,Business Casual Dress,17,1751.355676,1.064461879,0,0,,,85.04326331,0.530693306
24-10-2023,4,Sequin Party Dress,11,1751.355676,1.064461879,0,0,,,85.04326331,0.530693306
24-10-2023,5,Summer Maxi Dress,25,1751.355676,1.064461879,0,0,,,85.04326331,0.530693306
24-10-2023,6,Bridal Gown,29,1751.355676,1.064461879,0,0,,,85.04326331,0.530693306
24-10-2023,7,Traditional Ethnic Dress,21,1751.355676,1.064461879,0,0,,,85.04326331,0.530693306
24-10-2023,8,Maternity Nursing Dress,15,1751.355676,1.064461879,0,0,,,85.04326331,0.530693306
24-10-2023,9,Sporty Athleisure Dress,10,1751.355676,1.064461879,0,0,,,85.04326331,0.530693306
24-10-2023,10,Customizable Dress,13,1751.355676,1.064461879,0,0,,,85.04326331,0.530693306
25-10-2023,1,Floral Sundress,26,1080.900006,2.454897105,0,0,,,74.57236425,0.729502674
25-10-2023,2,Evening Gown,22,1080.900006,2.454897105,0,0,,,74.57236425,0.729502674
25-10-2023,3,Business Casual Dress,27,1080.900006,2.454897105,0,0,,,74.57236425,0.729502674
25-10-2023,4,Sequin Party Dress,14,1080.900006,2.454897105,0,0,,,74.57236425,0.729502674
25-10-2023,5,Summer Maxi Dress,12,1080.900006,2.454897105,0,0,,,74.57236425,0.729502674
25-10-2023,6,Bridal Gown,20,1080.900006,2.454897105,0,0,,,74.57236425,0.729502674
25-10-2023,7,Traditional Ethnic Dress,22,1080.900006,2.454897105,0,0,,,74.57236425,0.729502674
25-10-2023,8,Maternity Nursing Dress,13,1080.900006,2.454897105,0,0,,,74.57236425,0.729502674
25-10-2023,9,Sporty Athleisure Dress,23,1080.900006,2.454897105,0,0,,,74.57236425,0.729502674
25-10-2023,10,Customizable Dress,20,1080.900006,2.454897105,0,0,,,74.57236425,0.729502674
26-10-2023,1,Floral Sundress,19,1322.131501,2.979079722,0,0,,,56.04087994,0.977332774
26-10-2023,2,Evening Gown,28,1322.131501,2.979079722,0,0,,,56.04087994,0.977332774
26-10-2023,3,Business Casual Dress,27,1322.131501,2.979079722,0,0,,,56.04087994,0.977332774
26-10-2023,4,Sequin Party Dress,15,1322.131501,2.979079722,0,0,,,56.04087994,0.977332774
26-10-2023,5,Summer Maxi Dress,24,1322.131501,2.979079722,0,0,,,56.04087994,0.977332774
26-10-2023,6,Bridal Gown,19,1322.131501,2.979079722,0,0,,,56.04087994,0.977332774
26-10-2023,7,Traditional Ethnic Dress,14,1322.131501,2.979079722,0,0,,,56.04087994,0.977332774
26-10-2023,8,Maternity Nursing Dress,14,1322.131501,2.979079722,0,0,,,56.04087994,0.977332774
26-10-2023,9,Sporty Athleisure Dress,19,1322.131501,2.979079722,0,0,,,56.04087994,0.977332774
26-10-2023,10,Customizable Dress,14,1322.131501,2.979079722,0,0,,,56.04087994,0.977332774
27-10-2023,1,Floral Sundress,12,1860.637862,2.817457037,0,1,,,72.39632555,0.862427458
27-10-2023,2,Evening Gown,15,1860.637862,2.817457037,0,1,,,72.39632555,0.862427458
27-10-2023,3,Business Casual Dress,13,1860.637862,2.817457037,0,1,,,72.39632555,0.862427458
27-10-2023,4,Sequin Party Dress,27,1860.637862,2.817457037,0,1,,,72.39632555,0.862427458
27-10-2023,5,Summer Maxi Dress,18,1860.637862,2.817457037,0,1,,,72.39632555,0.862427458
27-10-2023,6,Bridal Gown,26,1860.637862,2.817457037,0,1,,,72.39632555,0.862427458
27-10-2023,7,Traditional Ethnic Dress,22,1860.637862,2.817457037,0,1,,,72.39632555,0.862427458
27-10-2023,8,Maternity Nursing Dress,24,1860.637862,2.817457037,0,1,,,72.39632555,0.862427458
27-10-2023,9,Sporty Athleisure Dress,29,1860.637862,2.817457037,0,1,,,72.39632555,0.862427458
27-10-2023,10,Customizable Dress,26,1860.637862,2.817457037,0,1,,,72.39632555,0.862427458
28-10-2023,1,Floral Sundress,22,1781.625381,3.062985623,1,1,,,89.65947881,0.53981674
28-10-2023,2,Evening Gown,25,1781.625381,3.062985623,1,1,,,89.65947881,0.53981674
28-10-2023,3,Business Casual Dress,13,1781.625381,3.062985623,1,1,,,89.65947881,0.53981674
28-10-2023,4,Sequin Party Dress,14,1781.625381,3.062985623,1,1,,,89.65947881,0.53981674
28-10-2023,5,Summer Maxi Dress,14,1781.625381,3.062985623,1,1,,,89.65947881,0.53981674
28-10-2023,6,Bridal Gown,18,1781.625381,3.062985623,1,1,,,89.65947881,0.53981674
28-10-2023,7,Traditional Ethnic Dress,26,1781.625381,3.062985623,1,1,,,89.65947881,0.53981674
28-10-2023,8,Maternity Nursing Dress,22,1781.625381,3.062985623,1,1,,,89.65947881,0.53981674
28-10-2023,9,Sporty Athleisure Dress,11,1781.625381,3.062985623,1,1,,,89.65947881,0.53981674
28-10-2023,10,Customizable Dress,22,1781.625381,3.062985623,1,1,,,89.65947881,0.53981674
29-10-2023,1,Floral Sundress,28,1063.78475,4.03775029,1,1,,,53.87030096,0.934652532
29-10-2023,2,Evening Gown,12,1063.78475,4.03775029,1,1,,,53.87030096,0.934652532
29-10-2023,3,Business Casual Dress,19,1063.78475,4.03775029,1,1,,,53.87030096,0.934652532
29-10-2023,4,Sequin Party Dress,11,1063.78475,4.03775029,1,1,,,53.87030096,0.934652532
29-10-2023,5,Summer Maxi Dress,22,1063.78475,4.03775029,1,1,,,53.87030096,0.934652532
29-10-2023,6,Bridal Gown,28,1063.78475,4.03775029,1,1,,,53.87030096,0.934652532
29-10-2023,7,Traditional Ethnic Dress,26,1063.78475,4.03775029,1,1,,,53.87030096,0.934652532
29-10-2023,8,Maternity Nursing Dress,23,1063.78475,4.03775029,1,1,,,53.87030096,0.934652532
29-10-2023,9,Sporty Athleisure Dress,21,1063.78475,4.03775029,1,1,,,53.87030096,0.934652532
29-10-2023,10,Customizable Dress,21,1063.78475,4.03775029,1,1,,,53.87030096,0.934652532
30-10-2023,1,Floral Sundress,20,1291.750813,4.398817871,0,0,,,83.77081088,0.790885748
30-10-2023,2,Evening Gown,16,1291.750813,4.398817871,0,0,,,83.77081088,0.790885748
30-10-2023,3,Business Casual Dress,13,1291.750813,4.398817871,0,0,,,83.77081088,0.790885748
30-10-2023,4,Sequin Party Dress,28,1291.750813,4.398817871,0,0,,,83.77081088,0.790885748
30-10-2023,5,Summer Maxi Dress,10,1291.750813,4.398817871,0,0,,,83.77081088,0.790885748
30-10-2023,6,Bridal Gown,12,1291.750813,4.398817871,0,0,,,83.77081088,0.790885748
30-10-2023,7,Traditional Ethnic Dress,22,1291.750813,4.398817871,0,0,,,83.77081088,0.790885748
30-10-2023,8,Maternity Nursing Dress,24,1291.750813,4.398817871,0,0,,,83.77081088,0.790885748
30-10-2023,9,Sporty Athleisure Dress,11,1291.750813,4.398817871,0,0,,,83.77081088,0.790885748
30-10-2023,10,Customizable Dress,20,1291.750813,4.398817871,0,0,,,83.77081088,0.790885748
31-10-2023,1,Floral Sundress,13,1751.041573,1.264391971,0,1,,,82.09425735,0.961795494
31-10-2023,2,Evening Gown,28,1751.041573,1.264391971,0,1,,,82.09425735,0.961795494
31-10-2023,3,Business Casual Dress,26,1751.041573,1.264391971,0,1,,,82.09425735,0.961795494
31-10-2023,4,Sequin Party Dress,12,1751.041573,1.264391971,0,1,,,82.09425735,0.961795494
31-10-2023,5,Summer Maxi Dress,27,1751.041573,1.264391971,0,1,,,82.09425735,0.961795494
31-10-2023,6,Bridal Gown,17,1751.041573,1.264391971,0,1,,,82.09425735,0.961795494
31-10-2023,7,Traditional Ethnic Dress,28,1751.041573,1.264391971,0,1,,,82.09425735,0.961795494
31-10-2023,8,Maternity Nursing Dress,14,1751.041573,1.264391971,0,1,,,82.09425735,0.961795494
31-10-2023,9,Sporty Athleisure Dress,16,1751.041573,1.264391971,0,1,,,82.09425735,0.961795494
31-10-2023,10,Customizable Dress,17,1751.041573,1.264391971,0,1,,,82.09425735,0.961795494
01-11-2023,1,Floral Sundress,14,1694.947439,3.50810121,1,1,,,52.1951905,0.570930374
01-11-2023,2,Evening Gown,26,1694.947439,3.50810121,1,1,,,52.1951905,0.570930374
01-11-2023,3,Business Casual Dress,14,1694.947439,3.50810121,1,1,,,52.1951905,0.570930374
01-11-2023,4,Sequin Party Dress,13,1694.947439,3.50810121,1,1,,,52.1951905,0.570930374
01-11-2023,5,Summer Maxi Dress,28,1694.947439,3.50810121,1,1,,,52.1951905,0.570930374
01-11-2023,6,Bridal Gown,11,1694.947439,3.50810121,1,1,,,52.1951905,0.570930374
01-11-2023,7,Traditional Ethnic Dress,20,1694.947439,3.50810121,1,1,,,52.1951905,0.570930374
01-11-2023,8,Maternity Nursing Dress,22,1694.947439,3.50810121,1,1,,,52.1951905,0.570930374
01-11-2023,9,Sporty Athleisure Dress,24,1694.947439,3.50810121,1,1,,,52.1951905,0.570930374
01-11-2023,10,Customizable Dress,21,1694.947439,3.50810121,1,1,,,52.1951905,0.570930374
02-11-2023,1,Floral Sundress,20,1715.533792,2.95869451,1,0,,,55.32522981,0.111893237
02-11-2023,2,Evening Gown,16,1715.533792,2.95869451,1,0,,,55.32522981,0.111893237
02-11-2023,3,Business Casual Dress,14,1715.533792,2.95869451,1,0,,,55.32522981,0.111893237
02-11-2023,4,Sequin Party Dress,26,1715.533792,2.95869451,1,0,,,55.32522981,0.111893237
02-11-2023,5,Summer Maxi Dress,29,1715.533792,2.95869451,1,0,,,55.32522981,0.111893237
02-11-2023,6,Bridal Gown,18,1715.533792,2.95869451,1,0,,,55.32522981,0.111893237
02-11-2023,7,Traditional Ethnic Dress,23,1715.533792,2.95869451,1,0,,,55.32522981,0.111893237
02-11-2023,8,Maternity Nursing Dress,21,1715.533792,2.95869451,1,0,,,55.32522981,0.111893237
02-11-2023,9,Sporty Athleisure Dress,15,1715.533792,2.95869451,1,0,,,55.32522981,0.111893237
02-11-2023,10,Customizable Dress,26,1715.533792,2.95869451,1,0,,,55.32522981,0.111893237
03-11-2023,1,Floral Sundress,28,1085.354903,4.146628302,1,1,,,61.2613516,0.549836218
03-11-2023,2,Evening Gown,28,1085.354903,4.146628302,1,1,,,61.2613516,0.549836218
03-11-2023,3,Business Casual Dress,25,1085.354903,4.146628302,1,1,,,61.2613516,0.549836218
03-11-2023,4,Sequin Party Dress,21,1085.354903,4.146628302,1,1,,,61.2613516,0.549836218
03-11-2023,5,Summer Maxi Dress,21,1085.354903,4.146628302,1,1,,,61.2613516,0.549836218
03-11-2023,6,Bridal Gown,29,1085.354903,4.146628302,1,1,,,61.2613516,0.549836218
03-11-2023,7,Traditional Ethnic Dress,15,1085.354903,4.146628302,1,1,,,61.2613516,0.549836218
03-11-2023,8,Maternity Nursing Dress,13,1085.354903,4.146628302,1,1,,,61.2613516,0.549836218
03-11-2023,9,Sporty Athleisure Dress,15,1085.354903,4.146628302,1,1,,,61.2613516,0.549836218
03-11-2023,10,Customizable Dress,20,1085.354903,4.146628302,1,1,,,61.2613516,0.549836218
04-11-2023,1,Floral Sundress,10,1564.518269,1.332810516,1,1,,,70.96850708,0.034459875
04-11-2023,2,Evening Gown,24,1564.518269,1.332810516,1,1,,,70.96850708,0.034459875
04-11-2023,3,Business Casual Dress,20,1564.518269,1.332810516,1,1,,,70.96850708,0.034459875
04-11-2023,4,Sequin Party Dress,28,1564.518269,1.332810516,1,1,,,70.96850708,0.034459875
04-11-2023,5,Summer Maxi Dress,27,1564.518269,1.332810516,1,1,,,70.96850708,0.034459875
04-11-2023,6,Bridal Gown,26,1564.518269,1.332810516,1,1,,,70.96850708,0.034459875
04-11-2023,7,Traditional Ethnic Dress,28,1564.518269,1.332810516,1,1,,,70.96850708,0.034459875
04-11-2023,8,Maternity Nursing Dress,23,1564.518269,1.332810516,1,1,,,70.96850708,0.034459875
04-11-2023,9,Sporty Athleisure Dress,27,1564.518269,1.332810516,1,1,,,70.96850708,0.034459875
04-11-2023,10,Customizable Dress,28,1564.518269,1.332810516,1,1,,,70.96850708,0.034459875
05-11-2023,1,Floral Sundress,24,1211.825473,4.774832042,0,1,,,78.57775394,0.108257492
05-11-2023,2,Evening Gown,24,1211.825473,4.774832042,0,1,,,78.57775394,0.108257492
05-11-2023,3,Business Casual Dress,13,1211.825473,4.774832042,0,1,,,78.57775394,0.108257492
05-11-2023,4,Sequin Party Dress,16,1211.825473,4.774832042,0,1,,,78.57775394,0.108257492
05-11-2023,5,Summer Maxi Dress,22,1211.825473,4.774832042,0,1,,,78.57775394,0.108257492
05-11-2023,6,Bridal Gown,12,1211.825473,4.774832042,0,1,,,78.57775394,0.108257492
05-11-2023,7,Traditional Ethnic Dress,25,1211.825473,4.774832042,0,1,,,78.57775394,0.108257492
05-11-2023,8,Maternity Nursing Dress,18,1211.825473,4.774832042,0,1,,,78.57775394,0.108257492
05-11-2023,9,Sporty Athleisure Dress,17,1211.825473,4.774832042,0,1,,,78.57775394,0.108257492
05-11-2023,10,Customizable Dress,29,1211.825473,4.774832042,0,1,,,78.57775394,0.108257492
06-11-2023,1,Floral Sundress,22,1915.368725,1.225924048,1,0,,,67.09513989,0.185619042
06-11-2023,2,Evening Gown,26,1915.368725,1.225924048,1,0,,,67.09513989,0.185619042
06-11-2023,3,Business Casual Dress,26,1915.368725,1.225924048,1,0,,,67.09513989,0.185619042
06-11-2023,4,Sequin Party Dress,26,1915.368725,1.225924048,1,0,,,67.09513989,0.185619042
06-11-2023,5,Summer Maxi Dress,10,1915.368725,1.225924048,1,0,,,67.09513989,0.185619042
06-11-2023,6,Bridal Gown,17,1915.368725,1.225924048,1,0,,,67.09513989,0.185619042
06-11-2023,7,Traditional Ethnic Dress,28,1915.368725,1.225924048,1,0,,,67.09513989,0.185619042
06-11-2023,8,Maternity Nursing Dress,15,1915.368725,1.225924048,1,0,,,67.09513989,0.185619042
06-11-2023,9,Sporty Athleisure Dress,12,1915.368725,1.225924048,1,0,,,67.09513989,0.185619042
06-11-2023,10,Customizable Dress,14,1915.368725,1.225924048,1,0,,,67.09513989,0.185619042
07-11-2023,1,Floral Sundress,22,1694.867685,4.605766589,1,0,,,56.9258981,0.073649163
07-11-2023,2,Evening Gown,24,1694.867685,4.605766589,1,0,,,56.9258981,0.073649163
07-11-2023,3,Business Casual Dress,23,1694.867685,4.605766589,1,0,,,56.9258981,0.073649163
07-11-2023,4,Sequin Party Dress,25,1694.867685,4.605766589,1,0,,,56.9258981,0.073649163
07-11-2023,5,Summer Maxi Dress,27,1694.867685,4.605766589,1,0,,,56.9258981,0.073649163
07-11-2023,6,Bridal Gown,20,1694.867685,4.605766589,1,0,,,56.9258981,0.073649163
07-11-2023,7,Traditional Ethnic Dress,12,1694.867685,4.605766589,1,0,,,56.9258981,0.073649163
07-11-2023,8,Maternity Nursing Dress,19,1694.867685,4.605766589,1,0,,,56.9258981,0.073649163
07-11-2023,9,Sporty Athleisure Dress,19,1694.867685,4.605766589,1,0,,,56.9258981,0.073649163
07-11-2023,10,Customizable Dress,25,1694.867685,4.605766589,1,0,,,56.9258981,0.073649163
08-11-2023,1,Floral Sundress,21,1873.8417,3.751947808,1,1,,,73.66771021,0.306619754
08-11-2023,2,Evening Gown,11,1873.8417,3.751947808,1,1,,,73.66771021,0.306619754
08-11-2023,3,Business Casual Dress,18,1873.8417,3.751947808,1,1,,,73.66771021,0.306619754
08-11-2023,4,Sequin Party Dress,12,1873.8417,3.751947808,1,1,,,73.66771021,0.306619754
08-11-2023,5,Summer Maxi Dress,24,1873.8417,3.751947808,1,1,,,73.66771021,0.306619754
08-11-2023,6,Bridal Gown,12,1873.8417,3.751947808,1,1,,,73.66771021,0.306619754
08-11-2023,7,Traditional Ethnic Dress,28,1873.8417,3.751947808,1,1,,,73.66771021,0.306619754
08-11-2023,8,Maternity Nursing Dress,27,1873.8417,3.751947808,1,1,,,73.66771021,0.306619754
08-11-2023,9,Sporty Athleisure Dress,17,1873.8417,3.751947808,1,1,,,73.66771021,0.306619754
08-11-2023,10,Customizable Dress,26,1873.8417,3.751947808,1,1,,,73.66771021,0.306619754
09-11-2023,1,Floral Sundress,17,1749.290482,3.802956611,1,1,,,85.84678937,0.792881116
09-11-2023,2,Evening Gown,16,1749.290482,3.802956611,1,1,,,85.84678937,0.792881116
09-11-2023,3,Business Casual Dress,16,1749.290482,3.802956611,1,1,,,85.84678937,0.792881116
09-11-2023,4,Sequin Party Dress,12,1749.290482,3.802956611,1,1,,,85.84678937,0.792881116
09-11-2023,5,Summer Maxi Dress,10,1749.290482,3.802956611,1,1,,,85.84678937,0.792881116
09-11-2023,6,Bridal Gown,13,1749.290482,3.802956611,1,1,,,85.84678937,0.792881116
09-11-2023,7,Traditional Ethnic Dress,14,1749.290482,3.802956611,1,1,,,85.84678937,0.792881116
09-11-2023,8,Maternity Nursing Dress,10,1749.290482,3.802956611,1,1,,,85.84678937,0.792881116
09-11-2023,9,Sporty Athleisure Dress,24,1749.290482,3.802956611,1,1,,,85.84678937,0.792881116
09-11-2023,10,Customizable Dress,14,1749.290482,3.802956611,1,1,,,85.84678937,0.792881116
10-11-2023,1,Floral Sundress,22,1957.593886,1.022391493,1,0,,,53.39087752,0.668628953
10-11-2023,2,Evening Gown,17,1957.593886,1.022391493,1,0,,,53.39087752,0.668628953
10-11-2023,3,Business Casual Dress,17,1957.593886,1.022391493,1,0,,,53.39087752,0.668628953
10-11-2023,4,Sequin Party Dress,14,1957.593886,1.022391493,1,0,,,53.39087752,0.668628953
10-11-2023,5,Summer Maxi Dress,18,1957.593886,1.022391493,1,0,,,53.39087752,0.668628953
10-11-2023,6,Bridal Gown,10,1957.593886,1.022391493,1,0,,,53.39087752,0.668628953
10-11-2023,7,Traditional Ethnic Dress,13,1957.593886,1.022391493,1,0,,,53.39087752,0.668628953
10-11-2023,8,Maternity Nursing Dress,12,1957.593886,1.022391493,1,0,,,53.39087752,0.668628953
10-11-2023,9,Sporty Athleisure Dress,11,1957.593886,1.022391493,1,0,,,53.39087752,0.668628953
10-11-2023,10,Customizable Dress,17,1957.593886,1.022391493,1,0,,,53.39087752,0.668628953
11-11-2023,1,Floral Sundress,18,1176.483728,3.876668953,0,1,,,75.87294,0.283356657
11-11-2023,2,Evening Gown,11,1176.483728,3.876668953,0,1,,,75.87294,0.283356657
11-11-2023,3,Business Casual Dress,23,1176.483728,3.876668953,0,1,,,75.87294,0.283356657
11-11-2023,4,Sequin Party Dress,23,1176.483728,3.876668953,0,1,,,75.87294,0.283356657
11-11-2023,5,Summer Maxi Dress,13,1176.483728,3.876668953,0,1,,,75.87294,0.283356657
11-11-2023,6,Bridal Gown,15,1176.483728,3.876668953,0,1,,,75.87294,0.283356657
11-11-2023,7,Traditional Ethnic Dress,20,1176.483728,3.876668953,0,1,,,75.87294,0.283356657
11-11-2023,8,Maternity Nursing Dress,12,1176.483728,3.876668953,0,1,,,75.87294,0.283356657
11-11-2023,9,Sporty Athleisure Dress,17,1176.483728,3.876668953,0,1,,,75.87294,0.283356657
11-11-2023,10,Customizable Dress,12,1176.483728,3.876668953,0,1,,,75.87294,0.283356657
12-11-2023,1,Floral Sundress,23,1175.106386,2.066198305,0,1,,,79.63867493,0.906435599
12-11-2023,2,Evening Gown,22,1175.106386,2.066198305,0,1,,,79.63867493,0.906435599
12-11-2023,3,Business Casual Dress,22,1175.106386,2.066198305,0,1,,,79.63867493,0.906435599
12-11-2023,4,Sequin Party Dress,11,1175.106386,2.066198305,0,1,,,79.63867493,0.906435599
12-11-2023,5,Summer Maxi Dress,22,1175.106386,2.066198305,0,1,,,79.63867493,0.906435599
12-11-2023,6,Bridal Gown,28,1175.106386,2.066198305,0,1,,,79.63867493,0.906435599
12-11-2023,7,Traditional Ethnic Dress,15,1175.106386,2.066198305,0,1,,,79.63867493,0.906435599
12-11-2023,8,Maternity Nursing Dress,25,1175.106386,2.066198305,0,1,,,79.63867493,0.906435599
12-11-2023,9,Sporty Athleisure Dress,11,1175.106386,2.066198305,0,1,,,79.63867493,0.906435599
12-11-2023,10,Customizable Dress,17,1175.106386,2.066198305,0,1,,,79.63867493,0.906435599
13-11-2023,1,Floral Sundress,26,1067.47936,3.153077499,1,1,,,68.23288428,0.260191682
13-11-2023,2,Evening Gown,11,1067.47936,3.153077499,1,1,,,68.23288428,0.260191682
13-11-2023,3,Business Casual Dress,19,1067.47936,3.153077499,1,1,,,68.23288428,0.260191682
13-11-2023,4,Sequin Party Dress,25,1067.47936,3.153077499,1,1,,,68.23288428,0.260191682
13-11-2023,5,Summer Maxi Dress,15,1067.47936,3.153077499,1,1,,,68.23288428,0.260191682
13-11-2023,6,Bridal Gown,11,1067.47936,3.153077499,1,1,,,68.23288428,0.260191682
13-11-2023,7,Traditional Ethnic Dress,11,1067.47936,3.153077499,1,1,,,68.23288428,0.260191682
13-11-2023,8,Maternity Nursing Dress,22,1067.47936,3.153077499,1,1,,,68.23288428,0.260191682
13-11-2023,9,Sporty Athleisure Dress,24,1067.47936,3.153077499,1,1,,,68.23288428,0.260191682
13-11-2023,10,Customizable Dress,11,1067.47936,3.153077499,1,1,,,68.23288428,0.260191682
14-11-2023,1,Floral Sundress,16,1346.080019,1.879316736,1,0,,,52.08173849,0.719131052
14-11-2023,2,Evening Gown,12,1346.080019,1.879316736,1,0,,,52.08173849,0.719131052
14-11-2023,3,Business Casual Dress,17,1346.080019,1.879316736,1,0,,,52.08173849,0.719131052
14-11-2023,4,Sequin Party Dress,23,1346.080019,1.879316736,1,0,,,52.08173849,0.719131052
14-11-2023,5,Summer Maxi Dress,16,1346.080019,1.879316736,1,0,,,52.08173849,0.719131052
14-11-2023,6,Bridal Gown,16,1346.080019,1.879316736,1,0,,,52.08173849,0.719131052
14-11-2023,7,Traditional Ethnic Dress,10,1346.080019,1.879316736,1,0,,,52.08173849,0.719131052
14-11-2023,8,Maternity Nursing Dress,26,1346.080019,1.879316736,1,0,,,52.08173849,0.719131052
14-11-2023,9,Sporty Athleisure Dress,18,1346.080019,1.879316736,1,0,,,52.08173849,0.719131052
14-11-2023,10,Customizable Dress,22,1346.080019,1.879316736,1,0,,,52.08173849,0.719131052
15-11-2023,1,Floral Sundress,28,1678.21074,2.24357369,0,0,,,86.83600222,0.916157941
15-11-2023,2,Evening Gown,28,1678.21074,2.24357369,0,0,,,86.83600222,0.916157941
15-11-2023,3,Business Casual Dress,26,1678.21074,2.24357369,0,0,,,86.83600222,0.916157941
15-11-2023,4,Sequin Party Dress,19,1678.21074,2.24357369,0,0,,,86.83600222,0.916157941
15-11-2023,5,Summer Maxi Dress,19,1678.21074,2.24357369,0,0,,,86.83600222,0.916157941
15-11-2023,6,Bridal Gown,13,1678.21074,2.24357369,0,0,,,86.83600222,0.916157941
15-11-2023,7,Traditional Ethnic Dress,17,1678.21074,2.24357369,0,0,,,86.83600222,0.916157941
15-11-2023,8,Maternity Nursing Dress,29,1678.21074,2.24357369,0,0,,,86.83600222,0.916157941
15-11-2023,9,Sporty Athleisure Dress,29,1678.21074,2.24357369,0,0,,,86.83600222,0.916157941
15-11-2023,10,Customizable Dress,27,1678.21074,2.24357369,0,0,,,86.83600222,0.916157941
16-11-2023,1,Floral Sundress,23,1204.585754,2.984990247,0,0,,,81.28494399,0.738044005
16-11-2023,2,Evening Gown,27,1204.585754,2.984990247,0,0,,,81.28494399,0.738044005
16-11-2023,3,Business Casual Dress,23,1204.585754,2.984990247,0,0,,,81.28494399,0.738044005
16-11-2023,4,Sequin Party Dress,29,1204.585754,2.984990247,0,0,,,81.28494399,0.738044005
16-11-2023,5,Summer Maxi Dress,24,1204.585754,2.984990247,0,0,,,81.28494399,0.738044005
16-11-2023,6,Bridal Gown,13,1204.585754,2.984990247,0,0,,,81.28494399,0.738044005
16-11-2023,7,Traditional Ethnic Dress,22,1204.585754,2.984990247,0,0,,,81.28494399,0.738044005
16-11-2023,8,Maternity Nursing Dress,17,1204.585754,2.984990247,0,0,,,81.28494399,0.738044005
16-11-2023,9,Sporty Athleisure Dress,27,1204.585754,2.984990247,0,0,,,81.28494399,0.738044005
16-11-2023,10,Customizable Dress,21,1204.585754,2.984990247,0,0,,,81.28494399,0.738044005
17-11-2023,1,Floral Sundress,23,1389.43551,4.31431693,0,1,,,54.01862462,0.198751429
17-11-2023,2,Evening Gown,11,1389.43551,4.31431693,0,1,,,54.01862462,0.198751429
17-11-2023,3,Business Casual Dress,27,1389.43551,4.31431693,0,1,,,54.01862462,0.198751429
17-11-2023,4,Sequin Party Dress,11,1389.43551,4.31431693,0,1,,,54.01862462,0.198751429
17-11-2023,5,Summer Maxi Dress,20,1389.43551,4.31431693,0,1,,,54.01862462,0.198751429
17-11-2023,6,Bridal Gown,18,1389.43551,4.31431693,0,1,,,54.01862462,0.198751429
17-11-2023,7,Traditional Ethnic Dress,21,1389.43551,4.31431693,0,1,,,54.01862462,0.198751429
17-11-2023,8,Maternity Nursing Dress,26,1389.43551,4.31431693,0,1,,,54.01862462,0.198751429
17-11-2023,9,Sporty Athleisure Dress,24,1389.43551,4.31431693,0,1,,,54.01862462,0.198751429
17-11-2023,10,Customizable Dress,26,1389.43551,4.31431693,0,1,,,54.01862462,0.198751429
18-11-2023,1,Floral Sundress,27,1281.865292,3.051394175,0,1,,,68.16238272,0.207064644
18-11-2023,2,Evening Gown,15,1281.865292,3.051394175,0,1,,,68.16238272,0.207064644
18-11-2023,3,Business Casual Dress,26,1281.865292,3.051394175,0,1,,,68.16238272,0.207064644
18-11-2023,4,Sequin Party Dress,27,1281.865292,3.051394175,0,1,,,68.16238272,0.207064644
18-11-2023,5,Summer Maxi Dress,17,1281.865292,3.051394175,0,1,,,68.16238272,0.207064644
18-11-2023,6,Bridal Gown,18,1281.865292,3.051394175,0,1,,,68.16238272,0.207064644
18-11-2023,7,Traditional Ethnic Dress,15,1281.865292,3.051394175,0,1,,,68.16238272,0.207064644
18-11-2023,8,Maternity Nursing Dress,14,1281.865292,3.051394175,0,1,,,68.16238272,0.207064644
18-11-2023,9,Sporty Athleisure Dress,21,1281.865292,3.051394175,0,1,,,68.16238272,0.207064644
18-11-2023,10,Customizable Dress,20,1281.865292,3.051394175,0,1,,,68.16238272,0.207064644
19-11-2023,1,Floral Sundress,10,1764.362339,1.838528006,1,1,,,69.82422376,0.843690242
19-11-2023,2,Evening Gown,20,1764.362339,1.838528006,1,1,,,69.82422376,0.843690242
19-11-2023,3,Business Casual Dress,28,1764.362339,1.838528006,1,1,,,69.82422376,0.843690242
19-11-2023,4,Sequin Party Dress,18,1764.362339,1.838528006,1,1,,,69.82422376,0.843690242
19-11-2023,5,Summer Maxi Dress,11,1764.362339,1.838528006,1,1,,,69.82422376,0.843690242
19-11-2023,6,Bridal Gown,21,1764.362339,1.838528006,1,1,,,69.82422376,0.843690242
19-11-2023,7,Traditional Ethnic Dress,13,1764.362339,1.838528006,1,1,,,69.82422376,0.843690242
19-11-2023,8,Maternity Nursing Dress,13,1764.362339,1.838528006,1,1,,,69.82422376,0.843690242
19-11-2023,9,Sporty Athleisure Dress,27,1764.362339,1.838528006,1,1,,,69.82422376,0.843690242
19-11-2023,10,Customizable Dress,24,1764.362339,1.838528006,1,1,,,69.82422376,0.843690242
20-11-2023,1,Floral Sundress,28,1141.672045,4.783440059,0,1,,,84.27019893,0.469787552
20-11-2023,2,Evening Gown,22,1141.672045,4.783440059,0,1,,,84.27019893,0.469787552
20-11-2023,3,Business Casual Dress,28,1141.672045,4.783440059,0,1,,,84.27019893,0.469787552
20-11-2023,4,Sequin Party Dress,26,1141.672045,4.783440059,0,1,,,84.27019893,0.469787552
20-11-2023,5,Summer Maxi Dress,15,1141.672045,4.783440059,0,1,,,84.27019893,0.469787552
20-11-2023,6,Bridal Gown,25,1141.672045,4.783440059,0,1,,,84.27019893,0.469787552
20-11-2023,7,Traditional Ethnic Dress,21,1141.672045,4.783440059,0,1,,,84.27019893,0.469787552
20-11-2023,8,Maternity Nursing Dress,28,1141.672045,4.783440059,0,1,,,84.27019893,0.469787552
20-11-2023,9,Sporty Athleisure Dress,14,1141.672045,4.783440059,0,1,,,84.27019893,0.469787552
20-11-2023,10,Customizable Dress,26,1141.672045,4.783440059,0,1,,,84.27019893,0.469787552
21-11-2023,1,Floral Sundress,10,1306.821426,3.485577936,0,0,,,83.35424146,0.20097873
21-11-2023,2,Evening Gown,19,1306.821426,3.485577936,0,0,,,83.35424146,0.20097873
21-11-2023,3,Business Casual Dress,24,1306.821426,3.485577936,0,0,,,83.35424146,0.20097873
21-11-2023,4,Sequin Party Dress,20,1306.821426,3.485577936,0,0,,,83.35424146,0.20097873
21-11-2023,5,Summer Maxi Dress,22,1306.821426,3.485577936,0,0,,,83.35424146,0.20097873
21-11-2023,6,Bridal Gown,14,1306.821426,3.485577936,0,0,,,83.35424146,0.20097873
21-11-2023,7,Traditional Ethnic Dress,10,1306.821426,3.485577936,0,0,,,83.35424146,0.20097873
21-11-2023,8,Maternity Nursing Dress,21,1306.821426,3.485577936,0,0,,,83.35424146,0.20097873
21-11-2023,9,Sporty Athleisure Dress,20,1306.821426,3.485577936,0,0,,,83.35424146,0.20097873
21-11-2023,10,Customizable Dress,26,1306.821426,3.485577936,0,0,,,83.35424146,0.20097873
22-11-2023,1,Floral Sundress,13,1018.802792,4.561856343,1,1,,,61.87923035,0.468139469
22-11-2023,2,Evening Gown,24,1018.802792,4.561856343,1,1,,,61.87923035,0.468139469
22-11-2023,3,Business Casual Dress,18,1018.802792,4.561856343,1,1,,,61.87923035,0.468139469
22-11-2023,4,Sequin Party Dress,29,1018.802792,4.561856343,1,1,,,61.87923035,0.468139469
22-11-2023,5,Summer Maxi Dress,28,1018.802792,4.561856343,1,1,,,61.87923035,0.468139469
22-11-2023,6,Bridal Gown,28,1018.802792,4.561856343,1,1,,,61.87923035,0.468139469
22-11-2023,7,Traditional Ethnic Dress,21,1018.802792,4.561856343,1,1,,,61.87923035,0.468139469
22-11-2023,8,Maternity Nursing Dress,14,1018.802792,4.561856343,1,1,,,61.87923035,0.468139469
22-11-2023,9,Sporty Athleisure Dress,19,1018.802792,4.561856343,1,1,,,61.87923035,0.468139469
22-11-2023,10,Customizable Dress,26,1018.802792,4.561856343,1,1,,,61.87923035,0.468139469
23-11-2023,1,Floral Sundress,14,1271.425855,1.979602301,0,0,,,75.36280367,0.082597854
23-11-2023,2,Evening Gown,25,1271.425855,1.979602301,0,0,,,75.36280367,0.082597854
23-11-2023,3,Business Casual Dress,16,1271.425855,1.979602301,0,0,,,75.36280367,0.082597854
23-11-2023,4,Sequin Party Dress,18,1271.425855,1.979602301,0,0,,,75.36280367,0.082597854
23-11-2023,5,Summer Maxi Dress,12,1271.425855,1.979602301,0,0,,,75.36280367,0.082597854
23-11-2023,6,Bridal Gown,24,1271.425855,1.979602301,0,0,,,75.36280367,0.082597854
23-11-2023,7,Traditional Ethnic Dress,25,1271.425855,1.979602301,0,0,,,75.36280367,0.082597854
23-11-2023,8,Maternity Nursing Dress,27,1271.425855,1.979602301,0,0,,,75.36280367,0.082597854
23-11-2023,9,Sporty Athleisure Dress,23,1271.425855,1.979602301,0,0,,,75.36280367,0.082597854
23-11-2023,10,Customizable Dress,12,1271.425855,1.979602301,0,0,,,75.36280367,0.082597854
24-11-2023,1,Floral Sundress,21,1929.32048,3.598269405,0,0,,,88.14137569,0.389274814
24-11-2023,2,Evening Gown,18,1929.32048,3.598269405,0,0,,,88.14137569,0.389274814
24-11-2023,3,Business Casual Dress,16,1929.32048,3.598269405,0,0,,,88.14137569,0.389274814
24-11-2023,4,Sequin Party Dress,18,1929.32048,3.598269405,0,0,,,88.14137569,0.389274814
24-11-2023,5,Summer Maxi Dress,22,1929.32048,3.598269405,0,0,,,88.14137569,0.389274814
24-11-2023,6,Bridal Gown,27,1929.32048,3.598269405,0,0,,,88.14137569,0.389274814
24-11-2023,7,Traditional Ethnic Dress,14,1929.32048,3.598269405,0,0,,,88.14137569,0.389274814
24-11-2023,8,Maternity Nursing Dress,22,1929.32048,3.598269405,0,0,,,88.14137569,0.389274814
24-11-2023,9,Sporty Athleisure Dress,13,1929.32048,3.598269405,0,0,,,88.14137569,0.389274814
24-11-2023,10,Customizable Dress,11,1929.32048,3.598269405,0,0,,,88.14137569,0.389274814
25-11-2023,1,Floral Sundress,25,1080.772331,3.451820881,0,1,,,65.12048815,0.452571779
25-11-2023,2,Evening Gown,18,1080.772331,3.451820881,0,1,,,65.12048815,0.452571779
25-11-2023,3,Business Casual Dress,18,1080.772331,3.451820881,0,1,,,65.12048815,0.452571779
25-11-2023,4,Sequin Party Dress,15,1080.772331,3.451820881,0,1,,,65.12048815,0.452571779
25-11-2023,5,Summer Maxi Dress,20,1080.772331,3.451820881,0,1,,,65.12048815,0.452571779
25-11-2023,6,Bridal Gown,10,1080.772331,3.451820881,0,1,,,65.12048815,0.452571779
25-11-2023,7,Traditional Ethnic Dress,13,1080.772331,3.451820881,0,1,,,65.12048815,0.452571779
25-11-2023,8,Maternity Nursing Dress,22,1080.772331,3.451820881,0,1,,,65.12048815,0.452571779
25-11-2023,9,Sporty Athleisure Dress,22,1080.772331,3.451820881,0,1,,,65.12048815,0.452571779
25-11-2023,10,Customizable Dress,22,1080.772331,3.451820881,0,1,,,65.12048815,0.452571779
26-11-2023,1,Floral Sundress,11,1555.018475,2.159389654,1,0,,,88.52882957,0.152803661
26-11-2023,2,Evening Gown,18,1555.018475,2.159389654,1,0,,,88.52882957,0.152803661
26-11-2023,3,Business Casual Dress,17,1555.018475,2.159389654,1,0,,,88.52882957,0.152803661
26-11-2023,4,Sequin Party Dress,16,1555.018475,2.159389654,1,0,,,88.52882957,0.152803661
26-11-2023,5,Summer Maxi Dress,13,1555.018475,2.159389654,1,0,,,88.52882957,0.152803661
26-11-2023,6,Bridal Gown,27,1555.018475,2.159389654,1,0,,,88.52882957,0.152803661
26-11-2023,7,Traditional Ethnic Dress,12,1555.018475,2.159389654,1,0,,,88.52882957,0.152803661
26-11-2023,8,Maternity Nursing Dress,15,1555.018475,2.159389654,1,0,,,88.52882957,0.152803661
26-11-2023,9,Sporty Athleisure Dress,21,1555.018475,2.159389654,1,0,,,88.52882957,0.152803661
26-11-2023,10,Customizable Dress,21,1555.018475,2.159389654,1,0,,,88.52882957,0.152803661
27-11-2023,1,Floral Sundress,17,1627.473568,2.992354024,1,1,,,65.6468673,0.038178999
27-11-2023,2,Evening Gown,10,1627.473568,2.992354024,1,1,,,65.6468673,0.038178999
27-11-2023,3,Business Casual Dress,13,1627.473568,2.992354024,1,1,,,65.6468673,0.038178999
27-11-2023,4,Sequin Party Dress,20,1627.473568,2.992354024,1,1,,,65.6468673,0.038178999
27-11-2023,5,Summer Maxi Dress,12,1627.473568,2.992354024,1,1,,,65.6468673,0.038178999
27-11-2023,6,Bridal Gown,22,1627.473568,2.992354024,1,1,,,65.6468673,0.038178999
27-11-2023,7,Traditional Ethnic Dress,26,1627.473568,2.992354024,1,1,,,65.6468673,0.038178999
27-11-2023,8,Maternity Nursing Dress,19,1627.473568,2.992354024,1,1,,,65.6468673,0.038178999
27-11-2023,9,Sporty Athleisure Dress,21,1627.473568,2.992354024,1,1,,,65.6468673,0.038178999
27-11-2023,10,Customizable Dress,24,1627.473568,2.992354024,1,1,,,65.6468673,0.038178999
28-11-2023,1,Floral Sundress,19,1379.291781,2.660338417,0,0,,,81.09400791,0.690800769
28-11-2023,2,Evening Gown,23,1379.291781,2.660338417,0,0,,,81.09400791,0.690800769
28-11-2023,3,Business Casual Dress,22,1379.291781,2.660338417,0,0,,,81.09400791,0.690800769
28-11-2023,4,Sequin Party Dress,14,1379.291781,2.660338417,0,0,,,81.09400791,0.690800769
28-11-2023,5,Summer Maxi Dress,15,1379.291781,2.660338417,0,0,,,81.09400791,0.690800769
28-11-2023,6,Bridal Gown,11,1379.291781,2.660338417,0,0,,,81.09400791,0.690800769
28-11-2023,7,Traditional Ethnic Dress,26,1379.291781,2.660338417,0,0,,,81.09400791,0.690800769
28-11-2023,8,Maternity Nursing Dress,13,1379.291781,2.660338417,0,0,,,81.09400791,0.690800769
28-11-2023,9,Sporty Athleisure Dress,23,1379.291781,2.660338417,0,0,,,81.09400791,0.690800769
28-11-2023,10,Customizable Dress,19,1379.291781,2.660338417,0,0,,,81.09400791,0.690800769
29-11-2023,1,Floral Sundress,12,1077.322385,3.536404454,0,1,,,64.66888223,0.976615262
29-11-2023,2,Evening Gown,12,1077.322385,3.536404454,0,1,,,64.66888223,0.976615262
29-11-2023,3,Business Casual Dress,24,1077.322385,3.536404454,0,1,,,64.66888223,0.976615262
29-11-2023,4,Sequin Party Dress,15,1077.322385,3.536404454,0,1,,,64.66888223,0.976615262
29-11-2023,5,Summer Maxi Dress,26,1077.322385,3.536404454,0,1,,,64.66888223,0.976615262
29-11-2023,6,Bridal Gown,21,1077.322385,3.536404454,0,1,,,64.66888223,0.976615262
29-11-2023,7,Traditional Ethnic Dress,29,1077.322385,3.536404454,0,1,,,64.66888223,0.976615262
29-11-2023,8,Maternity Nursing Dress,20,1077.322385,3.536404454,0,1,,,64.66888223,0.976615262
29-11-2023,9,Sporty Athleisure Dress,13,1077.322385,3.536404454,0,1,,,64.66888223,0.976615262
29-11-2023,10,Customizable Dress,15,1077.322385,3.536404454,0,1,,,64.66888223,0.976615262
30-11-2023,1,Floral Sundress,10,1690.611663,1.239039779,1,1,,,53.41438485,0.25374624
30-11-2023,2,Evening Gown,29,1690.611663,1.239039779,1,1,,,53.41438485,0.25374624
30-11-2023,3,Business Casual Dress,25,1690.611663,1.239039779,1,1,,,53.41438485,0.25374624
30-11-2023,4,Sequin Party Dress,24,1690.611663,1.239039779,1,1,,,53.41438485,0.25374624
30-11-2023,5,Summer Maxi Dress,26,1690.611663,1.239039779,1,1,,,53.41438485,0.25374624
30-11-2023,6,Bridal Gown,17,1690.611663,1.239039779,1,1,,,53.41438485,0.25374624
30-11-2023,7,Traditional Ethnic Dress,21,1690.611663,1.239039779,1,1,,,53.41438485,0.25374624
30-11-2023,8,Maternity Nursing Dress,19,1690.611663,1.239039779,1,1,,,53.41438485,0.25374624
30-11-2023,9,Sporty Athleisure Dress,24,1690.611663,1.239039779,1,1,,,53.41438485,0.25374624
30-11-2023,10,Customizable Dress,18,1690.611663,1.239039779,1,1,,,53.41438485,0.25374624
01-12-2023,1,Floral Sundress,11,1058.19387,3.575589381,1,1,,,58.03584151,0.541896809
01-12-2023,2,Evening Gown,14,1058.19387,3.575589381,1,1,,,58.03584151,0.541896809
01-12-2023,3,Business Casual Dress,15,1058.19387,3.575589381,1,1,,,58.03584151,0.541896809
01-12-2023,4,Sequin Party Dress,16,1058.19387,3.575589381,1,1,,,58.03584151,0.541896809
01-12-2023,5,Summer Maxi Dress,10,1058.19387,3.575589381,1,1,,,58.03584151,0.541896809
01-12-2023,6,Bridal Gown,16,1058.19387,3.575589381,1,1,,,58.03584151,0.541896809
01-12-2023,7,Traditional Ethnic Dress,29,1058.19387,3.575589381,1,1,,,58.03584151,0.541896809
01-12-2023,8,Maternity Nursing Dress,21,1058.19387,3.575589381,1,1,,,58.03584151,0.541896809
01-12-2023,9,Sporty Athleisure Dress,25,1058.19387,3.575589381,1,1,,,58.03584151,0.541896809
01-12-2023,10,Customizable Dress,25,1058.19387,3.575589381,1,1,,,58.03584151,0.541896809
02-12-2023,1,Floral Sundress,20,1268.847576,1.420247606,1,0,,,77.01972206,0.213632737
02-12-2023,2,Evening Gown,13,1268.847576,1.420247606,1,0,,,77.01972206,0.213632737
02-12-2023,3,Business Casual Dress,22,1268.847576,1.420247606,1,0,,,77.01972206,0.213632737
02-12-2023,4,Sequin Party Dress,16,1268.847576,1.420247606,1,0,,,77.01972206,0.213632737
02-12-2023,5,Summer Maxi Dress,13,1268.847576,1.420247606,1,0,,,77.01972206,0.213632737
02-12-2023,6,Bridal Gown,24,1268.847576,1.420247606,1,0,,,77.01972206,0.213632737
02-12-2023,7,Traditional Ethnic Dress,28,1268.847576,1.420247606,1,0,,,77.01972206,0.213632737
02-12-2023,8,Maternity Nursing Dress,18,1268.847576,1.420247606,1,0,,,77.01972206,0.213632737
02-12-2023,9,Sporty Athleisure Dress,20,1268.847576,1.420247606,1,0,,,77.01972206,0.213632737
02-12-2023,10,Customizable Dress,17,1268.847576,1.420247606,1,0,,,77.01972206,0.213632737
03-12-2023,1,Floral Sundress,10,1282.362791,1.016932327,1,1,,,86.23379593,0.622257408
03-12-2023,2,Evening Gown,17,1282.362791,1.016932327,1,1,,,86.23379593,0.622257408
03-12-2023,3,Business Casual Dress,22,1282.362791,1.016932327,1,1,,,86.23379593,0.622257408
03-12-2023,4,Sequin Party Dress,13,1282.362791,1.016932327,1,1,,,86.23379593,0.622257408
03-12-2023,5,Summer Maxi Dress,17,1282.362791,1.016932327,1,1,,,86.23379593,0.622257408
03-12-2023,6,Bridal Gown,12,1282.362791,1.016932327,1,1,,,86.23379593,0.622257408
03-12-2023,7,Traditional Ethnic Dress,18,1282.362791,1.016932327,1,1,,,86.23379593,0.622257408
03-12-2023,8,Maternity Nursing Dress,11,1282.362791,1.016932327,1,1,,,86.23379593,0.622257408
03-12-2023,9,Sporty Athleisure Dress,11,1282.362791,1.016932327,1,1,,,86.23379593,0.622257408
03-12-2023,10,Customizable Dress,22,1282.362791,1.016932327,1,1,,,86.23379593,0.622257408
04-12-2023,1,Floral Sundress,24,1374.430386,2.465572221,1,0,,,58.73220988,0.014189245
04-12-2023,2,Evening Gown,21,1374.430386,2.465572221,1,0,,,58.73220988,0.014189245
04-12-2023,3,Business Casual Dress,13,1374.430386,2.465572221,1,0,,,58.73220988,0.014189245
04-12-2023,4,Sequin Party Dress,17,1374.430386,2.465572221,1,0,,,58.73220988,0.014189245
04-12-2023,5,Summer Maxi Dress,18,1374.430386,2.465572221,1,0,,,58.73220988,0.014189245
04-12-2023,6,Bridal Gown,14,1374.430386,2.465572221,1,0,,,58.73220988,0.014189245
04-12-2023,7,Traditional Ethnic Dress,29,1374.430386,2.465572221,1,0,,,58.73220988,0.014189245
04-12-2023,8,Maternity Nursing Dress,27,1374.430386,2.465572221,1,0,,,58.73220988,0.014189245
04-12-2023,9,Sporty Athleisure Dress,20,1374.430386,2.465572221,1,0,,,58.73220988,0.014189245
04-12-2023,10,Customizable Dress,24,1374.430386,2.465572221,1,0,,,58.73220988,0.014189245
05-12-2023,1,Floral Sundress,18,1994.495142,2.588836533,1,0,,,61.60757388,0.551121084
05-12-2023,2,Evening Gown,26,1994.495142,2.588836533,1,0,,,61.60757388,0.551121084
05-12-2023,3,Business Casual Dress,21,1994.495142,2.588836533,1,0,,,61.60757388,0.551121084
05-12-2023,4,Sequin Party Dress,16,1994.495142,2.588836533,1,0,,,61.60757388,0.551121084
05-12-2023,5,Summer Maxi Dress,19,1994.495142,2.588836533,1,0,,,61.60757388,0.551121084
05-12-2023,6,Bridal Gown,19,1994.495142,2.588836533,1,0,,,61.60757388,0.551121084
05-12-2023,7,Traditional Ethnic Dress,22,1994.495142,2.588836533,1,0,,,61.60757388,0.551121084
05-12-2023,8,Maternity Nursing Dress,28,1994.495142,2.588836533,1,0,,,61.60757388,0.551121084
05-12-2023,9,Sporty Athleisure Dress,20,1994.495142,2.588836533,1,0,,,61.60757388,0.551121084
05-12-2023,10,Customizable Dress,22,1994.495142,2.588836533,1,0,,,61.60757388,0.551121084
06-12-2023,1,Floral Sundress,17,1645.624606,4.674215452,0,1,,,86.44228364,0.263680855
06-12-2023,2,Evening Gown,17,1645.624606,4.674215452,0,1,,,86.44228364,0.263680855
06-12-2023,3,Business Casual Dress,13,1645.624606,4.674215452,0,1,,,86.44228364,0.263680855
06-12-2023,4,Sequin Party Dress,24,1645.624606,4.674215452,0,1,,,86.44228364,0.263680855
06-12-2023,5,Summer Maxi Dress,20,1645.624606,4.674215452,0,1,,,86.44228364,0.263680855
06-12-2023,6,Bridal Gown,20,1645.624606,4.674215452,0,1,,,86.44228364,0.263680855
06-12-2023,7,Traditional Ethnic Dress,10,1645.624606,4.674215452,0,1,,,86.44228364,0.263680855
06-12-2023,8,Maternity Nursing Dress,26,1645.624606,4.674215452,0,1,,,86.44228364,0.263680855
06-12-2023,9,Sporty Athleisure Dress,24,1645.624606,4.674215452,0,1,,,86.44228364,0.263680855
06-12-2023,10,Customizable Dress,29,1645.624606,4.674215452,0,1,,,86.44228364,0.263680855
07-12-2023,1,Floral Sundress,15,1867.081774,2.496853396,1,0,,,71.26929925,0.503500504
07-12-2023,2,Evening Gown,24,1867.081774,2.496853396,1,0,,,71.26929925,0.503500504
07-12-2023,3,Business Casual Dress,18,1867.081774,2.496853396,1,0,,,71.26929925,0.503500504
07-12-2023,4,Sequin Party Dress,23,1867.081774,2.496853396,1,0,,,71.26929925,0.503500504
07-12-2023,5,Summer Maxi Dress,27,1867.081774,2.496853396,1,0,,,71.26929925,0.503500504
07-12-2023,6,Bridal Gown,26,1867.081774,2.496853396,1,0,,,71.26929925,0.503500504
07-12-2023,7,Traditional Ethnic Dress,27,1867.081774,2.496853396,1,0,,,71.26929925,0.503500504
07-12-2023,8,Maternity Nursing Dress,14,1867.081774,2.496853396,1,0,,,71.26929925,0.503500504
07-12-2023,9,Sporty Athleisure Dress,29,1867.081774,2.496853396,1,0,,,71.26929925,0.503500504
07-12-2023,10,Customizable Dress,29,1867.081774,2.496853396,1,0,,,71.26929925,0.503500504
08-12-2023,1,Floral Sundress,18,1781.370507,2.591513145,1,1,,,55.58442051,0.533090942
08-12-2023,2,Evening Gown,20,1781.370507,2.591513145,1,1,,,55.58442051,0.533090942
08-12-2023,3,Business Casual Dress,10,1781.370507,2.591513145,1,1,,,55.58442051,0.533090942
08-12-2023,4,Sequin Party Dress,27,1781.370507,2.591513145,1,1,,,55.58442051,0.533090942
08-12-2023,5,Summer Maxi Dress,15,1781.370507,2.591513145,1,1,,,55.58442051,0.533090942
08-12-2023,6,Bridal Gown,11,1781.370507,2.591513145,1,1,,,55.58442051,0.533090942
08-12-2023,7,Traditional Ethnic Dress,24,1781.370507,2.591513145,1,1,,,55.58442051,0.533090942
08-12-2023,8,Maternity Nursing Dress,23,1781.370507,2.591513145,1,1,,,55.58442051,0.533090942
08-12-2023,9,Sporty Athleisure Dress,14,1781.370507,2.591513145,1,1,,,55.58442051,0.533090942
08-12-2023,10,Customizable Dress,15,1781.370507,2.591513145,1,1,,,55.58442051,0.533090942
09-12-2023,1,Floral Sundress,15,1275.259563,4.6845116,0,0,,,82.64072125,0.261247627
09-12-2023,2,Evening Gown,27,1275.259563,4.6845116,0,0,,,82.64072125,0.261247627
09-12-2023,3,Business Casual Dress,23,1275.259563,4.6845116,0,0,,,82.64072125,0.261247627
09-12-2023,4,Sequin Party Dress,19,1275.259563,4.6845116,0,0,,,82.64072125,0.261247627
09-12-2023,5,Summer Maxi Dress,23,1275.259563,4.6845116,0,0,,,82.64072125,0.261247627
09-12-2023,6,Bridal Gown,22,1275.259563,4.6845116,0,0,,,82.64072125,0.261247627
09-12-2023,7,Traditional Ethnic Dress,12,1275.259563,4.6845116,0,0,,,82.64072125,0.261247627
09-12-2023,8,Maternity Nursing Dress,15,1275.259563,4.6845116,0,0,,,82.64072125,0.261247627
09-12-2023,9,Sporty Athleisure Dress,17,1275.259563,4.6845116,0,0,,,82.64072125,0.261247627
09-12-2023,10,Customizable Dress,21,1275.259563,4.6845116,0,0,,,82.64072125,0.261247627
10-12-2023,1,Floral Sundress,22,1552.496579,2.857447351,0,0,,,73.6433841,0.258490588
10-12-2023,2,Evening Gown,20,1552.496579,2.857447351,0,0,,,73.6433841,0.258490588
10-12-2023,3,Business Casual Dress,21,1552.496579,2.857447351,0,0,,,73.6433841,0.258490588
10-12-2023,4,Sequin Party Dress,10,1552.496579,2.857447351,0,0,,,73.6433841,0.258490588
10-12-2023,5,Summer Maxi Dress,26,1552.496579,2.857447351,0,0,,,73.6433841,0.258490588
10-12-2023,6,Bridal Gown,25,1552.496579,2.857447351,0,0,,,73.6433841,0.258490588
10-12-2023,7,Traditional Ethnic Dress,20,1552.496579,2.857447351,0,0,,,73.6433841,0.258490588
10-12-2023,8,Maternity Nursing Dress,22,1552.496579,2.857447351,0,0,,,73.6433841,0.258490588
10-12-2023,9,Sporty Athleisure Dress,27,1552.496579,2.857447351,0,0,,,73.6433841,0.258490588
10-12-2023,10,Customizable Dress,20,1552.496579,2.857447351,0,0,,,73.6433841,0.258490588
11-12-2023,1,Floral Sundress,21,1652.016167,3.6943968,0,1,,,71.62248769,0.573218893
11-12-2023,2,Evening Gown,15,1652.016167,3.6943968,0,1,,,71.62248769,0.573218893
11-12-2023,3,Business Casual Dress,18,1652.016167,3.6943968,0,1,,,71.62248769,0.573218893
11-12-2023,4,Sequin Party Dress,25,1652.016167,3.6943968,0,1,,,71.62248769,0.573218893
11-12-2023,5,Summer Maxi Dress,13,1652.016167,3.6943968,0,1,,,71.62248769,0.573218893
11-12-2023,6,Bridal Gown,12,1652.016167,3.6943968,0,1,,,71.62248769,0.573218893
11-12-2023,7,Traditional Ethnic Dress,25,1652.016167,3.6943968,0,1,,,71.62248769,0.573218893
11-12-2023,8,Maternity Nursing Dress,21,1652.016167,3.6943968,0,1,,,71.62248769,0.573218893
11-12-2023,9,Sporty Athleisure Dress,20,1652.016167,3.6943968,0,1,,,71.62248769,0.573218893
11-12-2023,10,Customizable Dress,14,1652.016167,3.6943968,0,1,,,71.62248769,0.573218893
12-12-2023,1,Floral Sundress,27,1818.903035,3.935621844,1,0,,,60.16175316,0.087611879
12-12-2023,2,Evening Gown,28,1818.903035,3.935621844,1,0,,,60.16175316,0.087611879
12-12-2023,3,Business Casual Dress,15,1818.903035,3.935621844,1,0,,,60.16175316,0.087611879
12-12-2023,4,Sequin Party Dress,27,1818.903035,3.935621844,1,0,,,60.16175316,0.087611879
12-12-2023,5,Summer Maxi Dress,15,1818.903035,3.935621844,1,0,,,60.16175316,0.087611879
12-12-2023,6,Bridal Gown,13,1818.903035,3.935621844,1,0,,,60.16175316,0.087611879
12-12-2023,7,Traditional Ethnic Dress,21,1818.903035,3.935621844,1,0,,,60.16175316,0.087611879
12-12-2023,8,Maternity Nursing Dress,28,1818.903035,3.935621844,1,0,,,60.16175316,0.087611879
12-12-2023,9,Sporty Athleisure Dress,11,1818.903035,3.935621844,1,0,,,60.16175316,0.087611879
12-12-2023,10,Customizable Dress,26,1818.903035,3.935621844,1,0,,,60.16175316,0.087611879
13-12-2023,1,Floral Sundress,20,1025.034832,2.247843847,0,1,,,77.69537156,0.874020279
13-12-2023,2,Evening Gown,20,1025.034832,2.247843847,0,1,,,77.69537156,0.874020279
13-12-2023,3,Business Casual Dress,25,1025.034832,2.247843847,0,1,,,77.69537156,0.874020279
13-12-2023,4,Sequin Party Dress,11,1025.034832,2.247843847,0,1,,,77.69537156,0.874020279
13-12-2023,5,Summer Maxi Dress,11,1025.034832,2.247843847,0,1,,,77.69537156,0.874020279
13-12-2023,6,Bridal Gown,17,1025.034832,2.247843847,0,1,,,77.69537156,0.874020279
13-12-2023,7,Traditional Ethnic Dress,22,1025.034832,2.247843847,0,1,,,77.69537156,0.874020279
13-12-2023,8,Maternity Nursing Dress,19,1025.034832,2.247843847,0,1,,,77.69537156,0.874020279
13-12-2023,9,Sporty Athleisure Dress,17,1025.034832,2.247843847,0,1,,,77.69537156,0.874020279
13-12-2023,10,Customizable Dress,13,1025.034832,2.247843847,0,1,,,77.69537156,0.874020279
14-12-2023,1,Floral Sundress,24,1353.869133,3.141869281,0,1,,,87.73120458,0.89769405
14-12-2023,2,Evening Gown,10,1353.869133,3.141869281,0,1,,,87.73120458,0.89769405
14-12-2023,3,Business Casual Dress,20,1353.869133,3.141869281,0,1,,,87.73120458,0.89769405
14-12-2023,4,Sequin Party Dress,16,1353.869133,3.141869281,0,1,,,87.73120458,0.89769405
14-12-2023,5,Summer Maxi Dress,26,1353.869133,3.141869281,0,1,,,87.73120458,0.89769405
14-12-2023,6,Bridal Gown,29,1353.869133,3.141869281,0,1,,,87.73120458,0.89769405
14-12-2023,7,Traditional Ethnic Dress,27,1353.869133,3.141869281,0,1,,,87.73120458,0.89769405
14-12-2023,8,Maternity Nursing Dress,21,1353.869133,3.141869281,0,1,,,87.73120458,0.89769405
14-12-2023,9,Sporty Athleisure Dress,18,1353.869133,3.141869281,0,1,,,87.73120458,0.89769405
14-12-2023,10,Customizable Dress,14,1353.869133,3.141869281,0,1,,,87.73120458,0.89769405
15-12-2023,1,Floral Sundress,19,1116.180276,2.711181111,1,0,,,81.92984841,0.887189692
15-12-2023,2,Evening Gown,13,1116.180276,2.711181111,1,0,,,81.92984841,0.887189692
15-12-2023,3,Business Casual Dress,14,1116.180276,2.711181111,1,0,,,81.92984841,0.887189692
15-12-2023,4,Sequin Party Dress,19,1116.180276,2.711181111,1,0,,,81.92984841,0.887189692
15-12-2023,5,Summer Maxi Dress,20,1116.180276,2.711181111,1,0,,,81.92984841,0.887189692
15-12-2023,6,Bridal Gown,19,1116.180276,2.711181111,1,0,,,81.92984841,0.887189692
15-12-2023,7,Traditional Ethnic Dress,17,1116.180276,2.711181111,1,0,,,81.92984841,0.887189692
15-12-2023,8,Maternity Nursing Dress,11,1116.180276,2.711181111,1,0,,,81.92984841,0.887189692
15-12-2023,9,Sporty Athleisure Dress,17,1116.180276,2.711181111,1,0,,,81.92984841,0.887189692
15-12-2023,10,Customizable Dress,25,1116.180276,2.711181111,1,0,,,81.92984841,0.887189692
16-12-2023,1,Floral Sundress,14,1248.700595,1.048927129,1,1,,,66.3912842,0.606349977
16-12-2023,2,Evening Gown,12,1248.700595,1.048927129,1,1,,,66.3912842,0.606349977
16-12-2023,3,Business Casual Dress,21,1248.700595,1.048927129,1,1,,,66.3912842,0.606349977
16-12-2023,4,Sequin Party Dress,22,1248.700595,1.048927129,1,1,,,66.3912842,0.606349977
16-12-2023,5,Summer Maxi Dress,22,1248.700595,1.048927129,1,1,,,66.3912842,0.606349977
16-12-2023,6,Bridal Gown,19,1248.700595,1.048927129,1,1,,,66.3912842,0.606349977
16-12-2023,7,Traditional Ethnic Dress,13,1248.700595,1.048927129,1,1,,,66.3912842,0.606349977
16-12-2023,8,Maternity Nursing Dress,18,1248.700595,1.048927129,1,1,,,66.3912842,0.606349977
16-12-2023,9,Sporty Athleisure Dress,11,1248.700595,1.048927129,1,1,,,66.3912842,0.606349977
16-12-2023,10,Customizable Dress,28,1248.700595,1.048927129,1,1,,,66.3912842,0.606349977
17-12-2023,1,Floral Sundress,10,1447.229471,4.263585986,1,0,,,68.68606047,0.076732961
17-12-2023,2,Evening Gown,16,1447.229471,4.263585986,1,0,,,68.68606047,0.076732961
17-12-2023,3,Business Casual Dress,26,1447.229471,4.263585986,1,0,,,68.68606047,0.076732961
17-12-2023,4,Sequin Party Dress,12,1447.229471,4.263585986,1,0,,,68.68606047,0.076732961
17-12-2023,5,Summer Maxi Dress,29,1447.229471,4.263585986,1,0,,,68.68606047,0.076732961
17-12-2023,6,Bridal Gown,29,1447.229471,4.263585986,1,0,,,68.68606047,0.076732961
17-12-2023,7,Traditional Ethnic Dress,12,1447.229471,4.263585986,1,0,,,68.68606047,0.076732961
17-12-2023,8,Maternity Nursing Dress,12,1447.229471,4.263585986,1,0,,,68.68606047,0.076732961
17-12-2023,9,Sporty Athleisure Dress,26,1447.229471,4.263585986,1,0,,,68.68606047,0.076732961
17-12-2023,10,Customizable Dress,16,1447.229471,4.263585986,1,0,,,68.68606047,0.076732961
18-12-2023,1,Floral Sundress,23,1949.703664,2.618670416,1,0,,,86.31223066,0.282836616
18-12-2023,2,Evening Gown,26,1949.703664,2.618670416,1,0,,,86.31223066,0.282836616
18-12-2023,3,Business Casual Dress,27,1949.703664,2.618670416,1,0,,,86.31223066,0.282836616
18-12-2023,4,Sequin Party Dress,22,1949.703664,2.618670416,1,0,,,86.31223066,0.282836616
18-12-2023,5,Summer Maxi Dress,29,1949.703664,2.618670416,1,0,,,86.31223066,0.282836616
18-12-2023,6,Bridal Gown,29,1949.703664,2.618670416,1,0,,,86.31223066,0.282836616
18-12-2023,7,Traditional Ethnic Dress,27,1949.703664,2.618670416,1,0,,,86.31223066,0.282836616
18-12-2023,8,Maternity Nursing Dress,13,1949.703664,2.618670416,1,0,,,86.31223066,0.282836616
18-12-2023,9,Sporty Athleisure Dress,10,1949.703664,2.618670416,1,0,,,86.31223066,0.282836616
18-12-2023,10,Customizable Dress,27,1949.703664,2.618670416,1,0,,,86.31223066,0.282836616
19-12-2023,1,Floral Sundress,10,1589.299539,3.13446384,0,1,,,69.22006672,0.297123218
19-12-2023,2,Evening Gown,22,1589.299539,3.13446384,0,1,,,69.22006672,0.297123218
19-12-2023,3,Business Casual Dress,29,1589.299539,3.13446384,0,1,,,69.22006672,0.297123218
19-12-2023,4,Sequin Party Dress,29,1589.299539,3.13446384,0,1,,,69.22006672,0.297123218
19-12-2023,5,Summer Maxi Dress,19,1589.299539,3.13446384,0,1,,,69.22006672,0.297123218
19-12-2023,6,Bridal Gown,20,1589.299539,3.13446384,0,1,,,69.22006672,0.297123218
19-12-2023,7,Traditional Ethnic Dress,18,1589.299539,3.13446384,0,1,,,69.22006672,0.297123218
19-12-2023,8,Maternity Nursing Dress,18,1589.299539,3.13446384,0,1,,,69.22006672,0.297123218
19-12-2023,9,Sporty Athleisure Dress,14,1589.299539,3.13446384,0,1,,,69.22006672,0.297123218
19-12-2023,10,Customizable Dress,10,1589.299539,3.13446384,0,1,,,69.22006672,0.297123218
20-12-2023,1,Floral Sundress,26,1550.051466,2.650623158,0,0,,,77.89614145,0.018784487
20-12-2023,2,Evening Gown,11,1550.051466,2.650623158,0,0,,,77.89614145,0.018784487
20-12-2023,3,Business Casual Dress,22,1550.051466,2.650623158,0,0,,,77.89614145,0.018784487
20-12-2023,4,Sequin Party Dress,18,1550.051466,2.650623158,0,0,,,77.89614145,0.018784487
20-12-2023,5,Summer Maxi Dress,13,1550.051466,2.650623158,0,0,,,77.89614145,0.018784487
20-12-2023,6,Bridal Gown,14,1550.051466,2.650623158,0,0,,,77.89614145,0.018784487
20-12-2023,7,Traditional Ethnic Dress,20,1550.051466,2.650623158,0,0,,,77.89614145,0.018784487
20-12-2023,8,Maternity Nursing Dress,28,1550.051466,2.650623158,0,0,,,77.89614145,0.018784487
20-12-2023,9,Sporty Athleisure Dress,12,1550.051466,2.650623158,0,0,,,77.89614145,0.018784487
20-12-2023,10,Customizable Dress,21,1550.051466,2.650623158,0,0,,,77.89614145,0.018784487
21-12-2023,1,Floral Sundress,28,1848.17793,3.81284383,0,1,,,80.92202234,0.686845945
21-12-2023,2,Evening Gown,28,1848.17793,3.81284383,0,1,,,80.92202234,0.686845945
21-12-2023,3,Business Casual Dress,22,1848.17793,3.81284383,0,1,,,80.92202234,0.686845945
21-12-2023,4,Sequin Party Dress,16,1848.17793,3.81284383,0,1,,,80.92202234,0.686845945
21-12-2023,5,Summer Maxi Dress,24,1848.17793,3.81284383,0,1,,,80.92202234,0.686845945
21-12-2023,6,Bridal Gown,16,1848.17793,3.81284383,0,1,,,80.92202234,0.686845945
21-12-2023,7,Traditional Ethnic Dress,17,1848.17793,3.81284383,0,1,,,80.92202234,0.686845945
21-12-2023,8,Maternity Nursing Dress,14,1848.17793,3.81284383,0,1,,,80.92202234,0.686845945
21-12-2023,9,Sporty Athleisure Dress,23,1848.17793,3.81284383,0,1,,,80.92202234,0.686845945
21-12-2023,10,Customizable Dress,13,1848.17793,3.81284383,0,1,,,80.92202234,0.686845945
22-12-2023,1,Floral Sundress,19,1392.783104,2.942622622,1,0,,,88.80658332,0.674815713
22-12-2023,2,Evening Gown,29,1392.783104,2.942622622,1,0,,,88.80658332,0.674815713
22-12-2023,3,Business Casual Dress,24,1392.783104,2.942622622,1,0,,,88.80658332,0.674815713
22-12-2023,4,Sequin Party Dress,27,1392.783104,2.942622622,1,0,,,88.80658332,0.674815713
22-12-2023,5,Summer Maxi Dress,29,1392.783104,2.942622622,1,0,,,88.80658332,0.674815713
22-12-2023,6,Bridal Gown,22,1392.783104,2.942622622,1,0,,,88.80658332,0.674815713
22-12-2023,7,Traditional Ethnic Dress,17,1392.783104,2.942622622,1,0,,,88.80658332,0.674815713
22-12-2023,8,Maternity Nursing Dress,18,1392.783104,2.942622622,1,0,,,88.80658332,0.674815713
22-12-2023,9,Sporty Athleisure Dress,25,1392.783104,2.942622622,1,0,,,88.80658332,0.674815713
22-12-2023,10,Customizable Dress,28,1392.783104,2.942622622,1,0,,,88.80658332,0.674815713
23-12-2023,1,Floral Sundress,25,1116.64487,4.811504068,1,1,,,65.11583534,0.17691332
23-12-2023,2,Evening Gown,16,1116.64487,4.811504068,1,1,,,65.11583534,0.17691332
23-12-2023,3,Business Casual Dress,23,1116.64487,4.811504068,1,1,,,65.11583534,0.17691332
23-12-2023,4,Sequin Party Dress,23,1116.64487,4.811504068,1,1,,,65.11583534,0.17691332
23-12-2023,5,Summer Maxi Dress,13,1116.64487,4.811504068,1,1,,,65.11583534,0.17691332
23-12-2023,6,Bridal Gown,24,1116.64487,4.811504068,1,1,,,65.11583534,0.17691332
23-12-2023,7,Traditional Ethnic Dress,12,1116.64487,4.811504068,1,1,,,65.11583534,0.17691332
23-12-2023,8,Maternity Nursing Dress,14,1116.64487,4.811504068,1,1,,,65.11583534,0.17691332
23-12-2023,9,Sporty Athleisure Dress,10,1116.64487,4.811504068,1,1,,,65.11583534,0.17691332
23-12-2023,10,Customizable Dress,12,1116.64487,4.811504068,1,1,,,65.11583534,0.17691332
24-12-2023,1,Floral Sundress,24,1223.211273,1.553205934,1,1,,,88.21617904,0.567595589
24-12-2023,2,Evening Gown,17,1223.211273,1.553205934,1,1,,,88.21617904,0.567595589
24-12-2023,3,Business Casual Dress,13,1223.211273,1.553205934,1,1,,,88.21617904,0.567595589
24-12-2023,4,Sequin Party Dress,11,1223.211273,1.553205934,1,1,,,88.21617904,0.567595589
24-12-2023,5,Summer Maxi Dress,19,1223.211273,1.553205934,1,1,,,88.21617904,0.567595589
24-12-2023,6,Bridal Gown,13,1223.211273,1.553205934,1,1,,,88.21617904,0.567595589
24-12-2023,7,Traditional Ethnic Dress,12,1223.211273,1.553205934,1,1,,,88.21617904,0.567595589
24-12-2023,8,Maternity Nursing Dress,11,1223.211273,1.553205934,1,1,,,88.21617904,0.567595589
24-12-2023,9,Sporty Athleisure Dress,26,1223.211273,1.553205934,1,1,,,88.21617904,0.567595589
24-12-2023,10,Customizable Dress,29,1223.211273,1.553205934,1,1,,,88.21617904,0.567595589
25-12-2023,1,Floral Sundress,22,1087.801154,3.053489902,0,0,1,0,84.64419906,0.035457107
25-12-2023,2,Evening Gown,14,1087.801154,3.053489902,0,0,1,0,84.64419906,0.035457107
25-12-2023,3,Business Casual Dress,18,1087.801154,3.053489902,0,0,1,0,84.64419906,0.035457107
25-12-2023,4,Sequin Party Dress,15,1087.801154,3.053489902,0,0,1,0,84.64419906,0.035457107
25-12-2023,5,Summer Maxi Dress,14,1087.801154,3.053489902,0,0,1,0,84.64419906,0.035457107
25-12-2023,6,Bridal Gown,19,1087.801154,3.053489902,0,0,1,0,84.64419906,0.035457107
25-12-2023,7,Traditional Ethnic Dress,17,1087.801154,3.053489902,0,0,1,0,84.64419906,0.035457107
25-12-2023,8,Maternity Nursing Dress,16,1087.801154,3.053489902,0,0,1,0,84.64419906,0.035457107
25-12-2023,9,Sporty Athleisure Dress,16,1087.801154,3.053489902,0,0,1,0,84.64419906,0.035457107
25-12-2023,10,Customizable Dress,15,1087.801154,3.053489902,0,0,1,0,84.64419906,0.035457107
26-12-2023,1,Floral Sundress,29,1188.358639,1.804227879,0,0,,,59.48332699,0.328631771
26-12-2023,2,Evening Gown,12,1188.358639,1.804227879,0,0,,,59.48332699,0.328631771
26-12-2023,3,Business Casual Dress,28,1188.358639,1.804227879,0,0,,,59.48332699,0.328631771
26-12-2023,4,Sequin Party Dress,24,1188.358639,1.804227879,0,0,,,59.48332699,0.328631771
26-12-2023,5,Summer Maxi Dress,13,1188.358639,1.804227879,0,0,,,59.48332699,0.328631771
26-12-2023,6,Bridal Gown,21,1188.358639,1.804227879,0,0,,,59.48332699,0.328631771
26-12-2023,7,Traditional Ethnic Dress,15,1188.358639,1.804227879,0,0,,,59.48332699,0.328631771
26-12-2023,8,Maternity Nursing Dress,28,1188.358639,1.804227879,0,0,,,59.48332699,0.328631771
26-12-2023,9,Sporty Athleisure Dress,13,1188.358639,1.804227879,0,0,,,59.48332699,0.328631771
26-12-2023,10,Customizable Dress,24,1188.358639,1.804227879,0,0,,,59.48332699,0.328631771
27-12-2023,1,Floral Sundress,18,1559.002663,3.305287963,1,1,,,80.91868769,0.355990982
27-12-2023,2,Evening Gown,14,1559.002663,3.305287963,1,1,,,80.91868769,0.355990982
27-12-2023,3,Business Casual Dress,22,1559.002663,3.305287963,1,1,,,80.91868769,0.355990982
27-12-2023,4,Sequin Party Dress,27,1559.002663,3.305287963,1,1,,,80.91868769,0.355990982
27-12-2023,5,Summer Maxi Dress,14,1559.002663,3.305287963,1,1,,,80.91868769,0.355990982
27-12-2023,6,Bridal Gown,25,1559.002663,3.305287963,1,1,,,80.91868769,0.355990982
27-12-2023,7,Traditional Ethnic Dress,28,1559.002663,3.305287963,1,1,,,80.91868769,0.355990982
27-12-2023,8,Maternity Nursing Dress,23,1559.002663,3.305287963,1,1,,,80.91868769,0.355990982
27-12-2023,9,Sporty Athleisure Dress,25,1559.002663,3.305287963,1,1,,,80.91868769,0.355990982
27-12-2023,10,Customizable Dress,24,1559.002663,3.305287963,1,1,,,80.91868769,0.355990982
28-12-2023,1,Floral Sundress,13,1083.534361,1.169083904,1,0,,,81.19924091,0.511770999
28-12-2023,2,Evening Gown,16,1083.534361,1.169083904,1,0,,,81.19924091,0.511770999
28-12-2023,3,Business Casual Dress,25,1083.534361,1.169083904,1,0,,,81.19924091,0.511770999
28-12-2023,4,Sequin Party Dress,17,1083.534361,1.169083904,1,0,,,81.19924091,0.511770999
28-12-2023,5,Summer Maxi Dress,26,1083.534361,1.169083904,1,0,,,81.19924091,0.511770999
28-12-2023,6,Bridal Gown,25,1083.534361,1.169083904,1,0,,,81.19924091,0.511770999
28-12-2023,7,Traditional Ethnic Dress,19,1083.534361,1.169083904,1,0,,,81.19924091,0.511770999
28-12-2023,8,Maternity Nursing Dress,19,1083.534361,1.169083904,1,0,,,81.19924091,0.511770999
28-12-2023,9,Sporty Athleisure Dress,11,1083.534361,1.169083904,1,0,,,81.19924091,0.511770999
28-12-2023,10,Customizable Dress,18,1083.534361,1.169083904,1,0,,,81.19924091,0.511770999
29-12-2023,1,Floral Sundress,26,1986.466191,3.883244376,1,1,,,58.00625252,0.596701053
29-12-2023,2,Evening Gown,20,1986.466191,3.883244376,1,1,,,58.00625252,0.596701053
29-12-2023,3,Business Casual Dress,19,1986.466191,3.883244376,1,1,,,58.00625252,0.596701053
29-12-2023,4,Sequin Party Dress,26,1986.466191,3.883244376,1,1,,,58.00625252,0.596701053
29-12-2023,5,Summer Maxi Dress,13,1986.466191,3.883244376,1,1,,,58.00625252,0.596701053
29-12-2023,6,Bridal Gown,25,1986.466191,3.883244376,1,1,,,58.00625252,0.596701053
29-12-2023,7,Traditional Ethnic Dress,29,1986.466191,3.883244376,1,1,,,58.00625252,0.596701053
29-12-2023,8,Maternity Nursing Dress,24,1986.466191,3.883244376,1,1,,,58.00625252,0.596701053
29-12-2023,9,Sporty Athleisure Dress,14,1986.466191,3.883244376,1,1,,,58.00625252,0.596701053
29-12-2023,10,Customizable Dress,15,1986.466191,3.883244376,1,1,,,58.00625252,0.596701053
30-12-2023,1,Floral Sundress,26,1669.525919,3.901947763,0,1,,,79.7044291,0.381329274
30-12-2023,2,Evening Gown,10,1669.525919,3.901947763,0,1,,,79.7044291,0.381329274
30-12-2023,3,Business Casual Dress,28,1669.525919,3.901947763,0,1,,,79.7044291,0.381329274
30-12-2023,4,Sequin Party Dress,13,1669.525919,3.901947763,0,1,,,79.7044291,0.381329274
30-12-2023,5,Summer Maxi Dress,26,1669.525919,3.901947763,0,1,,,79.7044291,0.381329274
30-12-2023,6,Bridal Gown,18,1669.525919,3.901947763,0,1,,,79.7044291,0.381329274
30-12-2023,7,Traditional Ethnic Dress,11,1669.525919,3.901947763,0,1,,,79.7044291,0.381329274
30-12-2023,8,Maternity Nursing Dress,17,1669.525919,3.901947763,0,1,,,79.7044291,0.381329274
30-12-2023,9,Sporty Athleisure Dress,24,1669.525919,3.901947763,0,1,,,79.7044291,0.381329274
30-12-2023,10,Customizable Dress,16,1669.525919,3.901947763,0,1,,,79.7044291,0.381329274
31-12-2023,1,Floral Sundress,15,1564.95114,3.449412226,1,0,,,84.87031261,0.516122609
31-12-2023,2,Evening Gown,10,1564.95114,3.449412226,1,0,,,84.87031261,0.516122609
31-12-2023,3,Business Casual Dress,24,1564.95114,3.449412226,1,0,,,84.87031261,0.516122609
31-12-2023,4,Sequin Party Dress,16,1564.95114,3.449412226,1,0,,,84.87031261,0.516122609
31-12-2023,5,Summer Maxi Dress,26,1564.95114,3.449412226,1,0,,,84.87031261,0.516122609
31-12-2023,6,Bridal Gown,11,1564.95114,3.449412226,1,0,,,84.87031261,0.516122609
31-12-2023,7,Traditional Ethnic Dress,18,1564.95114,3.449412226,1,0,,,84.87031261,0.516122609
31-12-2023,8,Maternity Nursing Dress,18,1564.95114,3.449412226,1,0,,,84.87031261,0.516122609
31-12-2023,9,Sporty Athleisure Dress,22,1564.95114,3.449412226,1,0,,,84.87031261,0.516122609
31-12-2023,10,Customizable Dress,15,1564.95114,3.449412226,1,0,,,84.87031261,0.516122609
01-01-2024,1,Floral Sundress,15,1152.547306,1.046162016,1,0,1,0,67.66118527,0.12189983
01-01-2024,2,Evening Gown,29,1152.547306,1.046162016,1,0,1,0,67.66118527,0.12189983
01-01-2024,3,Business Casual Dress,29,1152.547306,1.046162016,1,0,1,0,67.66118527,0.12189983
01-01-2024,4,Sequin Party Dress,12,1152.547306,1.046162016,1,0,1,0,67.66118527,0.12189983
01-01-2024,5,Summer Maxi Dress,26,1152.547306,1.046162016,1,0,1,0,67.66118527,0.12189983
01-01-2024,6,Bridal Gown,26,1152.547306,1.046162016,1,0,1,0,67.66118527,0.12189983
01-01-2024,7,Traditional Ethnic Dress,21,1152.547306,1.046162016,1,0,1,0,67.66118527,0.12189983
01-01-2024,8,Maternity Nursing Dress,25,1152.547306,1.046162016,1,0,1,0,67.66118527,0.12189983
01-01-2024,9,Sporty Athleisure Dress,24,1152.547306,1.046162016,1,0,1,0,67.66118527,0.12189983
01-01-2024,10,Customizable Dress,22,1152.547306,1.046162016,1,0,1,0,67.66118527,0.12189983
02-01-2024,1,Floral Sundress,10,1054.880895,1.11255351,0,0,,,67.47311209,0.894454421
02-01-2024,2,Evening Gown,26,1054.880895,1.11255351,0,0,,,67.47311209,0.894454421
02-01-2024,3,Business Casual Dress,12,1054.880895,1.11255351,0,0,,,67.47311209,0.894454421
02-01-2024,4,Sequin Party Dress,24,1054.880895,1.11255351,0,0,,,67.47311209,0.894454421
02-01-2024,5,Summer Maxi Dress,13,1054.880895,1.11255351,0,0,,,67.47311209,0.894454421
02-01-2024,6,Bridal Gown,13,1054.880895,1.11255351,0,0,,,67.47311209,0.894454421
02-01-2024,7,Traditional Ethnic Dress,27,1054.880895,1.11255351,0,0,,,67.47311209,0.894454421
02-01-2024,8,Maternity Nursing Dress,26,1054.880895,1.11255351,0,0,,,67.47311209,0.894454421
02-01-2024,9,Sporty Athleisure Dress,28,1054.880895,1.11255351,0,0,,,67.47311209,0.894454421
02-01-2024,10,Customizable Dress,20,1054.880895,1.11255351,0,0,,,67.47311209,0.894454421
03-01-2024,1,Floral Sundress,29,1244.977603,2.593747574,1,0,,,83.54420651,0.010719687
03-01-2024,2,Evening Gown,12,1244.977603,2.593747574,1,0,,,83.54420651,0.010719687
03-01-2024,3,Business Casual Dress,17,1244.977603,2.593747574,1,0,,,83.54420651,0.010719687
03-01-2024,4,Sequin Party Dress,23,1244.977603,2.593747574,1,0,,,83.54420651,0.010719687
03-01-2024,5,Summer Maxi Dress,10,1244.977603,2.593747574,1,0,,,83.54420651,0.010719687
03-01-2024,6,Bridal Gown,23,1244.977603,2.593747574,1,0,,,83.54420651,0.010719687
03-01-2024,7,Traditional Ethnic Dress,11,1244.977603,2.593747574,1,0,,,83.54420651,0.010719687
03-01-2024,8,Maternity Nursing Dress,13,1244.977603,2.593747574,1,0,,,83.54420651,0.010719687
03-01-2024,9,Sporty Athleisure Dress,28,1244.977603,2.593747574,1,0,,,83.54420651,0.010719687
03-01-2024,10,Customizable Dress,15,1244.977603,2.593747574,1,0,,,83.54420651,0.010719687
04-01-2024,1,Floral Sundress,10,1804.514656,1.360361352,0,1,,,80.74788026,0.860579734
04-01-2024,2,Evening Gown,26,1804.514656,1.360361352,0,1,,,80.74788026,0.860579734
04-01-2024,3,Business Casual Dress,17,1804.514656,1.360361352,0,1,,,80.74788026,0.860579734
04-01-2024,4,Sequin Party Dress,28,1804.514656,1.360361352,0,1,,,80.74788026,0.860579734
04-01-2024,5,Summer Maxi Dress,10,1804.514656,1.360361352,0,1,,,80.74788026,0.860579734
04-01-2024,6,Bridal Gown,14,1804.514656,1.360361352,0,1,,,80.74788026,0.860579734
04-01-2024,7,Traditional Ethnic Dress,25,1804.514656,1.360361352,0,1,,,80.74788026,0.860579734
04-01-2024,8,Maternity Nursing Dress,15,1804.514656,1.360361352,0,1,,,80.74788026,0.860579734
04-01-2024,9,Sporty Athleisure Dress,17,1804.514656,1.360361352,0,1,,,80.74788026,0.860579734
04-01-2024,10,Customizable Dress,22,1804.514656,1.360361352,0,1,,,80.74788026,0.860579734
05-01-2024,1,Floral Sundress,25,1551.899868,3.529047972,0,0,,,66.57106575,0.410086057
05-01-2024,2,Evening Gown,12,1551.899868,3.529047972,0,0,,,66.57106575,0.410086057
05-01-2024,3,Business Casual Dress,28,1551.899868,3.529047972,0,0,,,66.57106575,0.410086057
05-01-2024,4,Sequin Party Dress,21,1551.899868,3.529047972,0,0,,,66.57106575,0.410086057
05-01-2024,5,Summer Maxi Dress,25,1551.899868,3.529047972,0,0,,,66.57106575,0.410086057
05-01-2024,6,Bridal Gown,20,1551.899868,3.529047972,0,0,,,66.57106575,0.410086057
05-01-2024,7,Traditional Ethnic Dress,19,1551.899868,3.529047972,0,0,,,66.57106575,0.410086057
05-01-2024,8,Maternity Nursing Dress,29,1551.899868,3.529047972,0,0,,,66.57106575,0.410086057
05-01-2024,9,Sporty Athleisure Dress,13,1551.899868,3.529047972,0,0,,,66.57106575,0.410086057
05-01-2024,10,Customizable Dress,21,1551.899868,3.529047972,0,0,,,66.57106575,0.410086057
06-01-2024,1,Floral Sundress,11,1118.394982,1.8729177,0,0,,,62.62997963,0.767586321
06-01-2024,2,Evening Gown,28,1118.394982,1.8729177,0,0,,,62.62997963,0.767586321
06-01-2024,3,Business Casual Dress,14,1118.394982,1.8729177,0,0,,,62.62997963,0.767586321
06-01-2024,4,Sequin Party Dress,17,1118.394982,1.8729177,0,0,,,62.62997963,0.767586321
06-01-2024,5,Summer Maxi Dress,16,1118.394982,1.8729177,0,0,,,62.62997963,0.767586321
06-01-2024,6,Bridal Gown,23,1118.394982,1.8729177,0,0,,,62.62997963,0.767586321
06-01-2024,7,Traditional Ethnic Dress,12,1118.394982,1.8729177,0,0,,,62.62997963,0.767586321
06-01-2024,8,Maternity Nursing Dress,27,1118.394982,1.8729177,0,0,,,62.62997963,0.767586321
06-01-2024,9,Sporty Athleisure Dress,25,1118.394982,1.8729177,0,0,,,62.62997963,0.767586321
06-01-2024,10,Customizable Dress,28,1118.394982,1.8729177,0,0,,,62.62997963,0.767586321
07-01-2024,1,Floral Sundress,28,1057.486411,1.028994241,1,1,,,82.37380427,0.648505121
07-01-2024,2,Evening Gown,27,1057.486411,1.028994241,1,1,,,82.37380427,0.648505121
07-01-2024,3,Business Casual Dress,29,1057.486411,1.028994241,1,1,,,82.37380427,0.648505121
07-01-2024,4,Sequin Party Dress,25,1057.486411,1.028994241,1,1,,,82.37380427,0.648505121
07-01-2024,5,Summer Maxi Dress,17,1057.486411,1.028994241,1,1,,,82.37380427,0.648505121
07-01-2024,6,Bridal Gown,10,1057.486411,1.028994241,1,1,,,82.37380427,0.648505121
07-01-2024,7,Traditional Ethnic Dress,26,1057.486411,1.028994241,1,1,,,82.37380427,0.648505121
07-01-2024,8,Maternity Nursing Dress,21,1057.486411,1.028994241,1,1,,,82.37380427,0.648505121
07-01-2024,9,Sporty Athleisure Dress,20,1057.486411,1.028994241,1,1,,,82.37380427,0.648505121
07-01-2024,10,Customizable Dress,14,1057.486411,1.028994241,1,1,,,82.37380427,0.648505121
08-01-2024,1,Floral Sundress,21,1080.785685,4.584959756,0,1,,,52.48220043,0.852400492
08-01-2024,2,Evening Gown,26,1080.785685,4.584959756,0,1,,,52.48220043,0.852400492
08-01-2024,3,Business Casual Dress,15,1080.785685,4.584959756,0,1,,,52.48220043,0.852400492
08-01-2024,4,Sequin Party Dress,10,1080.785685,4.584959756,0,1,,,52.48220043,0.852400492
08-01-2024,5,Summer Maxi Dress,14,1080.785685,4.584959756,0,1,,,52.48220043,0.852400492
08-01-2024,6,Bridal Gown,23,1080.785685,4.584959756,0,1,,,52.48220043,0.852400492
08-01-2024,7,Traditional Ethnic Dress,14,1080.785685,4.584959756,0,1,,,52.48220043,0.852400492
08-01-2024,8,Maternity Nursing Dress,10,1080.785685,4.584959756,0,1,,,52.48220043,0.852400492
08-01-2024,9,Sporty Athleisure Dress,27,1080.785685,4.584959756,0,1,,,52.48220043,0.852400492
08-01-2024,10,Customizable Dress,25,1080.785685,4.584959756,0,1,,,52.48220043,0.852400492
09-01-2024,1,Floral Sundress,18,1935.535991,2.689881141,0,0,,,78.83825696,0.83139772
09-01-2024,2,Evening Gown,28,1935.535991,2.689881141,0,0,,,78.83825696,0.83139772
09-01-2024,3,Business Casual Dress,14,1935.535991,2.689881141,0,0,,,78.83825696,0.83139772
09-01-2024,4,Sequin Party Dress,11,1935.535991,2.689881141,0,0,,,78.83825696,0.83139772
09-01-2024,5,Summer Maxi Dress,24,1935.535991,2.689881141,0,0,,,78.83825696,0.83139772
09-01-2024,6,Bridal Gown,16,1935.535991,2.689881141,0,0,,,78.83825696,0.83139772
09-01-2024,7,Traditional Ethnic Dress,13,1935.535991,2.689881141,0,0,,,78.83825696,0.83139772
09-01-2024,8,Maternity Nursing Dress,10,1935.535991,2.689881141,0,0,,,78.83825696,0.83139772
09-01-2024,9,Sporty Athleisure Dress,22,1935.535991,2.689881141,0,0,,,78.83825696,0.83139772
09-01-2024,10,Customizable Dress,29,1935.535991,2.689881141,0,0,,,78.83825696,0.83139772
10-01-2024,1,Floral Sundress,16,1257.262366,1.080425794,1,0,,,87.04530378,0.821231798
10-01-2024,2,Evening Gown,24,1257.262366,1.080425794,1,0,,,87.04530378,0.821231798
10-01-2024,3,Business Casual Dress,23,1257.262366,1.080425794,1,0,,,87.04530378,0.821231798
10-01-2024,4,Sequin Party Dress,28,1257.262366,1.080425794,1,0,,,87.04530378,0.821231798
10-01-2024,5,Summer Maxi Dress,29,1257.262366,1.080425794,1,0,,,87.04530378,0.821231798
10-01-2024,6,Bridal Gown,27,1257.262366,1.080425794,1,0,,,87.04530378,0.821231798
10-01-2024,7,Traditional Ethnic Dress,19,1257.262366,1.080425794,1,0,,,87.04530378,0.821231798
10-01-2024,8,Maternity Nursing Dress,18,1257.262366,1.080425794,1,0,,,87.04530378,0.821231798
10-01-2024,9,Sporty Athleisure Dress,17,1257.262366,1.080425794,1,0,,,87.04530378,0.821231798
10-01-2024,10,Customizable Dress,19,1257.262366,1.080425794,1,0,,,87.04530378,0.821231798
11-01-2024,1,Floral Sundress,26,1906.868137,3.404213869,1,1,,,60.86701708,0.58708505
11-01-2024,2,Evening Gown,11,1906.868137,3.404213869,1,1,,,60.86701708,0.58708505
11-01-2024,3,Business Casual Dress,15,1906.868137,3.404213869,1,1,,,60.86701708,0.58708505
11-01-2024,4,Sequin Party Dress,14,1906.868137,3.404213869,1,1,,,60.86701708,0.58708505
11-01-2024,5,Summer Maxi Dress,18,1906.868137,3.404213869,1,1,,,60.86701708,0.58708505
11-01-2024,6,Bridal Gown,14,1906.868137,3.404213869,1,1,,,60.86701708,0.58708505
11-01-2024,7,Traditional Ethnic Dress,27,1906.868137,3.404213869,1,1,,,60.86701708,0.58708505
11-01-2024,8,Maternity Nursing Dress,29,1906.868137,3.404213869,1,1,,,60.86701708,0.58708505
11-01-2024,9,Sporty Athleisure Dress,18,1906.868137,3.404213869,1,1,,,60.86701708,0.58708505
11-01-2024,10,Customizable Dress,26,1906.868137,3.404213869,1,1,,,60.86701708,0.58708505
12-01-2024,1,Floral Sundress,26,1619.820757,4.562032401,1,0,,,83.63311965,0.598422961
12-01-2024,2,Evening Gown,21,1619.820757,4.562032401,1,0,,,83.63311965,0.598422961
12-01-2024,3,Business Casual Dress,16,1619.820757,4.562032401,1,0,,,83.63311965,0.598422961
12-01-2024,4,Sequin Party Dress,12,1619.820757,4.562032401,1,0,,,83.63311965,0.598422961
12-01-2024,5,Summer Maxi Dress,19,1619.820757,4.562032401,1,0,,,83.63311965,0.598422961
12-01-2024,6,Bridal Gown,11,1619.820757,4.562032401,1,0,,,83.63311965,0.598422961
12-01-2024,7,Traditional Ethnic Dress,12,1619.820757,4.562032401,1,0,,,83.63311965,0.598422961
12-01-2024,8,Maternity Nursing Dress,25,1619.820757,4.562032401,1,0,,,83.63311965,0.598422961
12-01-2024,9,Sporty Athleisure Dress,11,1619.820757,4.562032401,1,0,,,83.63311965,0.598422961
12-01-2024,10,Customizable Dress,19,1619.820757,4.562032401,1,0,,,83.63311965,0.598422961
13-01-2024,1,Floral Sundress,15,1265.308293,1.778316886,0,1,,,70.09120166,0.196390513
13-01-2024,2,Evening Gown,20,1265.308293,1.778316886,0,1,,,70.09120166,0.196390513
13-01-2024,3,Business Casual Dress,16,1265.308293,1.778316886,0,1,,,70.09120166,0.196390513
13-01-2024,4,Sequin Party Dress,24,1265.308293,1.778316886,0,1,,,70.09120166,0.196390513
13-01-2024,5,Summer Maxi Dress,15,1265.308293,1.778316886,0,1,,,70.09120166,0.196390513
13-01-2024,6,Bridal Gown,29,1265.308293,1.778316886,0,1,,,70.09120166,0.196390513
13-01-2024,7,Traditional Ethnic Dress,18,1265.308293,1.778316886,0,1,,,70.09120166,0.196390513
13-01-2024,8,Maternity Nursing Dress,29,1265.308293,1.778316886,0,1,,,70.09120166,0.196390513
13-01-2024,9,Sporty Athleisure Dress,21,1265.308293,1.778316886,0,1,,,70.09120166,0.196390513
13-01-2024,10,Customizable Dress,28,1265.308293,1.778316886,0,1,,,70.09120166,0.196390513
14-01-2024,1,Floral Sundress,29,1885.117253,1.411691409,1,0,,,64.82929906,0.410437444
14-01-2024,2,Evening Gown,12,1885.117253,1.411691409,1,0,,,64.82929906,0.410437444
14-01-2024,3,Business Casual Dress,24,1885.117253,1.411691409,1,0,,,64.82929906,0.410437444
14-01-2024,4,Sequin Party Dress,11,1885.117253,1.411691409,1,0,,,64.82929906,0.410437444
14-01-2024,5,Summer Maxi Dress,11,1885.117253,1.411691409,1,0,,,64.82929906,0.410437444
14-01-2024,6,Bridal Gown,12,1885.117253,1.411691409,1,0,,,64.82929906,0.410437444
14-01-2024,7,Traditional Ethnic Dress,15,1885.117253,1.411691409,1,0,,,64.82929906,0.410437444
14-01-2024,8,Maternity Nursing Dress,24,1885.117253,1.411691409,1,0,,,64.82929906,0.410437444
14-01-2024,9,Sporty Athleisure Dress,19,1885.117253,1.411691409,1,0,,,64.82929906,0.410437444
14-01-2024,10,Customizable Dress,18,1885.117253,1.411691409,1,0,,,64.82929906,0.410437444
15-01-2024,1,Floral Sundress,10,1499.529727,3.451583339,0,0,,,87.66897052,0.054110273
15-01-2024,2,Evening Gown,25,1499.529727,3.451583339,0,0,,,87.66897052,0.054110273
15-01-2024,3,Business Casual Dress,15,1499.529727,3.451583339,0,0,,,87.66897052,0.054110273
15-01-2024,4,Sequin Party Dress,18,1499.529727,3.451583339,0,0,,,87.66897052,0.054110273
15-01-2024,5,Summer Maxi Dress,13,1499.529727,3.451583339,0,0,,,87.66897052,0.054110273
15-01-2024,6,Bridal Gown,11,1499.529727,3.451583339,0,0,,,87.66897052,0.054110273
15-01-2024,7,Traditional Ethnic Dress,13,1499.529727,3.451583339,0,0,,,87.66897052,0.054110273
15-01-2024,8,Maternity Nursing Dress,10,1499.529727,3.451583339,0,0,,,87.66897052,0.054110273
15-01-2024,9,Sporty Athleisure Dress,28,1499.529727,3.451583339,0,0,,,87.66897052,0.054110273
15-01-2024,10,Customizable Dress,19,1499.529727,3.451583339,0,0,,,87.66897052,0.054110273
16-01-2024,1,Floral Sundress,24,1201.883965,3.245864835,0,1,,,79.61814454,0.030016279
16-01-2024,2,Evening Gown,28,1201.883965,3.245864835,0,1,,,79.61814454,0.030016279
16-01-2024,3,Business Casual Dress,25,1201.883965,3.245864835,0,1,,,79.61814454,0.030016279
16-01-2024,4,Sequin Party Dress,13,1201.883965,3.245864835,0,1,,,79.61814454,0.030016279
16-01-2024,5,Summer Maxi Dress,11,1201.883965,3.245864835,0,1,,,79.61814454,0.030016279
16-01-2024,6,Bridal Gown,22,1201.883965,3.245864835,0,1,,,79.61814454,0.030016279
16-01-2024,7,Traditional Ethnic Dress,10,1201.883965,3.245864835,0,1,,,79.61814454,0.030016279
16-01-2024,8,Maternity Nursing Dress,26,1201.883965,3.245864835,0,1,,,79.61814454,0.030016279
16-01-2024,9,Sporty Athleisure Dress,22,1201.883965,3.245864835,0,1,,,79.61814454,0.030016279
16-01-2024,10,Customizable Dress,13,1201.883965,3.245864835,0,1,,,79.61814454,0.030016279
17-01-2024,1,Floral Sundress,16,1630.747985,1.924216611,0,0,,,59.04322347,0.265270871
17-01-2024,2,Evening Gown,26,1630.747985,1.924216611,0,0,,,59.04322347,0.265270871
17-01-2024,3,Business Casual Dress,18,1630.747985,1.924216611,0,0,,,59.04322347,0.265270871
17-01-2024,4,Sequin Party Dress,13,1630.747985,1.924216611,0,0,,,59.04322347,0.265270871
17-01-2024,5,Summer Maxi Dress,28,1630.747985,1.924216611,0,0,,,59.04322347,0.265270871
17-01-2024,6,Bridal Gown,10,1630.747985,1.924216611,0,0,,,59.04322347,0.265270871
17-01-2024,7,Traditional Ethnic Dress,19,1630.747985,1.924216611,0,0,,,59.04322347,0.265270871
17-01-2024,8,Maternity Nursing Dress,13,1630.747985,1.924216611,0,0,,,59.04322347,0.265270871
17-01-2024,9,Sporty Athleisure Dress,18,1630.747985,1.924216611,0,0,,,59.04322347,0.265270871
17-01-2024,10,Customizable Dress,22,1630.747985,1.924216611,0,0,,,59.04322347,0.265270871
18-01-2024,1,Floral Sundress,23,1485.543288,3.22980736,1,1,,,71.47651796,0.74853688
18-01-2024,2,Evening Gown,19,1485.543288,3.22980736,1,1,,,71.47651796,0.74853688
18-01-2024,3,Business Casual Dress,15,1485.543288,3.22980736,1,1,,,71.47651796,0.74853688
18-01-2024,4,Sequin Party Dress,25,1485.543288,3.22980736,1,1,,,71.47651796,0.74853688
18-01-2024,5,Summer Maxi Dress,15,1485.543288,3.22980736,1,1,,,71.47651796,0.74853688
18-01-2024,6,Bridal Gown,26,1485.543288,3.22980736,1,1,,,71.47651796,0.74853688
18-01-2024,7,Traditional Ethnic Dress,19,1485.543288,3.22980736,1,1,,,71.47651796,0.74853688
18-01-2024,8,Maternity Nursing Dress,27,1485.543288,3.22980736,1,1,,,71.47651796,0.74853688
18-01-2024,9,Sporty Athleisure Dress,27,1485.543288,3.22980736,1,1,,,71.47651796,0.74853688
18-01-2024,10,Customizable Dress,12,1485.543288,3.22980736,1,1,,,71.47651796,0.74853688
19-01-2024,1,Floral Sundress,29,1805.67835,1.152498911,1,0,,,73.62372255,0.247140934
19-01-2024,2,Evening Gown,24,1805.67835,1.152498911,1,0,,,73.62372255,0.247140934
19-01-2024,3,Business Casual Dress,24,1805.67835,1.152498911,1,0,,,73.62372255,0.247140934
19-01-2024,4,Sequin Party Dress,13,1805.67835,1.152498911,1,0,,,73.62372255,0.247140934
19-01-2024,5,Summer Maxi Dress,18,1805.67835,1.152498911,1,0,,,73.62372255,0.247140934
19-01-2024,6,Bridal Gown,28,1805.67835,1.152498911,1,0,,,73.62372255,0.247140934
19-01-2024,7,Traditional Ethnic Dress,26,1805.67835,1.152498911,1,0,,,73.62372255,0.247140934
19-01-2024,8,Maternity Nursing Dress,20,1805.67835,1.152498911,1,0,,,73.62372255,0.247140934
19-01-2024,9,Sporty Athleisure Dress,18,1805.67835,1.152498911,1,0,,,73.62372255,0.247140934
19-01-2024,10,Customizable Dress,19,1805.67835,1.152498911,1,0,,,73.62372255,0.247140934
20-01-2024,1,Floral Sundress,27,1259.823297,4.10257179,0,0,,,68.10518401,0.839683506
20-01-2024,2,Evening Gown,29,1259.823297,4.10257179,0,0,,,68.10518401,0.839683506
20-01-2024,3,Business Casual Dress,22,1259.823297,4.10257179,0,0,,,68.10518401,0.839683506
20-01-2024,4,Sequin Party Dress,17,1259.823297,4.10257179,0,0,,,68.10518401,0.839683506
20-01-2024,5,Summer Maxi Dress,16,1259.823297,4.10257179,0,0,,,68.10518401,0.839683506
20-01-2024,6,Bridal Gown,26,1259.823297,4.10257179,0,0,,,68.10518401,0.839683506
20-01-2024,7,Traditional Ethnic Dress,24,1259.823297,4.10257179,0,0,,,68.10518401,0.839683506
20-01-2024,8,Maternity Nursing Dress,29,1259.823297,4.10257179,0,0,,,68.10518401,0.839683506
20-01-2024,9,Sporty Athleisure Dress,24,1259.823297,4.10257179,0,0,,,68.10518401,0.839683506
20-01-2024,10,Customizable Dress,10,1259.823297,4.10257179,0,0,,,68.10518401,0.839683506
21-01-2024,1,Floral Sundress,23,1328.719779,4.689524392,1,0,,,73.05581283,0.028322458
21-01-2024,2,Evening Gown,14,1328.719779,4.689524392,1,0,,,73.05581283,0.028322458
21-01-2024,3,Business Casual Dress,20,1328.719779,4.689524392,1,0,,,73.05581283,0.028322458
21-01-2024,4,Sequin Party Dress,25,1328.719779,4.689524392,1,0,,,73.05581283,0.028322458
21-01-2024,5,Summer Maxi Dress,11,1328.719779,4.689524392,1,0,,,73.05581283,0.028322458
21-01-2024,6,Bridal Gown,17,1328.719779,4.689524392,1,0,,,73.05581283,0.028322458
21-01-2024,7,Traditional Ethnic Dress,20,1328.719779,4.689524392,1,0,,,73.05581283,0.028322458
21-01-2024,8,Maternity Nursing Dress,27,1328.719779,4.689524392,1,0,,,73.05581283,0.028322458
21-01-2024,9,Sporty Athleisure Dress,12,1328.719779,4.689524392,1,0,,,73.05581283,0.028322458
21-01-2024,10,Customizable Dress,10,1328.719779,4.689524392,1,0,,,73.05581283,0.028322458
22-01-2024,1,Floral Sundress,20,1939.296926,1.808747912,0,1,,,66.78748744,0.68121632
22-01-2024,2,Evening Gown,25,1939.296926,1.808747912,0,1,,,66.78748744,0.68121632
22-01-2024,3,Business Casual Dress,27,1939.296926,1.808747912,0,1,,,66.78748744,0.68121632
22-01-2024,4,Sequin Party Dress,25,1939.296926,1.808747912,0,1,,,66.78748744,0.68121632
22-01-2024,5,Summer Maxi Dress,19,1939.296926,1.808747912,0,1,,,66.78748744,0.68121632
22-01-2024,6,Bridal Gown,27,1939.296926,1.808747912,0,1,,,66.78748744,0.68121632
22-01-2024,7,Traditional Ethnic Dress,15,1939.296926,1.808747912,0,1,,,66.78748744,0.68121632
22-01-2024,8,Maternity Nursing Dress,28,1939.296926,1.808747912,0,1,,,66.78748744,0.68121632
22-01-2024,9,Sporty Athleisure Dress,13,1939.296926,1.808747912,0,1,,,66.78748744,0.68121632
22-01-2024,10,Customizable Dress,22,1939.296926,1.808747912,0,1,,,66.78748744,0.68121632
23-01-2024,1,Floral Sundress,23,1355.655858,3.380700878,1,0,,,54.59276832,0.359811305
23-01-2024,2,Evening Gown,12,1355.655858,3.380700878,1,0,,,54.59276832,0.359811305
23-01-2024,3,Business Casual Dress,19,1355.655858,3.380700878,1,0,,,54.59276832,0.359811305
23-01-2024,4,Sequin Party Dress,15,1355.655858,3.380700878,1,0,,,54.59276832,0.359811305
23-01-2024,5,Summer Maxi Dress,10,1355.655858,3.380700878,1,0,,,54.59276832,0.359811305
23-01-2024,6,Bridal Gown,23,1355.655858,3.380700878,1,0,,,54.59276832,0.359811305
23-01-2024,7,Traditional Ethnic Dress,17,1355.655858,3.380700878,1,0,,,54.59276832,0.359811305
23-01-2024,8,Maternity Nursing Dress,28,1355.655858,3.380700878,1,0,,,54.59276832,0.359811305
23-01-2024,9,Sporty Athleisure Dress,23,1355.655858,3.380700878,1,0,,,54.59276832,0.359811305
23-01-2024,10,Customizable Dress,19,1355.655858,3.380700878,1,0,,,54.59276832,0.359811305
24-01-2024,1,Floral Sundress,26,1588.556405,2.243473081,1,1,,,51.97485545,0.720431919
24-01-2024,2,Evening Gown,18,1588.556405,2.243473081,1,1,,,51.97485545,0.720431919
24-01-2024,3,Business Casual Dress,15,1588.556405,2.243473081,1,1,,,51.97485545,0.720431919
24-01-2024,4,Sequin Party Dress,20,1588.556405,2.243473081,1,1,,,51.97485545,0.720431919
24-01-2024,5,Summer Maxi Dress,16,1588.556405,2.243473081,1,1,,,51.97485545,0.720431919
24-01-2024,6,Bridal Gown,26,1588.556405,2.243473081,1,1,,,51.97485545,0.720431919
24-01-2024,7,Traditional Ethnic Dress,10,1588.556405,2.243473081,1,1,,,51.97485545,0.720431919
24-01-2024,8,Maternity Nursing Dress,14,1588.556405,2.243473081,1,1,,,51.97485545,0.720431919
24-01-2024,9,Sporty Athleisure Dress,18,1588.556405,2.243473081,1,1,,,51.97485545,0.720431919
24-01-2024,10,Customizable Dress,27,1588.556405,2.243473081,1,1,,,51.97485545,0.720431919
25-01-2024,1,Floral Sundress,11,1485.189698,2.534037821,1,0,,,61.04036025,0.021670692
25-01-2024,2,Evening Gown,20,1485.189698,2.534037821,1,0,,,61.04036025,0.021670692
25-01-2024,3,Business Casual Dress,15,1485.189698,2.534037821,1,0,,,61.04036025,0.021670692
25-01-2024,4,Sequin Party Dress,17,1485.189698,2.534037821,1,0,,,61.04036025,0.021670692
25-01-2024,5,Summer Maxi Dress,13,1485.189698,2.534037821,1,0,,,61.04036025,0.021670692
25-01-2024,6,Bridal Gown,27,1485.189698,2.534037821,1,0,,,61.04036025,0.021670692
25-01-2024,7,Traditional Ethnic Dress,20,1485.189698,2.534037821,1,0,,,61.04036025,0.021670692
25-01-2024,8,Maternity Nursing Dress,14,1485.189698,2.534037821,1,0,,,61.04036025,0.021670692
25-01-2024,9,Sporty Athleisure Dress,24,1485.189698,2.534037821,1,0,,,61.04036025,0.021670692
25-01-2024,10,Customizable Dress,27,1485.189698,2.534037821,1,0,,,61.04036025,0.021670692
26-01-2024,1,Floral Sundress,11,1293.076417,3.76472616,1,0,,,65.42796697,0.825166974
26-01-2024,2,Evening Gown,20,1293.076417,3.76472616,1,0,,,65.42796697,0.825166974
26-01-2024,3,Business Casual Dress,22,1293.076417,3.76472616,1,0,,,65.42796697,0.825166974
26-01-2024,4,Sequin Party Dress,13,1293.076417,3.76472616,1,0,,,65.42796697,0.825166974
26-01-2024,5,Summer Maxi Dress,16,1293.076417,3.76472616,1,0,,,65.42796697,0.825166974
26-01-2024,6,Bridal Gown,20,1293.076417,3.76472616,1,0,,,65.42796697,0.825166974
26-01-2024,7,Traditional Ethnic Dress,13,1293.076417,3.76472616,1,0,,,65.42796697,0.825166974
26-01-2024,8,Maternity Nursing Dress,24,1293.076417,3.76472616,1,0,,,65.42796697,0.825166974
26-01-2024,9,Sporty Athleisure Dress,10,1293.076417,3.76472616,1,0,,,65.42796697,0.825166974
26-01-2024,10,Customizable Dress,12,1293.076417,3.76472616,1,0,,,65.42796697,0.825166974
27-01-2024,1,Floral Sundress,23,1439.888812,2.913524782,0,1,,,72.04274198,0.363557481
27-01-2024,2,Evening Gown,15,1439.888812,2.913524782,0,1,,,72.04274198,0.363557481
27-01-2024,3,Business Casual Dress,27,1439.888812,2.913524782,0,1,,,72.04274198,0.363557481
27-01-2024,4,Sequin Party Dress,10,1439.888812,2.913524782,0,1,,,72.04274198,0.363557481
27-01-2024,5,Summer Maxi Dress,15,1439.888812,2.913524782,0,1,,,72.04274198,0.363557481
27-01-2024,6,Bridal Gown,15,1439.888812,2.913524782,0,1,,,72.04274198,0.363557481
27-01-2024,7,Traditional Ethnic Dress,25,1439.888812,2.913524782,0,1,,,72.04274198,0.363557481
27-01-2024,8,Maternity Nursing Dress,14,1439.888812,2.913524782,0,1,,,72.04274198,0.363557481
27-01-2024,9,Sporty Athleisure Dress,26,1439.888812,2.913524782,0,1,,,72.04274198,0.363557481
27-01-2024,10,Customizable Dress,19,1439.888812,2.913524782,0,1,,,72.04274198,0.363557481
28-01-2024,1,Floral Sundress,27,1587.966999,1.554838723,1,1,,,54.78982063,0.774619834
28-01-2024,2,Evening Gown,16,1587.966999,1.554838723,1,1,,,54.78982063,0.774619834
28-01-2024,3,Business Casual Dress,12,1587.966999,1.554838723,1,1,,,54.78982063,0.774619834
28-01-2024,4,Sequin Party Dress,22,1587.966999,1.554838723,1,1,,,54.78982063,0.774619834
28-01-2024,5,Summer Maxi Dress,24,1587.966999,1.554838723,1,1,,,54.78982063,0.774619834
28-01-2024,6,Bridal Gown,29,1587.966999,1.554838723,1,1,,,54.78982063,0.774619834
28-01-2024,7,Traditional Ethnic Dress,28,1587.966999,1.554838723,1,1,,,54.78982063,0.774619834
28-01-2024,8,Maternity Nursing Dress,12,1587.966999,1.554838723,1,1,,,54.78982063,0.774619834
28-01-2024,9,Sporty Athleisure Dress,13,1587.966999,1.554838723,1,1,,,54.78982063,0.774619834
28-01-2024,10,Customizable Dress,14,1587.966999,1.554838723,1,1,,,54.78982063,0.774619834
29-01-2024,1,Floral Sundress,10,1655.825198,1.845391591,1,0,,,75.92234351,0.938931581
29-01-2024,2,Evening Gown,13,1655.825198,1.845391591,1,0,,,75.92234351,0.938931581
29-01-2024,3,Business Casual Dress,21,1655.825198,1.845391591,1,0,,,75.92234351,0.938931581
29-01-2024,4,Sequin Party Dress,19,1655.825198,1.845391591,1,0,,,75.92234351,0.938931581
29-01-2024,5,Summer Maxi Dress,29,1655.825198,1.845391591,1,0,,,75.92234351,0.938931581
29-01-2024,6,Bridal Gown,22,1655.825198,1.845391591,1,0,,,75.92234351,0.938931581
29-01-2024,7,Traditional Ethnic Dress,23,1655.825198,1.845391591,1,0,,,75.92234351,0.938931581
29-01-2024,8,Maternity Nursing Dress,14,1655.825198,1.845391591,1,0,,,75.92234351,0.938931581
29-01-2024,9,Sporty Athleisure Dress,13,1655.825198,1.845391591,1,0,,,75.92234351,0.938931581
29-01-2024,10,Customizable Dress,23,1655.825198,1.845391591,1,0,,,75.92234351,0.938931581
30-01-2024,1,Floral Sundress,19,1779.367817,4.802600868,0,0,,,69.50688323,0.895583882
30-01-2024,2,Evening Gown,26,1779.367817,4.802600868,0,0,,,69.50688323,0.895583882
30-01-2024,3,Business Casual Dress,19,1779.367817,4.802600868,0,0,,,69.50688323,0.895583882
30-01-2024,4,Sequin Party Dress,16,1779.367817,4.802600868,0,0,,,69.50688323,0.895583882
30-01-2024,5,Summer Maxi Dress,25,1779.367817,4.802600868,0,0,,,69.50688323,0.895583882
30-01-2024,6,Bridal Gown,10,1779.367817,4.802600868,0,0,,,69.50688323,0.895583882
30-01-2024,7,Traditional Ethnic Dress,26,1779.367817,4.802600868,0,0,,,69.50688323,0.895583882
30-01-2024,8,Maternity Nursing Dress,18,1779.367817,4.802600868,0,0,,,69.50688323,0.895583882
30-01-2024,9,Sporty Athleisure Dress,15,1779.367817,4.802600868,0,0,,,69.50688323,0.895583882
30-01-2024,10,Customizable Dress,28,1779.367817,4.802600868,0,0,,,69.50688323,0.895583882
